{"stats":{"minecraft:picked_up":{"minecraft:charcoal":2,"minecraft:purple_dye":1,"minecraft:oak_stairs":8,"minecraft:birch_planks":50,"chisel:iron_chisel":1,"minecraft:ancient_debris":1,"minecraft:stone_brick_stairs":57,"evilcraft:flesh_humanoid":2,"minecraft:yellow_bed":2,"minecraft:cobblestone_stairs":1,"minecraft:dirt":96,"minecraft:lantern":1,"minecraft:purple_carpet":2,"minecraft:bone":2,"minecraft:glass_pane":6,"minecraft:apple":8,"minecraft:stone_bricks":110,"artifacts:kitty_slippers":1,"minecraft:player_head":1,"minecraft:mossy_stone_bricks":1,"minecraft:oak_planks":1,"minecraft:oak_slab":42,"minecraft:stick":8,"patchouli:guide_book":1,"minecraft:torch":1,"minecraft:oak_fence":4,"minecraft:stone_brick_slab":140,"chisel:marble/raw":274,"minecraft:spruce_stairs":12,"sophisticatedbackpacks:backpack":1,"minecraft:cookie":1,"minecraft:music_disc_pigstep":1,"minecraft:arrow":2,"minecraft:diamond":1,"minecraft:diamond_boots":1,"tombstone:magic_scroll":1,"minecraft:white_wool":2},"minecraft:mined":{"minecraft:oak_slab":41,"minecraft:cobblestone_stairs":1,"minecraft:stone_brick_slab":142,"minecraft:oak_fence":1,"minecraft:campfire":1,"minecraft:oak_planks":1,"minecraft:wall_torch":1,"minecraft:spruce_stairs":2,"minecraft:birch_planks":36,"chisel:marble/raw":143,"minecraft:yellow_bed":2,"minecraft:stone_brick_stairs":59,"minecraft:grass":1,"minecraft:vine":1,"minecraft:oak_stairs":8,"minecraft:purple_carpet":2,"minecraft:lantern":1,"minecraft:dirt":85,"minecraft:stone_bricks":110,"sophisticatedbackpacks:backpack":1,"minecraft:mossy_stone_bricks":1},"minecraft:dropped":{"minecraft:bread":7,"minecraft:ancient_debris":1,"minecraft:player_head":1,"alexsmobs:animal_dictionary":1,"minecraft:diamond":1,"evilcraft:flesh_humanoid":1,"patchouli:guide_book":1,"minecraft:poppy":1},"minecraft:killed_by":{"minecraft:spider":1,"iceandfire:ghost":1},"minecraft:broken":{"minecraft:iron_axe":1,"minecraft:iron_pickaxe":1},"minecraft:crafted":{"iceandfire:silver_axe":1,"minecraft:oak_slab":12,"minecraft:purple_bed":1,"minecraft:iron_nugget":27,"iceandfire:dragon_stick":1,"iceandfire:silver_shovel":1,"minecraft:bread":22,"minecraft:lantern":1,"minecraft:stone_brick_stairs":40,"minecraft:stone_brick_slab":42,"minecraft:stick":24,"minecraft:iron_ingot":19,"minecraft:oak_stairs":8,"minecraft:white_bed":1,"minecraft:oak_fence":6,"minecraft:shears":1},"minecraft:custom":{"minecraft:interact_with_furnace":4,"minecraft:interact_with_crafting_table":23,"minecraft:open_barrel":12,"minecraft:play_one_minute":174814,"minecraft:leave_game":2,"minecraft:time_since_death":119849,"minecraft:sleep_in_bed":5,"minecraft:climb_one_cm":1288,"minecraft:time_since_rest":8584,"minecraft:sprint_one_cm":114782,"minecraft:damage_taken":1521,"minecraft:walk_one_cm":734817,"minecraft:trigger_trapped_chest":13,"minecraft:drop":14,"minecraft:damage_dealt":90,"minecraft:fly_one_cm":39209,"minecraft:open_chest":64,"minecraft:crouch_one_cm":8757,"minecraft:deaths":3,"minecraft:sneak_time":4659,"minecraft:jump":940,"minecraft:interact_with_blast_furnace":1,"minecraft:interact_with_smoker":1,"minecraft:fall_one_cm":28808},"minecraft:used":{"minecraft:oak_fence":7,"minecraft:birch_planks":22,"minecraft:oak_planks":20,"minecraft:torch":4,"minecraft:dirt":111,"minecraft:oak_slab":44,"minecraft:spruce_stairs":4,"iceandfire:silver_axe":68,"minecraft:spruce_log":1,"minecraft:birch_door":2,"minecraft:stone_brick_slab":188,"sophisticatedbackpacks:backpack":1,"minecraft:diamond_pickaxe":448,"minecraft:apple":11,"minecraft:lantern":5,"minecraft:iron_axe":22,"minecraft:oak_stairs":16,"minecraft:bread":8,"minecraft:iron_pickaxe":17,"chisel:marble/raw":199,"minecraft:stone_brick_stairs":113,"minecraft:stone_bricks":2,"minecraft:cobblestone":2,"minecraft:purple_bed":1,"minecraft:glass_pane":17,"minecraft:yellow_bed":1,"alexsmobs:animal_dictionary":1,"iceandfire:silver_shovel":54,"minecraft:air":2}},"DataVersion":2586}