{"stats":{"minecraft:crafted":{"minecraft:oak_slab":12,"minecraft:iron_nugget":54,"minecraft:crafting_table":1,"minecraft:birch_planks":92,"minecraft:oak_wood":3,"minecraft:glass_pane":64,"minecraft:glass":41,"minecraft:lantern":6,"minecraft:stone_brick_stairs":12,"minecraft:stone_brick_slab":36,"minecraft:iron_axe":1,"minecraft:stick":24,"minecraft:oak_stairs":8,"minecraft:cobblestone_wall":12,"minecraft:birch_door":6,"minecraft:torch":16,"minecraft:oak_fence":9},"minecraft:dropped":{"minecraft:bread":1,"minecraft:baked_potato":3,"travelersbackpack:standard":1,"evilcraft:flesh_humanoid":1,"tombstone:grave_key":1},"minecraft:used":{"minecraft:oak_fence":12,"minecraft:mossy_stone_bricks":3,"minecraft:birch_planks":151,"minecraft:birch_leaves":1,"minecraft:stone_pickaxe":84,"minecraft:baked_potato":1,"minecraft:oak_planks":66,"minecraft:wooden_pickaxe":25,"minecraft:cooked_chicken":3,"minecraft:cracked_stone_bricks":1,"minecraft:oak_leaves":9,"minecraft:dirt":16,"minecraft:oak_slab":2,"minecraft:crafting_table":1,"minecraft:red_mushroom":1,"minecraft:cobblestone_wall":8,"minecraft:spruce_stairs":2,"minecraft:spruce_fence":2,"minecraft:birch_door":4,"minecraft:glass":12,"minecraft:stone_brick_slab":42,"minecraft:apple":1,"minecraft:lantern":5,"minecraft:iron_axe":181,"minecraft:oak_stairs":32,"minecraft:iron_pickaxe":32,"minecraft:stone_button":1,"minecraft:stone_brick_stairs":24,"minecraft:stone_bricks":26,"chisel:marble/raw":544,"minecraft:stone_axe":111,"minecraft:cobblestone":61,"tombstone:gift":2,"minecraft:glass_pane":31,"alexsmobs:animal_dictionary":1,"minecraft:birch_log":21,"minecraft:yellow_bed":2},"minecraft:killed":{"minecraft:zombie":1},"minecraft:killed_by":{"minecraft:husk":1,"iceandfire:ghost":3},"minecraft:mined":{"minecraft:oak_slab":2,"minecraft:stone_brick_slab":8,"minecraft:oak_fence":3,"minecraft:grass_block":56,"minecraft:glass":12,"minecraft:tall_grass":4,"minecraft:cobblestone":10,"minecraft:oak_planks":55,"minecraft:birch_planks":147,"minecraft:cobblestone_wall":1,"minecraft:birch_log":23,"minecraft:birch_leaves":1,"minecraft:birch_door":2,"chisel:marble/raw":72,"minecraft:yellow_bed":3,"minecraft:stone_brick_stairs":12,"minecraft:grass":31,"minecraft:oak_log":1,"minecraft:oak_stairs":24,"minecraft:sand":9,"minecraft:dirt":2,"minecraft:stone":1,"minecraft:cracked_stone_bricks":1,"minecraft:acacia_planks":48,"minecraft:stone_bricks":4,"minecraft:mossy_stone_bricks":2,"minecraft:cake":1,"minecraft:oak_leaves":2},"minecraft:broken":{"minecraft:stone_axe":1,"minecraft:wooden_pickaxe":1},"minecraft:custom":{"minecraft:interact_with_furnace":16,"minecraft:mob_kills":1,"minecraft:interact_with_crafting_table":21,"minecraft:open_barrel":24,"minecraft:play_one_minute":196153,"minecraft:leave_game":2,"minecraft:time_since_death":10964,"minecraft:sleep_in_bed":4,"minecraft:climb_one_cm":456,"minecraft:time_since_rest":10811,"minecraft:sprint_one_cm":44841,"minecraft:damage_taken":1998,"minecraft:walk_one_cm":859677,"minecraft:trigger_trapped_chest":3,"minecraft:drop":7,"minecraft:damage_dealt":242,"minecraft:fly_one_cm":7495,"minecraft:open_chest":25,"minecraft:crouch_one_cm":5272,"tombstone:undead_killed":1,"minecraft:deaths":6,"minecraft:sneak_time":3146,"minecraft:walk_under_water_one_cm":126,"minecraft:jump":996,"minecraft:interact_with_blast_furnace":2,"minecraft:walk_on_water_one_cm":1015,"minecraft:fall_one_cm":22613},"minecraft:picked_up":{"minecraft:birch_log":23,"iceandfire:deathworm_egg":1,"minecraft:iron_chestplate":1,"minecraft:birch_door":2,"minecraft:wooden_pickaxe":1,"minecraft:oak_stairs":24,"minecraft:birch_planks":144,"minecraft:stone_brick_stairs":12,"minecraft:oak_log":4,"minecraft:yellow_bed":3,"minecraft:cobblestone_wall":1,"minecraft:cobblestone_stairs":1,"minecraft:string":2,"minecraft:dirt":56,"minecraft:lantern":1,"minecraft:acacia_planks":96,"minecraft:apple":1,"minecraft:stone_bricks":131,"minecraft:cracked_stone_bricks":7,"minecraft:wheat_seeds":12,"minecraft:spruce_planks":2,"minecraft:stone_pickaxe":1,"minecraft:cooked_chicken":3,"minecraft:mossy_stone_bricks":12,"minecraft:iron_pickaxe":1,"minecraft:birch_sapling":5,"minecraft:oak_planks":216,"minecraft:dark_oak_stairs":6,"minecraft:oak_slab":2,"minecraft:stick":2,"minecraft:pumpkin":4,"minecraft:sand":9,"minecraft:oak_fence":3,"minecraft:stone_brick_slab":15,"chisel:marble/raw":204,"minecraft:spruce_stairs":18,"minecraft:spruce_fence":2,"iceandfire:dragon_skull_fire":1,"minecraft:stone_button":1,"minecraft:spruce_log":64,"iceandfire:deathworm_egg_giant":1,"minecraft:spider_eye":1,"travelersbackpack:wolf":1,"travelersbackpack:standard":1,"minecraft:rotten_flesh":2,"minecraft:stone_axe":1,"iceandfire:deathworm_chitin_yellow":1,"minecraft:red_tulip":1,"minecraft:gold_ingot":1,"minecraft:bread":1,"minecraft:lodestone":1,"minecraft:baked_potato":6,"minecraft:cobblestone":75}},"DataVersion":2586}