{"stats":{"minecraft:killed":{"alexsmobs:lobster":1,"minecraft:spider":2,"minecraft:zombie":7,"minecraft:chicken":3},"minecraft:used":{"alexsmobs:emu_egg":1,"minecraft:acacia_boat":2,"minecraft:stone_sword":14,"minecraft:iron_shovel":145,"minecraft:acacia_log":128,"minecraft:stone_pickaxe":10,"minecraft:poppy":4,"minecraft:chest":2,"minecraft:salmon":1,"minecraft:cookie":1,"minecraft:torch":14,"minecraft:brewing_stand":1,"minecraft:dirt":47,"minecraft:crafting_table":1,"minecraft:crossbow":1,"minecraft:acacia_sapling":18,"minecraft:oak_log":30,"minecraft:acacia_door":2,"minecraft:iron_axe":437,"minecraft:bread":48,"evilcraft:flesh_humanoid":1,"minecraft:stone_axe":31,"minecraft:furnace":1,"minecraft:oak_sapling":3,"tombstone:gift":3,"minecraft:glass_pane":70,"alexsmobs:animal_dictionary":2,"minecraft:air":1,"minecraft:acacia_planks":344,"minecraft:dandelion":1},"minecraft:killed_by":{"minecraft:husk":1,"minecraft:player":1,"artifacts:mimic":1},"minecraft:crafted":{"minecraft:air":226,"minecraft:glass":48,"minecraft:acacia_door":3,"minecraft:iron_shovel":1,"minecraft:acacia_planks":128},"minecraft:mined":{"iceandfire:lightning_lily":1,"minecraft:acacia_leaves":1,"minecraft:dandelion":1,"minecraft:torch":2,"minecraft:acacia_log":128,"minecraft:grass_block":30,"minecraft:poppy":1,"minecraft:tall_grass":10,"minecraft:kelp":3,"minecraft:seagrass":1,"minecraft:acacia_sapling":1,"minecraft:furnace":1,"minecraft:fire":7,"minecraft:grass":224,"minecraft:oak_log":30,"minecraft:coal_ore":9,"minecraft:dirt":20,"minecraft:sand":99,"minecraft:acacia_planks":221},"minecraft:custom":{"minecraft:interact_with_furnace":4,"minecraft:mob_kills":17,"minecraft:interact_with_crafting_table":12,"minecraft:play_one_minute":203746,"minecraft:leave_game":4,"minecraft:time_since_death":114966,"minecraft:sleep_in_bed":3,"minecraft:time_since_rest":15110,"minecraft:sprint_one_cm":337182,"minecraft:damage_taken":2073,"minecraft:walk_one_cm":365790,"minecraft:drop":48,"minecraft:minecart_one_cm":682,"minecraft:damage_dealt":2133,"minecraft:swim_one_cm":4804,"minecraft:player_kills":1,"minecraft:fly_one_cm":897958,"minecraft:open_chest":50,"minecraft:crouch_one_cm":4589,"tombstone:undead_killed":7,"minecraft:deaths":3,"minecraft:sneak_time":3146,"minecraft:walk_under_water_one_cm":6607,"minecraft:boat_one_cm":206251,"minecraft:jump":3818,"minecraft:walk_on_water_one_cm":8755,"minecraft:fall_one_cm":67663},"minecraft:broken":{"minecraft:stone_axe":1},"minecraft:picked_up":{"minecraft:crafting_table":1,"minecraft:feather":2,"minecraft:chicken":6,"minecraft:salmon":15,"minecraft:golden_leggings":1,"alexsmobs:acacia_blossom":6,"minecraft:enchanted_book":1,"minecraft:oak_log":30,"evilcraft:flesh_humanoid":3,"minecraft:acacia_boat":2,"minecraft:dirt":72,"tombstone:gift":1,"minecraft:iron_axe":1,"minecraft:pufferfish":1,"minecraft:acacia_planks":273,"minecraft:apple":1,"minecraft:wheat_seeds":115,"minecraft:iron_ingot":37,"minecraft:poppy":4,"minecraft:chest":1,"minecraft:oak_planks":58,"minecraft:acacia_sapling":32,"minecraft:furnace":1,"minecraft:polished_andesite_stairs":2,"minecraft:stick":25,"minecraft:acacia_log":128,"minecraft:torch":6,"minecraft:dandelion":2,"minecraft:sand":90,"minecraft:cookie":1,"tombstone:grave_dust":4,"alexsmobs:animal_dictionary":1,"iceandfire:lightning_lily":1,"minecraft:stone_sword":2,"minecraft:arrow":4,"minecraft:rotten_flesh":23,"minecraft:iron_helmet":2,"minecraft:crossbow":1,"alexsmobs:emu_egg":1,"minecraft:bread":1,"minecraft:oak_sapling":3,"minecraft:coal":9,"minecraft:rail":12,"minecraft:diamond_pickaxe":1},"minecraft:dropped":{"alexsmobs:acacia_blossom":4,"minecraft:stone_sword":1,"minecraft:crafting_table":1,"minecraft:iron_helmet":2,"evilcraft:flesh_humanoid":1,"minecraft:pufferfish":1,"minecraft:dirt":24,"iceandfire:lightning_lily":1,"tombstone:grave_dust":2,"minecraft:glass":12,"minecraft:acacia_planks":1}},"DataVersion":2586}