{"stats":{"minecraft:broken":{"minecraft:wooden_axe":1},"minecraft:used":{"minecraft:wooden_pickaxe":111,"minecraft:sandstone":1,"minecraft:wooden_shovel":18,"minecraft:torch":1,"minecraft:dirt":20,"minecraft:sand":13,"minecraft:oak_slab":1225,"minecraft:crafting_table":4,"minecraft:granite":11,"minecraft:wooden_axe":640,"minecraft:apple":6,"minecraft:birch_slab":449,"minecraft:birch_sapling":4,"minecraft:cobblestone":37,"minecraft:oak_sapling":1},"minecraft:killed_by":{"minecraft:spider":1,"minecraft:zombie":1},"minecraft:mined":{"minecraft:oak_slab":1,"minecraft:lily_of_the_valley":1,"immersive_weathering:spruce_leaf_pile":45,"minecraft:crafting_table":1,"minecraft:torch":1,"immersive_weathering:birch_leaf_pile":73,"minecraft:granite":11,"minecraft:grass_block":14,"minecraft:poppy":1,"minecraft:tall_grass":2,"minecraft:cobblestone":3,"minecraft:birch_slab":4,"minecraft:sandstone":2,"minecraft:birch_sapling":3,"minecraft:birch_log":82,"minecraft:spruce_log":44,"minecraft:birch_leaves":44,"minecraft:grass":47,"minecraft:oak_log":178,"minecraft:coal_ore":3,"minecraft:dirt":15,"minecraft:sand":19,"immersive_weathering:grassy_sandy_dirt":3,"minecraft:stone":73,"minecraft:oak_leaves":30,"immersive_weathering:oak_leaf_pile":301},"minecraft:crafted":{"minecraft:oak_planks":680,"minecraft:oak_slab":1344,"minecraft:wooden_shovel":2,"minecraft:crafting_table":3,"minecraft:spruce_planks":176,"minecraft:wooden_pickaxe":18,"minecraft:birch_slab":474,"minecraft:birch_planks":344,"minecraft:wooden_hoe":1,"minecraft:spruce_slab":342,"minecraft:stick":48,"minecraft:wooden_axe":8},"minecraft:picked_up":{"minecraft:birch_log":86,"minecraft:crafting_table":1,"minecraft:water_bucket":1,"minecraft:birch_slab":4,"immersive_weathering:sandy_dirt":3,"minecraft:wooden_pickaxe":1,"minecraft:birch_planks":1,"minecraft:oak_log":170,"minecraft:gunpowder":1,"minecraft:dirt":30,"minecraft:apple":11,"minecraft:wheat_seeds":11,"improvableskills:scroll_normal":1,"minecraft:poppy":1,"minecraft:birch_sapling":30,"minecraft:egg":1,"minecraft:oak_slab":53,"minecraft:stick":119,"minecraft:sandstone":2,"minecraft:torch":1,"minecraft:sand":19,"minecraft:spruce_sapling":5,"minecraft:spruce_log":44,"minecraft:lily_of_the_valley":1,"minecraft:granite":11,"minecraft:oak_sapling":82,"minecraft:coal":3,"minecraft:cod":1,"minecraft:cobblestone":73},"minecraft:killed":{"minecraft:zombie":1},"minecraft:dropped":{"minecraft:oak_slab":172,"minecraft:birch_planks":1,"minecraft:wheat_seeds":7,"minecraft:birch_sapling":10,"minecraft:dirt":2,"minecraft:oak_sapling":54,"minecraft:sand":1,"minecraft:wooden_pickaxe":14},"minecraft:custom":{"minecraft:mob_kills":1,"minecraft:interact_with_crafting_table":13,"minecraft:damage_dealt_resisted":0,"minecraft:leave_game":1,"minecraft:time_since_death":12856,"minecraft:time_since_rest":10457,"minecraft:sprint_one_cm":125949,"minecraft:damage_taken":695,"minecraft:walk_one_cm":295909,"minecraft:drop":256,"minecraft:damage_dealt":395,"minecraft:swim_one_cm":1181,"minecraft:fly_one_cm":2729,"minecraft:crouch_one_cm":144202,"minecraft:play_time":106375,"tombstone:undead_killed":1,"minecraft:deaths":2,"minecraft:sneak_time":28967,"minecraft:walk_under_water_one_cm":23967,"minecraft:jump":536,"minecraft:walk_on_water_one_cm":21928,"minecraft:total_world_time":106375,"minecraft:fall_one_cm":4087}},"DataVersion":3465}