{"stats":{"minecraft:used":{"minecraft:birch_slab":58,"minecraft:wooden_pickaxe":33,"minecraft:wooden_shovel":6,"minecraft:sand":1,"minecraft:dirt":3,"minecraft:cobblestone":19,"minecraft:crafting_table":1},"minecraft:mined":{"minecraft:birch_log":24,"minecraft:lily_of_the_valley":1,"minecraft:birch_leaves":15,"minecraft:crafting_table":1,"immersive_weathering:birch_leaf_pile":24,"minecraft:grass":4,"minecraft:grass_block":2,"minecraft:dirt":5,"minecraft:sand":8,"minecraft:cobblestone":1,"minecraft:birch_slab":3,"minecraft:stone":26,"minecraft:oak_leaves":1,"minecraft:sandstone":2,"immersive_weathering:oak_leaf_pile":11},"minecraft:crafted":{"minecraft:wooden_shovel":2,"minecraft:wooden_hoe":1,"minecraft:stick":36,"minecraft:wooden_pickaxe":18,"minecraft:wooden_axe":2,"minecraft:birch_slab":84,"minecraft:birch_planks":124},"minecraft:picked_up":{"minecraft:birch_log":31,"minecraft:stick":13,"minecraft:crafting_table":1,"minecraft:sandstone":2,"minecraft:birch_slab":3,"minecraft:wooden_pickaxe":1,"minecraft:sand":8,"minecraft:gunpowder":1,"minecraft:lily_of_the_valley":1,"minecraft:dirt":7,"improvableskills:scroll_normal":1,"minecraft:oak_sapling":2,"minecraft:birch_sapling":8,"minecraft:cod":1,"minecraft:cobblestone":28},"minecraft:dropped":{"minecraft:wooden_pickaxe":14},"minecraft:custom":{"minecraft:time_since_rest":19087,"minecraft:damage_taken":160,"minecraft:walk_one_cm":51110,"minecraft:drop":14,"minecraft:damage_dealt":9,"minecraft:interact_with_crafting_table":4,"minecraft:fly_one_cm":152,"minecraft:crouch_one_cm":3292,"minecraft:play_time":19087,"minecraft:sneak_time":1173,"minecraft:walk_under_water_one_cm":14291,"minecraft:jump":138,"minecraft:walk_on_water_one_cm":8740,"minecraft:time_since_death":19087,"minecraft:total_world_time":19087,"minecraft:fall_one_cm":1276}},"DataVersion":3465}