{"stats":{"minecraft:used":{"minecraft:wooden_axe":411,"minecraft:apple":4,"minecraft:birch_slab":225,"minecraft:birch_sapling":4,"minecraft:wooden_pickaxe":111,"minecraft:sandstone":1,"minecraft:wooden_shovel":18,"minecraft:torch":1,"minecraft:sand":13,"minecraft:dirt":13,"minecraft:cobblestone":37,"minecraft:oak_slab":615,"minecraft:crafting_table":2,"minecraft:oak_sapling":1,"minecraft:granite":11},"minecraft:killed_by":{"minecraft:zombie":1},"minecraft:mined":{"minecraft:birch_sapling":3,"minecraft:birch_log":56,"minecraft:lily_of_the_valley":1,"minecraft:birch_leaves":43,"minecraft:torch":1,"minecraft:crafting_table":1,"immersive_weathering:birch_leaf_pile":44,"minecraft:granite":11,"minecraft:grass":30,"minecraft:oak_log":126,"minecraft:grass_block":4,"minecraft:coal_ore":3,"minecraft:poppy":1,"minecraft:dirt":11,"minecraft:sand":15,"minecraft:cobblestone":3,"minecraft:birch_slab":4,"minecraft:stone":73,"minecraft:oak_leaves":23,"minecraft:sandstone":2,"immersive_weathering:oak_leaf_pile":214},"minecraft:crafted":{"minecraft:oak_slab":972,"minecraft:oak_planks":492,"minecraft:wooden_shovel":2,"minecraft:wooden_hoe":1,"minecraft:crafting_table":1,"minecraft:stick":48,"minecraft:wooden_pickaxe":18,"minecraft:wooden_axe":8,"minecraft:birch_slab":276,"minecraft:birch_planks":244},"minecraft:picked_up":{"minecraft:birch_log":61,"minecraft:oak_slab":53,"minecraft:stick":77,"minecraft:crafting_table":1,"minecraft:sandstone":2,"minecraft:water_bucket":1,"minecraft:birch_slab":4,"minecraft:torch":1,"minecraft:wooden_pickaxe":1,"minecraft:sand":15,"minecraft:oak_log":123,"minecraft:gunpowder":1,"minecraft:lily_of_the_valley":1,"minecraft:dirt":17,"minecraft:apple":9,"minecraft:wheat_seeds":6,"improvableskills:scroll_normal":1,"minecraft:granite":11,"minecraft:poppy":1,"minecraft:oak_sapling":64,"minecraft:birch_sapling":24,"minecraft:coal":3,"minecraft:cod":1,"minecraft:cobblestone":73},"minecraft:dropped":{"minecraft:dirt":2,"minecraft:oak_slab":172,"minecraft:wheat_seeds":3,"minecraft:birch_sapling":10,"minecraft:oak_sapling":54,"minecraft:wooden_pickaxe":14},"minecraft:custom":{"minecraft:time_since_rest":35628,"minecraft:sprint_one_cm":66734,"minecraft:damage_taken":405,"minecraft:walk_one_cm":187788,"minecraft:drop":250,"minecraft:damage_dealt":163,"minecraft:interact_with_crafting_table":10,"minecraft:fly_one_cm":1487,"minecraft:crouch_one_cm":71043,"minecraft:play_time":67087,"minecraft:deaths":1,"minecraft:sneak_time":15134,"minecraft:walk_under_water_one_cm":18278,"minecraft:damage_dealt_resisted":0,"minecraft:jump":398,"minecraft:walk_on_water_one_cm":11787,"minecraft:time_since_death":36561,"minecraft:total_world_time":67087,"minecraft:fall_one_cm":2917}},"DataVersion":3465}