{"stats":{"minecraft:killed":{"alexsmobs:lobster":16,"minecraft:spider":34,"minecraft:cod":5,"minecraft:skeleton":12,"minecraft:chicken":8,"minecraft:silverfish":5,"alexsmobs:centipede_head":1,"minecraft:tropical_fish":12,"minecraft:pig":15,"minecraft:salmon":1,"minecraft:creeper":2,"minecraft:sheep":7,"minecraft:trader_llama":3,"minecraft:zombie":7,"alexsmobs:fly":4,"minecraft:cow":6,"alexsmobs:raccoon":8,"alexsmobs:seagull":1,"minecraft:wandering_trader":1,"alexsmobs:cockroach":1,"alexsmobs:crow":1},"minecraft:mined":{"minecraft:oak_sapling":1,"minecraft:granite":23,"minecraft:grass_block":1847,"minecraft:chiseled_stone_bricks":2,"minecraft:tall_seagrass":2,"minecraft:iron_ore":155,"minecraft:fire":22,"minecraft:fletching_table":1,"minecraft:enchanting_table":1,"minecraft:skeleton_wall_skull":5,"minecraft:kelp_plant":13,"minecraft:torch":6,"minecraft:chest":1,"minecraft:white_stained_glass_pane":4,"minecraft:mushroom_stem":18,"minecraft:wither_skeleton_wall_skull":1,"minecraft:cobblestone":32,"minecraft:sugar_cane":1,"minecraft:wall_torch":1,"minecraft:skeleton_skull":1,"minecraft:seagrass":2,"minecraft:white_terracotta":2,"minecraft:birch_log":31,"minecraft:wheat":8,"minecraft:tnt":24,"chisel:planks/spruce/stacked":1,"minecraft:stone_brick_stairs":6,"minecraft:grass":84,"minecraft:oak_log":395,"minecraft:acacia_fence":1,"minecraft:sand":195,"minecraft:dirt":1881,"minecraft:zombie_wall_head":1,"minecraft:oak_leaves":44,"evilcraft:hardened_blood":1,"minecraft:diamond_ore":29,"iceandfire:silver_ore":40,"minecraft:quartz_stairs":1,"minecraft:ladder":1,"minecraft:spruce_leaves":29,"minecraft:acacia_slab":1,"minecraft:kelp":1,"minecraft:hay_block":56,"minecraft:redstone_ore":37,"minecraft:spruce_sapling":9,"minecraft:carrots":53,"iceandfire:copper_ore":12,"evilcraft:box_of_eternal_closure":2,"minecraft:acacia_stairs":2,"minecraft:andesite":93,"chisel:marble/raw":56,"evilcraft:dark_ore":15,"minecraft:bookshelf":22,"minecraft:potatoes":158,"minecraft:cobblestone_slab":2,"minecraft:vine":2,"minecraft:stone":1135,"chisel:basalt/raw":1,"minecraft:crafting_table":1,"minecraft:emerald_ore":4,"minecraft:lectern":1,"minecraft:stone_slab":3,"minecraft:tall_grass":12,"minecraft:quartz_bricks":19,"minecraft:lapis_ore":14,"minecraft:diorite":69,"minecraft:red_terracotta":2,"minecraft:spruce_log":140,"minecraft:birch_leaves":19,"minecraft:quartz_pillar":204,"minecraft:bee_nest":1,"minecraft:yellow_bed":1,"minecraft:coal_ore":663,"evilcraft:blood_stain":4,"minecraft:gravel":6,"minecraft:cobweb":14,"minecraft:acacia_planks":1,"minecraft:stone_bricks":7,"minecraft:gold_ore":27},"minecraft:custom":{"minecraft:animals_bred":73,"minecraft:interact_with_crafting_table":43,"minecraft:open_barrel":20,"minecraft:bell_ring":1,"minecraft:eat_cake_slice":14,"minecraft:leave_game":5,"minecraft:time_since_death":134879,"minecraft:sprint_one_cm":1390088,"minecraft:damage_blocked_by_shield":984,"minecraft:drop":211,"minecraft:talked_to_villager":1,"minecraft:deaths":6,"minecraft:jump":7552,"minecraft:interact_with_brewingstand":2,"minecraft:walk_on_water_one_cm":90154,"minecraft:interact_with_furnace":130,"minecraft:play_one_minute":719645,"minecraft:sleep_in_bed":8,"minecraft:damage_dealt":18557,"minecraft:crouch_one_cm":46923,"tombstone:undead_killed":19,"tombstone:villager_killed":1,"minecraft:interact_with_smoker":75,"minecraft:horse_one_cm":591896,"minecraft:interact_with_anvil":7,"minecraft:mob_kills":156,"minecraft:climb_one_cm":11695,"minecraft:walk_one_cm":3298532,"minecraft:sneak_time":12759,"minecraft:walk_under_water_one_cm":129633,"minecraft:boat_one_cm":151310,"minecraft:interact_with_blast_furnace":37,"minecraft:tune_noteblock":25,"minecraft:interact_with_stonecutter":1,"minecraft:time_since_rest":134418,"minecraft:damage_taken":6670,"minecraft:trigger_trapped_chest":2,"minecraft:swim_one_cm":359498,"minecraft:fly_one_cm":1354840,"minecraft:open_chest":593,"minecraft:fall_one_cm":139855},"minecraft:used":{"minecraft:iron_shovel":3480,"minecraft:chest":8,"minecraft:shield":45,"minecraft:iron_sword":237,"minecraft:carrot":198,"minecraft:acacia_sapling":1,"minecraft:milk_bucket":1,"minecraft:lava_bucket":1,"alexsmobs:lobster_tail":1,"minecraft:quartz_pillar":2,"minecraft:birch_sapling":12,"minecraft:stone_brick_stairs":2,"minecraft:stone_bricks":2,"chisel:marble/raw":2,"minecraft:hay_block":1,"minecraft:oak_sapling":324,"minecraft:furnace":16,"minecraft:skeleton_skull":1,"minecraft:potato":175,"minecraft:stone_pickaxe":131,"minecraft:sand":1,"minecraft:crossbow":3,"minecraft:bread":31,"minecraft:grindstone":1,"minecraft:birch_log":31,"minecraft:bone_meal":361,"minecraft:experience_bottle":7,"minecraft:enchanting_table":1,"minecraft:flint_and_steel":18,"minecraft:stone_shovel":400,"travelersbackpack:bat":2,"minecraft:torch":14,"minecraft:brewing_stand":1,"minecraft:dirt":173,"minecraft:granite":9,"minecraft:spruce_fence":2,"minecraft:iron_hoe":207,"minecraft:chipped_anvil":1,"minecraft:iron_axe":64,"evilcraft:box_of_eternal_closure":2,"minecraft:beef":4,"tombstone:gift":5,"minecraft:cooked_beef":3,"minecraft:wheat_seeds":24,"minecraft:water_bucket":27,"minecraft:iron_ore":2,"minecraft:baked_potato":80,"minecraft:stonecutter":1,"minecraft:tnt":5,"minecraft:crafting_table":1,"minecraft:spruce_log":134,"minecraft:oak_log":390,"minecraft:diamond_pickaxe":1,"minecraft:apple":25,"minecraft:iron_pickaxe":2573,"minecraft:spruce_sapling":83,"minecraft:stone_axe":125,"minecraft:chiseled_stone_bricks":2,"minecraft:cobblestone":64,"travelersbackpack:standard":2,"minecraft:bucket":28,"minecraft:yellow_bed":1,"alexsmobs:animal_dictionary":1},"minecraft:picked_up":{"minecraft:wheat":8,"minecraft:flower_pot":1,"iceandfire:copper_ore":16,"apotheosis:rare_tome":1,"minecraft:stone_slab":4,"minecraft:lead":17,"minecraft:enchanted_book":5,"minecraft:stone_brick_stairs":8,"minecraft:string":42,"minecraft:iron_leggings":3,"minecraft:armor_stand":3,"minecraft:experience_bottle":3,"minecraft:zombie_head":1,"minecraft:smooth_stone":2,"minecraft:spruce_planks":2,"minecraft:cobblestone_slab":4,"minecraft:iron_pickaxe":7,"alexsmobs:raccoon_tail":3,"evilcraft:blood_extractor":1,"minecraft:iron_boots":3,"minecraft:tipped_arrow":3,"minecraft:stick":185,"artifacts:universal_attractor":2,"minecraft:acacia_fence":1,"minecraft:torch":17,"minecraft:acacia_log":60,"minecraft:spruce_stairs":1,"iceandfire:silver_ore":40,"minecraft:porkchop":21,"tombstone:grave_dust":2,"minecraft:diorite":69,"evilcraft:box_of_eternal_closure":2,"minecraft:rotten_flesh":12,"minecraft:tropical_fish":8,"alexsmobs:emu_egg":3,"minecraft:white_terracotta":3,"minecraft:cod":3,"minecraft:iron_bars":2,"minecraft:snowball":1,"alexsmobs:lobster_tail":5,"minecraft:cobblestone":2149,"chisel:stone_bricks/weaver":3,"minecraft:birch_log":31,"minecraft:enchanting_table":1,"minecraft:leather_chestplate":3,"minecraft:feather":18,"minecraft:cooked_beef":3,"minecraft:andesite":79,"minecraft:potato":609,"minecraft:wither_skeleton_skull":1,"minecraft:lapis_lazuli":176,"minecraft:dirt":3699,"minecraft:leather_boots":1,"minecraft:bone":23,"minecraft:acacia_planks":1,"minecraft:bow":1,"minecraft:wheat_seeds":120,"minecraft:fletching_table":1,"minecraft:oak_planks":24,"minecraft:poisonous_potato":4,"iceandfire:shiny_scales":3,"minecraft:sand":198,"sophisticatedbackpacks:iron_backpack":3,"minecraft:ink_sac":3,"minecraft:red_terracotta":5,"minecraft:cyan_bed":1,"alexsmobs:animal_dictionary":1,"minecraft:barrel":1,"minecraft:quartz_bricks":6,"minecraft:iron_hoe":1,"minecraft:diamond":29,"minecraft:crossbow":1,"minecraft:granite":32,"minecraft:bone_meal":307,"chisel:basalt/raw":1,"minecraft:emerald":10,"alexsmobs:maggot":5,"minecraft:oak_sapling":227,"minecraft:diamond_pickaxe":1,"iceandfire:dragon_skull_lightning":1,"minecraft:crafting_table":1,"minecraft:azure_bluet":1,"minecraft:chicken":8,"minecraft:leather_leggings":1,"minecraft:cornflower":3,"evilcraft:poison_sac":1,"minecraft:item_frame":20,"minecraft:iron_shovel":2,"minecraft:cracked_stone_bricks":1,"iceandfire:bestiary":3,"minecraft:beef":15,"minecraft:player_head":3,"minecraft:poppy":3,"minecraft:lectern":1,"minecraft:spruce_slab":4,"minecraft:quartz_stairs":1,"minecraft:sugar_cane":5,"minecraft:chest":1,"minecraft:birch_sapling":13,"minecraft:spruce_trapdoor":2,"minecraft:egg":3,"iceandfire:dragonbone":32,"minecraft:stone":293,"iceandfire:troll_tusk":4,"minecraft:spruce_fence":2,"minecraft:quartz_pillar":182,"minecraft:carrot":187,"minecraft:redstone":174,"minecraft:tnt":24,"chisel:stone_bricks/tiles_small":1,"chisel:planks/spruce/stacked":1,"minecraft:arrow":8,"chisel:marble/layers":2,"minecraft:hay_block":50,"minecraft:gold_ingot":2,"minecraft:mutton":10,"minecraft:skeleton_skull":6,"minecraft:white_wool":7,"minecraft:oxeye_daisy":3,"minecraft:air":0,"iceandfire:sea_serpent_fang":2,"minecraft:salmon":1,"minecraft:leather":7,"alexsmobs:acacia_blossom":3,"minecraft:oak_log":452,"minecraft:chainmail_chestplate":1,"minecraft:yellow_bed":1,"minecraft:gunpowder":5,"minecraft:paper":24,"minecraft:apple":24,"minecraft:stone_bricks":8,"minecraft:kelp":120,"minecraft:iron_ingot":6,"minecraft:iron_ore":158,"minecraft:iron_sword":1,"minecraft:acacia_sapling":2,"sophisticatedbackpacks:diamond_backpack":1,"minecraft:book":62,"minecraft:milk_bucket":1,"minecraft:chiseled_stone_bricks":2,"minecraft:stone_brick_slab":11,"chisel:marble/raw":60,"minecraft:dandelion":1,"minecraft:gravel":7,"minecraft:spruce_sapling":91,"minecraft:spruce_log":193,"minecraft:gold_ore":29,"minecraft:spider_eye":10,"travelersbackpack:standard":4,"minecraft:slime_ball":1,"minecraft:chainmail_leggings":1,"minecraft:iron_helmet":1,"evilcraft:dark_gem":68,"iceandfire:sea_serpent_scales_red":6,"minecraft:gray_wool":1,"minecraft:baked_potato":17,"minecraft:acacia_slab":1,"minecraft:melon_seeds":1,"minecraft:coal":667},"minecraft:dropped":{"sophisticatedbackpacks:iron_backpack":1,"minecraft:iron_sword":2,"minecraft:porkchop":14,"chisel:marble/raw":2,"minecraft:baked_potato":99,"minecraft:leather":6,"minecraft:cracked_stone_bricks":1,"travelersbackpack:standard":4,"artifacts:universal_attractor":2,"minecraft:cod":3,"minecraft:item_frame":20,"minecraft:dirt":16,"chisel:marble/layers":2,"minecraft:cornflower":3,"minecraft:bone_meal":57,"minecraft:sand":4,"alexsmobs:raccoon_tail":3,"minecraft:white_wool":7,"minecraft:bone":17,"minecraft:gold_ingot":58,"minecraft:armor_stand":3,"minecraft:gravel":2,"minecraft:sugar_cane":4,"alexsmobs:animal_dictionary":1,"minecraft:rotten_flesh":10,"alexsmobs:emu_egg":3,"evilcraft:poison_sac":1,"minecraft:salmon":4,"minecraft:carrot":3,"minecraft:chainmail_chestplate":1,"minecraft:leather_chestplate":3,"minecraft:gunpowder":3,"minecraft:skeleton_skull":4,"minecraft:melon_seeds":1,"minecraft:leather_boots":2,"minecraft:acacia_sapling":1,"iceandfire:bestiary":1,"minecraft:leather_leggings":1,"minecraft:spruce_slab":2,"minecraft:arrow":4,"minecraft:beef":11,"minecraft:stone_brick_stairs":6,"minecraft:acacia_fence":1,"chisel:planks/spruce/stacked":1,"minecraft:enchanted_book":2,"minecraft:iron_ingot":64,"minecraft:bread":64,"minecraft:wheat_seeds":17,"minecraft:poisonous_potato":3,"minecraft:book":2,"minecraft:feather":18,"minecraft:cobblestone":474,"minecraft:apple":4,"evilcraft:dark_gem":16,"minecraft:granite":17,"minecraft:tropical_fish":8,"minecraft:spruce_stairs":1,"minecraft:stick":45,"minecraft:oxeye_daisy":3,"minecraft:gray_wool":1,"evilcraft:blood_extractor":1,"minecraft:milk_bucket":1,"minecraft:diorite":5,"chisel:stone_bricks/tiles_small":1,"artifacts:plastic_drinking_hat":1,"minecraft:zombie_head":1,"minecraft:iron_leggings":1,"evilcraft:dark_spike":10,"minecraft:iron_shovel":2,"minecraft:paper":24,"minecraft:string":39,"minecraft:spruce_sapling":8,"minecraft:stone_brick_slab":11,"minecraft:dandelion":1,"alexsmobs:maggot":5,"minecraft:chicken":1,"minecraft:wither_skeleton_skull":1,"minecraft:iron_boots":1,"minecraft:iron_hoe":1,"minecraft:stone_slab":4,"chisel:stone_bricks/weaver":3,"minecraft:skeleton_spawn_egg":1,"minecraft:cobblestone_slab":4,"minecraft:stone":643,"minecraft:shield":1,"minecraft:flower_pot":1,"alexsmobs:lobster_tail":4,"minecraft:spruce_trapdoor":2,"minecraft:spruce_planks":2,"minecraft:diamond_pickaxe":1,"minecraft:andesite":14,"minecraft:oak_sapling":2,"minecraft:stone_bricks":5,"minecraft:barrel":1,"minecraft:spruce_log":1,"minecraft:bow":1,"minecraft:stone_pickaxe":3},"minecraft:broken":{"minecraft:iron_shovel":13,"minecraft:iron_leggings":1,"minecraft:stone_pickaxe":1,"minecraft:stone_axe":3,"minecraft:stone_shovel":3,"minecraft:iron_axe":1,"minecraft:iron_pickaxe":7,"minecraft:iron_helmet":1},"minecraft:crafted":{"minecraft:stone":643,"minecraft:glass":2,"minecraft:diamond_leggings":1,"minecraft:diamond_helmet":1,"evilcraft:blood_extractor":2,"minecraft:chest":2,"minecraft:baked_potato":437,"minecraft:stick":4,"minecraft:iron_pickaxe":3,"minecraft:iron_ingot":128,"minecraft:gold_ingot":58,"evilcraft:dark_spike":16,"minecraft:stone_shovel":3,"iceandfire:dragon_stick":1,"minecraft:furnace":5,"minecraft:iron_axe":1,"minecraft:stone_pickaxe":4,"iceandfire:tide_red_chestplate":1,"minecraft:bucket":1,"minecraft:stone_axe":3,"minecraft:air":825,"minecraft:iron_shovel":2},"minecraft:killed_by":{"iceandfire:cyclops":1,"iceandfire:sea_serpent":1,"minecraft:zombie":1,"minecraft:player":1,"alexsmobs:centipede_head":1,"minecraft:skeleton":1}},"DataVersion":2586}