{"stats":{"minecraft:crafted":{"iceandfire:dragon_stick":1},"minecraft:mined":{"minecraft:tall_grass":1,"minecraft:skeleton_skull":1,"minecraft:hay_block":53,"minecraft:fire":22,"minecraft:acacia_stairs":2,"minecraft:yellow_bed":1,"minecraft:grass":8,"minecraft:skeleton_wall_skull":1,"minecraft:acacia_fence":1},"minecraft:killed_by":{"iceandfire:cyclops":1,"minecraft:zombie":1},"minecraft:custom":{"minecraft:interact_with_furnace":1,"minecraft:interact_with_crafting_table":7,"minecraft:open_barrel":13,"minecraft:play_one_minute":54838,"minecraft:eat_cake_slice":14,"minecraft:leave_game":2,"minecraft:time_since_death":4457,"minecraft:sleep_in_bed":1,"minecraft:climb_one_cm":498,"minecraft:time_since_rest":3913,"minecraft:sprint_one_cm":148724,"minecraft:damage_taken":1343,"minecraft:walk_one_cm":248441,"minecraft:drop":33,"minecraft:damage_dealt":95,"minecraft:swim_one_cm":10456,"minecraft:talked_to_villager":1,"minecraft:fly_one_cm":151034,"minecraft:open_chest":52,"minecraft:crouch_one_cm":2808,"minecraft:deaths":2,"minecraft:sneak_time":1123,"minecraft:walk_under_water_one_cm":1932,"minecraft:boat_one_cm":23032,"minecraft:jump":867,"minecraft:walk_on_water_one_cm":3628,"minecraft:fall_one_cm":25645},"minecraft:picked_up":{"iceandfire:dragon_skull_lightning":1,"minecraft:leather_chestplate":3,"iceandfire:sea_serpent_fang":2,"minecraft:leather_leggings":1,"alexsmobs:acacia_blossom":1,"minecraft:enchanted_book":3,"minecraft:yellow_bed":1,"minecraft:gunpowder":3,"minecraft:paper":24,"evilcraft:poison_sac":1,"minecraft:iron_leggings":2,"minecraft:armor_stand":3,"minecraft:leather_boots":1,"minecraft:item_frame":19,"minecraft:experience_bottle":3,"minecraft:wheat_seeds":10,"minecraft:iron_ingot":6,"minecraft:player_head":3,"minecraft:iron_boots":1,"minecraft:book":2,"minecraft:tipped_arrow":3,"iceandfire:dragonbone":32,"iceandfire:troll_tusk":4,"minecraft:acacia_fence":1,"iceandfire:shiny_scales":3,"alexsmobs:animal_dictionary":1,"minecraft:iron_hoe":1,"minecraft:hay_block":47,"minecraft:crossbow":1,"iceandfire:sea_serpent_scales_red":6,"alexsmobs:emu_egg":3,"minecraft:gold_ingot":2,"minecraft:emerald":1,"minecraft:melon_seeds":1,"minecraft:skeleton_skull":2},"minecraft:dropped":{"minecraft:wheat_seeds":10,"alexsmobs:animal_dictionary":1,"minecraft:book":2,"evilcraft:poison_sac":1,"minecraft:item_frame":19,"minecraft:stick":9,"minecraft:leather_chestplate":3,"minecraft:gunpowder":3,"minecraft:melon_seeds":1,"minecraft:leather_boots":2,"minecraft:iron_leggings":1,"minecraft:leather_leggings":1,"minecraft:paper":24,"minecraft:acacia_fence":1,"minecraft:armor_stand":3},"minecraft:used":{"minecraft:flint_and_steel":18,"minecraft:crossbow":3,"minecraft:bread":15,"minecraft:hay_block":1,"alexsmobs:animal_dictionary":1,"tombstone:gift":1,"minecraft:yellow_bed":1,"minecraft:skeleton_skull":1,"minecraft:experience_bottle":7}},"DataVersion":2586}