{"stats":{"minecraft:crafted":{"iceandfire:dragon_stick":1},"minecraft:mined":{"minecraft:skeleton_skull":1,"minecraft:hay_block":31,"minecraft:fire":2,"minecraft:acacia_stairs":2,"minecraft:yellow_bed":1,"minecraft:skeleton_wall_skull":1,"minecraft:grass":8,"minecraft:acacia_fence":1,"minecraft:tall_grass":1},"minecraft:killed_by":{"minecraft:zombie":1},"minecraft:custom":{"minecraft:time_since_rest":35445,"minecraft:interact_with_furnace":1,"minecraft:sprint_one_cm":123567,"minecraft:damage_taken":676,"minecraft:walk_one_cm":177582,"minecraft:drop":31,"minecraft:damage_dealt":10,"minecraft:talked_to_villager":1,"minecraft:interact_with_crafting_table":4,"minecraft:swim_one_cm":652,"minecraft:fly_one_cm":100648,"minecraft:open_chest":42,"minecraft:crouch_one_cm":616,"minecraft:play_one_minute":36838,"minecraft:deaths":1,"minecraft:sneak_time":173,"minecraft:walk_under_water_one_cm":120,"minecraft:jump":590,"minecraft:eat_cake_slice":14,"minecraft:leave_game":2,"minecraft:time_since_death":35748,"minecraft:walk_on_water_one_cm":501,"minecraft:fall_one_cm":19253},"minecraft:picked_up":{"minecraft:book":2,"iceandfire:dragon_skull_lightning":1,"iceandfire:dragonbone":14,"minecraft:leather_chestplate":3,"iceandfire:troll_tusk":4,"minecraft:acacia_fence":1,"minecraft:leather_leggings":1,"alexsmobs:acacia_blossom":1,"minecraft:enchanted_book":3,"minecraft:yellow_bed":1,"minecraft:gunpowder":3,"alexsmobs:animal_dictionary":1,"minecraft:iron_hoe":1,"minecraft:paper":24,"minecraft:iron_leggings":2,"minecraft:item_frame":19,"minecraft:leather_boots":1,"minecraft:armor_stand":3,"minecraft:experience_bottle":3,"minecraft:wheat_seeds":10,"minecraft:hay_block":31,"minecraft:crossbow":1,"minecraft:iron_ingot":6,"alexsmobs:emu_egg":3,"minecraft:player_head":3,"minecraft:gold_ingot":2,"minecraft:emerald":1,"minecraft:melon_seeds":1,"minecraft:skeleton_skull":2,"minecraft:iron_boots":1,"minecraft:tipped_arrow":3},"minecraft:dropped":{"minecraft:leather_chestplate":3,"minecraft:wheat_seeds":7,"minecraft:gunpowder":3,"alexsmobs:animal_dictionary":1,"minecraft:melon_seeds":1,"minecraft:leather_boots":2,"minecraft:book":2,"minecraft:leather_leggings":1,"minecraft:iron_leggings":1,"minecraft:acacia_fence":1,"minecraft:paper":24,"minecraft:stick":9,"minecraft:armor_stand":3,"minecraft:item_frame":19},"minecraft:used":{"minecraft:bread":7,"minecraft:hay_block":1,"minecraft:skeleton_skull":1,"minecraft:crossbow":3,"alexsmobs:animal_dictionary":1,"minecraft:experience_bottle":2}},"DataVersion":2586}