{"stats":{"minecraft:crafted":{"iceandfire:tide_red_chestplate":1,"iceandfire:dragon_stick":1},"minecraft:mined":{"minecraft:grass_block":2,"minecraft:tall_grass":1,"minecraft:skeleton_skull":1,"minecraft:hay_block":53,"minecraft:fire":22,"minecraft:acacia_stairs":2,"minecraft:yellow_bed":1,"minecraft:grass":8,"minecraft:skeleton_wall_skull":1,"minecraft:coal_ore":68,"minecraft:acacia_fence":1,"minecraft:dirt":4,"minecraft:stone":7,"minecraft:acacia_planks":1},"minecraft:killed_by":{"iceandfire:cyclops":1,"minecraft:zombie":1,"iceandfire:sea_serpent":1},"minecraft:custom":{"minecraft:interact_with_furnace":1,"minecraft:interact_with_crafting_table":9,"minecraft:open_barrel":13,"minecraft:play_one_minute":90838,"minecraft:eat_cake_slice":14,"minecraft:leave_game":2,"minecraft:time_since_death":23471,"minecraft:sleep_in_bed":1,"minecraft:climb_one_cm":498,"minecraft:time_since_rest":21581,"minecraft:sprint_one_cm":196342,"minecraft:damage_taken":1962,"minecraft:walk_one_cm":311114,"minecraft:drop":38,"minecraft:damage_dealt":172,"minecraft:swim_one_cm":38976,"minecraft:talked_to_villager":1,"minecraft:fly_one_cm":279054,"minecraft:open_chest":53,"minecraft:crouch_one_cm":3660,"minecraft:deaths":3,"minecraft:sneak_time":1412,"minecraft:walk_under_water_one_cm":3515,"minecraft:boat_one_cm":151310,"minecraft:jump":1500,"minecraft:walk_on_water_one_cm":5750,"minecraft:fall_one_cm":44882},"minecraft:picked_up":{"iceandfire:dragon_skull_lightning":1,"minecraft:leather_chestplate":3,"iceandfire:sea_serpent_fang":2,"minecraft:leather_leggings":1,"alexsmobs:acacia_blossom":1,"minecraft:enchanted_book":3,"minecraft:yellow_bed":1,"minecraft:gunpowder":3,"minecraft:dirt":6,"minecraft:paper":24,"evilcraft:poison_sac":1,"minecraft:iron_leggings":2,"minecraft:armor_stand":3,"minecraft:leather_boots":1,"minecraft:item_frame":19,"minecraft:experience_bottle":3,"minecraft:acacia_planks":1,"iceandfire:bestiary":2,"minecraft:wheat_seeds":10,"minecraft:iron_ingot":6,"minecraft:player_head":3,"minecraft:iron_pickaxe":1,"minecraft:iron_boots":1,"minecraft:book":2,"minecraft:tipped_arrow":3,"iceandfire:dragonbone":32,"iceandfire:troll_tusk":4,"minecraft:acacia_fence":1,"iceandfire:shiny_scales":3,"sophisticatedbackpacks:iron_backpack":1,"alexsmobs:animal_dictionary":1,"travelersbackpack:standard":4,"minecraft:iron_hoe":1,"minecraft:hay_block":47,"minecraft:crossbow":1,"iceandfire:sea_serpent_scales_red":6,"alexsmobs:emu_egg":3,"minecraft:gold_ingot":2,"minecraft:emerald":1,"minecraft:melon_seeds":1,"minecraft:coal":71,"minecraft:skeleton_skull":2,"minecraft:cobblestone":8},"minecraft:dropped":{"minecraft:wheat_seeds":10,"alexsmobs:animal_dictionary":1,"minecraft:book":2,"alexsmobs:emu_egg":3,"evilcraft:poison_sac":1,"travelersbackpack:standard":4,"minecraft:item_frame":19,"minecraft:stick":9,"minecraft:leather_chestplate":3,"minecraft:gunpowder":3,"minecraft:melon_seeds":1,"minecraft:leather_boots":2,"minecraft:iron_leggings":1,"minecraft:leather_leggings":1,"minecraft:paper":24,"minecraft:acacia_fence":1,"minecraft:armor_stand":3},"minecraft:used":{"minecraft:flint_and_steel":18,"minecraft:dirt":3,"minecraft:crossbow":3,"minecraft:iron_hoe":2,"minecraft:bread":22,"minecraft:iron_pickaxe":77,"travelersbackpack:standard":2,"minecraft:hay_block":1,"alexsmobs:animal_dictionary":1,"tombstone:gift":1,"minecraft:yellow_bed":1,"minecraft:skeleton_skull":1,"minecraft:experience_bottle":7}},"DataVersion":2586}