{"stats":{"minecraft:crafted":{"minecraft:glass":36,"travelersbackpack:light_gray_sleeping_bag":1,"minecraft:cooked_cod":10,"minecraft:cooked_porkchop":4,"travelersbackpack:standard":3,"minecraft:air":432,"minecraft:stick":52,"minecraft:iron_ingot":76,"minecraft:gold_ingot":10,"minecraft:torch":4},"minecraft:used":{"minecraft:iron_bars":3,"minecraft:iron_shovel":83,"minecraft:flint_and_steel":1,"minecraft:spruce_slab":5,"minecraft:spruce_planks":1,"minecraft:shield":16,"minecraft:iron_sword":324,"minecraft:orange_bed":1,"iceandfire:copper_ore":2,"minecraft:rotten_flesh":37,"minecraft:torch":166,"iceandfire:silver_ore":1,"minecraft:dirt":43,"minecraft:cobblestone_wall":4,"minecraft:carrot":198,"minecraft:granite":4,"minecraft:iron_hoe":98,"chisel:marble/tiles_large":1,"minecraft:iron_axe":9,"evilcraft:box_of_eternal_closure":5,"minecraft:slime_spawn_egg":3,"minecraft:item_frame":4,"evilcraft:flesh_humanoid":1,"minecraft:stone_bricks":41,"minecraft:bow":20,"chisel:marble/raw":426,"minecraft:cooked_cod":10,"minecraft:furnace":2,"tombstone:gift":6,"minecraft:orange_terracotta":3,"minecraft:yellow_banner":1,"minecraft:water_bucket":14,"minecraft:mossy_stone_bricks":4,"minecraft:diorite":1,"minecraft:iron_ore":1,"minecraft:lodestone":1,"minecraft:oak_planks":33,"minecraft:stone_pickaxe":74,"minecraft:cut_sandstone":14,"minecraft:wooden_pickaxe":9,"minecraft:sandstone":26,"minecraft:stonecutter":1,"chisel:basalt/raw":1,"minecraft:cracked_stone_bricks":1,"minecraft:white_wool":6,"minecraft:golden_apple":2,"minecraft:sand":15,"minecraft:tnt":13,"minecraft:crafting_table":8,"tombstone:bag_of_seeds":4,"minecraft:oak_log":17,"minecraft:enderman_spawn_egg":2,"sophisticatedbackpacks:backpack":1,"minecraft:diamond_pickaxe":44,"minecraft:iron_pickaxe":1088,"minecraft:stone_button":1,"minecraft:melon_slice":3,"minecraft:string":6,"minecraft:oak_button":2,"minecraft:bread":8,"minecraft:stone_slab":1,"iceandfire:ash":4,"minecraft:diamond_sword":166,"minecraft:porkchop":2,"minecraft:air":1,"minecraft:cobblestone":107,"travelersbackpack:standard":20,"minecraft:andesite":1,"minecraft:bucket":14,"minecraft:cooked_porkchop":6,"minecraft:smithing_table":1,"minecraft:jungle_door":1,"minecraft:sandstone_slab":2,"alexsmobs:animal_dictionary":1,"minecraft:yellow_bed":2,"minecraft:bone_meal":90},"minecraft:dropped":{"minecraft:iron_ingot":6,"minecraft:iron_sword":1,"minecraft:wheat_seeds":27,"chisel:marble/raw":263,"minecraft:spider_spawn_egg":1,"minecraft:cobblestone":65,"minecraft:cracked_stone_bricks":5,"travelersbackpack:standard":2,"minecraft:chainmail_helmet":1,"travelersbackpack:wolf":1,"minecraft:stick":3,"chisel:marble/tiles_large":163,"minecraft:dirt":15,"apotheosis:common_tome":2,"evilcraft:environmental_accumulation_core":1,"minecraft:stone_button":1,"iceandfire:copper_nugget":2,"minecraft:torch":25,"minecraft:lodestone":1,"minecraft:cut_sandstone":1,"minecraft:sand":18,"minecraft:iron_axe":1,"minecraft:iron_pickaxe":3,"minecraft:chainmail_leggings":1,"minecraft:string":12,"minecraft:white_wool":4,"minecraft:acacia_planks":3,"iceandfire:dragon_skull_fire":1,"minecraft:gold_ingot":1,"minecraft:redstone":2,"alexsmobs:centipede_leg":1,"alexsmobs:gazelle_horn":1,"minecraft:cobblestone_wall":14,"minecraft:wheat":2,"minecraft:rotten_flesh":4,"minecraft:enchanted_golden_apple":1,"alexsmobs:emu_egg":1,"evilcraft:flesh_humanoid":5,"minecraft:chainmail_chestplate":1,"alexsmobs:cooked_kangaroo_meat":1,"minecraft:diamond_chestplate":1,"minecraft:iron_chestplate":2,"iceandfire:silver_ingot":1,"minecraft:stone_brick_wall":3,"minecraft:yellow_banner":4,"minecraft:spider_eye":7,"minecraft:diamond_boots":1,"minecraft:red_tulip":3,"minecraft:stone_pickaxe":1,"minecraft:wooden_pickaxe":1,"iceandfire:manuscript":1},"minecraft:killed":{"minecraft:cave_spider":13,"minecraft:spider":7,"minecraft:vindicator":3,"iceandfire:stymphalian_bird":1,"minecraft:skeleton":6,"minecraft:drowned":4,"minecraft:silverfish":3,"alexsmobs:centipede_head":1,"iceandfire:deathworm":1,"alexsmobs:frilled_shark":1,"minecraft:husk":4,"alexsmobs:guster":1,"minecraft:pillager":14,"minecraft:donkey":2,"minecraft:zombie":16,"minecraft:stray":1,"minecraft:cow":4},"minecraft:killed_by":{"minecraft:husk":4,"minecraft:player":1,"iceandfire:deathworm":1,"minecraft:pillager":1,"minecraft:drowned":1,"iceandfire:gorgon":3,"minecraft:cave_spider":1,"minecraft:skeleton":2,"iceandfire:ghost":4,"iceandfire:fire_dragon":5},"minecraft:mined":{"minecraft:diamond_ore":1,"minecraft:spruce_planks":2,"minecraft:stone_pressure_plate":2,"minecraft:yellow_wall_banner":4,"iceandfire:silver_ore":1,"iceandfire:copper_pile":1,"minecraft:granite":1,"minecraft:acacia_log":9,"minecraft:grass_block":16,"evilcraft:environmental_accumulator":2,"minecraft:sandstone":1,"chisel:marble/tiles_large":1,"minecraft:spawner":9,"minecraft:furnace":1,"minecraft:carrots":40,"iceandfire:copper_ore":2,"minecraft:iron_ore":102,"minecraft:sticky_piston":5,"minecraft:fire":1,"evilcraft:box_of_eternal_closure":3,"minecraft:andesite":8,"chisel:marble/raw":744,"minecraft:bookshelf":1,"minecraft:red_tulip":4,"minecraft:vine":3,"minecraft:iron_bars":1,"minecraft:stone":149,"minecraft:white_wool":5,"minecraft:orange_bed":1,"minecraft:cut_sandstone":2,"chisel:basalt/raw":1,"minecraft:glass_pane":2,"minecraft:orange_terracotta":3,"minecraft:stone_brick_slab":2,"minecraft:crafting_table":1,"minecraft:torch":5,"minecraft:melon":1,"minecraft:stone_slab":1,"minecraft:tall_grass":3,"minecraft:cobblestone":2,"iceandfire:amythest_ore":1,"minecraft:wall_torch":2,"minecraft:cobblestone_wall":1,"minecraft:wheat":2,"minecraft:purple_concrete":2,"minecraft:tnt":20,"minecraft:yellow_bed":1,"minecraft:grass_path":2,"minecraft:grass":22,"minecraft:oak_log":17,"minecraft:coal_ore":113,"evilcraft:blood_stain":1,"minecraft:dirt":25,"minecraft:sand":96,"minecraft:lodestone":2,"minecraft:cobweb":7,"minecraft:cracked_stone_bricks":5,"minecraft:stonecutter":1,"minecraft:stone_bricks":7,"minecraft:mossy_stone_bricks":3,"minecraft:oak_leaves":2},"minecraft:broken":{"minecraft:iron_leggings":1,"minecraft:iron_sword":1,"minecraft:iron_pickaxe":1,"minecraft:iron_helmet":1},"minecraft:custom":{"minecraft:interact_with_smithing_table":3,"minecraft:mob_kills":91,"minecraft:interact_with_crafting_table":38,"minecraft:open_barrel":59,"minecraft:eat_cake_slice":2,"minecraft:leave_game":5,"minecraft:time_since_death":22853,"minecraft:climb_one_cm":4382,"minecraft:sprint_one_cm":1141812,"minecraft:walk_one_cm":967199,"minecraft:damage_blocked_by_shield":655,"minecraft:drop":86,"minecraft:sneak_time":15127,"minecraft:deaths":26,"minecraft:walk_under_water_one_cm":36256,"minecraft:jump":5435,"minecraft:interact_with_brewingstand":1,"minecraft:interact_with_blast_furnace":8,"minecraft:walk_on_water_one_cm":66034,"minecraft:interact_with_furnace":68,"tombstone:raider_killed":17,"minecraft:play_one_minute":359063,"minecraft:sleep_in_bed":3,"minecraft:time_since_rest":21134,"minecraft:damage_taken":2147483647,"minecraft:damage_absorbed":80,"minecraft:trigger_trapped_chest":14,"minecraft:damage_dealt":22749,"minecraft:swim_one_cm":27858,"minecraft:fly_one_cm":1408613,"minecraft:open_chest":170,"minecraft:crouch_one_cm":48933,"tombstone:undead_killed":31,"minecraft:fall_one_cm":261339},"minecraft:picked_up":{"iceandfire:copper_ingot":3,"minecraft:iron_chestplate":1,"minecraft:crafting_table":1,"minecraft:wheat":5,"minecraft:sandstone_slab":2,"minecraft:chainmail_boots":1,"iceandfire:copper_ore":2,"minecraft:diamond_sword":2,"minecraft:stone_slab":1,"minecraft:stone_brick_wall":2,"minecraft:potion":1,"minecraft:enchanted_book":7,"alexsmobs:gazelle_horn":1,"chisel:marble/tiles_large":1,"minecraft:string":32,"minecraft:iron_axe":1,"minecraft:iron_leggings":2,"minecraft:sticky_piston":5,"minecraft:item_frame":2,"iceandfire:amythest_gem":1,"minecraft:cracked_stone_bricks":6,"iceandfire:bestiary":1,"minecraft:spruce_planks":3,"minecraft:beef":8,"minecraft:light_gray_wool":9,"minecraft:iron_pickaxe":3,"minecraft:spruce_slab":3,"minecraft:melon_slice":3,"minecraft:iron_boots":3,"minecraft:furnace":1,"minecraft:tipped_arrow":1,"minecraft:stick":7,"minecraft:sandstone":26,"minecraft:jungle_door":1,"minecraft:porkchop":2,"minecraft:torch":11,"evilcraft:origins_of_darkness":1,"minecraft:acacia_log":9,"iceandfire:silver_ore":1,"sophisticatedbackpacks:backpack":1,"apotheosis:common_tome":3,"minecraft:stone_button":2,"tombstone:grave_dust":8,"minecraft:diorite":1,"minecraft:carrot":147,"minecraft:redstone":2,"apotheosis:uncommon_tome":1,"alexsmobs:centipede_leg":1,"minecraft:stone_pressure_plate":1,"minecraft:yellow_banner":9,"minecraft:tnt":18,"minecraft:orange_bed":1,"iceandfire:silver_ingot":1,"evilcraft:box_of_eternal_closure":4,"minecraft:arrow":10,"minecraft:rotten_flesh":17,"minecraft:diamond_chestplate":1,"minecraft:diamond_boots":1,"iceandfire:deathworm_chitin_yellow":19,"minecraft:red_tulip":5,"alexsmobs:emu_egg":1,"minecraft:saddle":1,"minecraft:gold_ingot":2,"minecraft:iron_bars":3,"minecraft:white_wool":18,"minecraft:cobblestone":215,"evilcraft:environmental_accumulation_core":2,"minecraft:andesite":16,"minecraft:cut_sandstone":15,"minecraft:leather":11,"minecraft:oak_log":17,"evilcraft:flesh_humanoid":3,"alexsmobs:cooked_kangaroo_meat":1,"minecraft:yellow_bed":2,"minecraft:cobblestone_wall":17,"artifacts:cloud_in_a_bottle":1,"minecraft:dirt":81,"tombstone:gift":1,"minecraft:name_tag":1,"minecraft:orange_terracotta":3,"minecraft:bone":5,"minecraft:acacia_planks":3,"minecraft:stone_bricks":29,"minecraft:stonecutter":1,"minecraft:wheat_seeds":36,"artifacts:whoopee_cushion":1,"minecraft:iron_ingot":3,"minecraft:iron_ore":104,"apotheosis:digger_book":1,"minecraft:mossy_stone_bricks":4,"minecraft:iron_sword":3,"minecraft:book":6,"iceandfire:copper_nugget":8,"minecraft:cooked_porkchop":2,"chisel:marble/raw":1107,"minecraft:stone_brick_slab":2,"iceandfire:ash":3,"iceandfire:dragon_skull_fire":1,"minecraft:sand":110,"minecraft:spider_eye":7,"minecraft:iron_helmet":1,"minecraft:chainmail_helmet":1,"travelersbackpack:standard":2,"alexsmobs:guster_eye":1,"minecraft:diamond":1,"minecraft:chainmail_leggings":1,"minecraft:granite":4,"minecraft:golden_apple":1,"chisel:basalt/raw":1,"minecraft:golden_horse_armor":2,"minecraft:oak_button":2,"minecraft:lodestone":2,"iceandfire:gorgon_head":1,"minecraft:oak_sapling":6,"minecraft:coal":119}},"DataVersion":2586}