{"stats":{"minecraft:crafted":{"minecraft:glass":36,"travelersbackpack:light_gray_sleeping_bag":1,"minecraft:cooked_cod":10,"minecraft:cooked_porkchop":4,"travelersbackpack:standard":3,"minecraft:air":404,"minecraft:stick":48,"minecraft:iron_ingot":76,"minecraft:gold_ingot":10,"minecraft:torch":4},"minecraft:used":{"minecraft:iron_bars":3,"minecraft:iron_shovel":82,"minecraft:flint_and_steel":1,"minecraft:spruce_slab":5,"minecraft:spruce_planks":1,"minecraft:shield":14,"minecraft:iron_sword":324,"minecraft:orange_bed":1,"iceandfire:copper_ore":2,"minecraft:rotten_flesh":20,"minecraft:torch":128,"iceandfire:silver_ore":1,"minecraft:dirt":34,"minecraft:cobblestone_wall":4,"minecraft:carrot":172,"minecraft:granite":3,"minecraft:iron_hoe":98,"chisel:marble/tiles_large":1,"minecraft:iron_axe":9,"evilcraft:box_of_eternal_closure":4,"minecraft:slime_spawn_egg":3,"minecraft:item_frame":4,"evilcraft:flesh_humanoid":1,"minecraft:stone_bricks":41,"minecraft:bow":17,"chisel:marble/raw":414,"minecraft:cooked_cod":10,"minecraft:furnace":2,"tombstone:gift":6,"minecraft:orange_terracotta":2,"minecraft:yellow_banner":1,"minecraft:water_bucket":14,"minecraft:mossy_stone_bricks":4,"minecraft:diorite":1,"minecraft:iron_ore":1,"minecraft:lodestone":1,"minecraft:oak_planks":16,"minecraft:stone_pickaxe":74,"minecraft:cut_sandstone":1,"minecraft:wooden_pickaxe":9,"minecraft:sandstone":18,"minecraft:stonecutter":1,"chisel:basalt/raw":1,"minecraft:cracked_stone_bricks":1,"minecraft:golden_apple":1,"minecraft:sand":12,"minecraft:tnt":4,"minecraft:crafting_table":8,"tombstone:bag_of_seeds":4,"minecraft:oak_log":17,"minecraft:enderman_spawn_egg":2,"sophisticatedbackpacks:backpack":1,"minecraft:diamond_pickaxe":1,"minecraft:iron_pickaxe":1081,"minecraft:stone_button":1,"minecraft:melon_slice":3,"minecraft:string":6,"minecraft:oak_button":2,"minecraft:bread":8,"iceandfire:ash":4,"minecraft:diamond_sword":39,"minecraft:cobblestone":103,"travelersbackpack:standard":18,"minecraft:andesite":1,"minecraft:bucket":14,"minecraft:cooked_porkchop":6,"minecraft:smithing_table":1,"minecraft:jungle_door":1,"minecraft:sandstone_slab":2,"alexsmobs:animal_dictionary":1,"minecraft:yellow_bed":2,"minecraft:bone_meal":90},"minecraft:dropped":{"minecraft:iron_ingot":6,"minecraft:iron_sword":1,"minecraft:wheat_seeds":27,"chisel:marble/raw":169,"minecraft:spider_spawn_egg":1,"minecraft:cobblestone":64,"minecraft:cracked_stone_bricks":5,"travelersbackpack:standard":2,"travelersbackpack:wolf":1,"minecraft:stick":3,"chisel:marble/tiles_large":163,"minecraft:dirt":15,"apotheosis:common_tome":2,"minecraft:stone_button":1,"iceandfire:copper_nugget":2,"minecraft:torch":25,"minecraft:lodestone":1,"minecraft:sand":18,"minecraft:iron_axe":1,"minecraft:iron_pickaxe":3,"minecraft:chainmail_leggings":1,"minecraft:string":9,"minecraft:white_wool":4,"minecraft:acacia_planks":3,"iceandfire:dragon_skull_fire":1,"minecraft:gold_ingot":1,"minecraft:redstone":2,"alexsmobs:centipede_leg":1,"minecraft:cobblestone_wall":14,"minecraft:wheat":1,"minecraft:rotten_flesh":4,"minecraft:enchanted_golden_apple":1,"alexsmobs:emu_egg":1,"evilcraft:flesh_humanoid":4,"minecraft:chainmail_chestplate":1,"alexsmobs:cooked_kangaroo_meat":1,"minecraft:diamond_chestplate":1,"minecraft:iron_chestplate":1,"iceandfire:silver_ingot":1,"minecraft:stone_brick_wall":3,"minecraft:yellow_banner":4,"minecraft:spider_eye":7,"minecraft:diamond_boots":1,"minecraft:stone_pickaxe":1,"minecraft:wooden_pickaxe":1,"iceandfire:manuscript":1},"minecraft:killed":{"minecraft:cave_spider":8,"minecraft:spider":7,"minecraft:vindicator":3,"minecraft:skeleton":4,"minecraft:drowned":4,"minecraft:silverfish":2,"alexsmobs:centipede_head":1,"iceandfire:deathworm":1,"alexsmobs:frilled_shark":1,"minecraft:husk":3,"alexsmobs:guster":1,"minecraft:pillager":14,"minecraft:donkey":2,"minecraft:zombie":15,"minecraft:cow":4},"minecraft:killed_by":{"minecraft:husk":2,"minecraft:player":1,"iceandfire:deathworm":1,"minecraft:pillager":1,"minecraft:drowned":1,"iceandfire:gorgon":3,"minecraft:cave_spider":1,"minecraft:skeleton":2,"iceandfire:ghost":4,"iceandfire:fire_dragon":3},"minecraft:mined":{"minecraft:diamond_ore":1,"minecraft:spruce_planks":2,"minecraft:stone_pressure_plate":1,"minecraft:yellow_wall_banner":4,"iceandfire:silver_ore":1,"iceandfire:copper_pile":1,"minecraft:granite":1,"minecraft:acacia_log":9,"minecraft:grass_block":15,"evilcraft:environmental_accumulator":1,"chisel:marble/tiles_large":1,"minecraft:spawner":4,"minecraft:furnace":1,"minecraft:carrots":40,"iceandfire:copper_ore":2,"minecraft:iron_ore":102,"minecraft:sticky_piston":5,"minecraft:fire":1,"evilcraft:box_of_eternal_closure":3,"minecraft:andesite":8,"chisel:marble/raw":742,"minecraft:bookshelf":1,"minecraft:red_tulip":1,"minecraft:vine":2,"minecraft:iron_bars":1,"minecraft:stone":148,"minecraft:orange_bed":1,"minecraft:cut_sandstone":1,"chisel:basalt/raw":1,"minecraft:glass_pane":2,"minecraft:orange_terracotta":2,"minecraft:stone_brick_slab":2,"minecraft:crafting_table":1,"minecraft:torch":3,"minecraft:melon":1,"minecraft:tall_grass":3,"minecraft:cobblestone":2,"iceandfire:amythest_ore":1,"minecraft:wall_torch":1,"minecraft:cobblestone_wall":1,"minecraft:wheat":2,"minecraft:purple_concrete":2,"minecraft:tnt":13,"minecraft:yellow_bed":1,"minecraft:grass_path":2,"minecraft:grass":22,"minecraft:oak_log":17,"minecraft:coal_ore":81,"evilcraft:blood_stain":1,"minecraft:dirt":24,"minecraft:sand":96,"minecraft:lodestone":2,"minecraft:cobweb":1,"minecraft:cracked_stone_bricks":5,"minecraft:stonecutter":1,"minecraft:stone_bricks":7,"minecraft:mossy_stone_bricks":3},"minecraft:broken":{"minecraft:iron_leggings":1,"minecraft:iron_sword":1,"minecraft:iron_pickaxe":1,"minecraft:iron_helmet":1},"minecraft:picked_up":{"minecraft:crafting_table":1,"minecraft:wheat":5,"minecraft:sandstone_slab":2,"minecraft:chainmail_boots":1,"iceandfire:copper_ore":2,"minecraft:stone_brick_wall":2,"minecraft:potion":1,"minecraft:enchanted_book":7,"chisel:marble/tiles_large":1,"minecraft:string":18,"minecraft:iron_axe":1,"minecraft:iron_leggings":2,"minecraft:sticky_piston":5,"minecraft:item_frame":2,"iceandfire:amythest_gem":1,"minecraft:cracked_stone_bricks":6,"iceandfire:bestiary":1,"minecraft:spruce_planks":3,"minecraft:beef":8,"minecraft:light_gray_wool":9,"minecraft:iron_pickaxe":3,"minecraft:spruce_slab":3,"minecraft:melon_slice":3,"minecraft:iron_boots":3,"minecraft:furnace":1,"minecraft:stick":6,"minecraft:sandstone":18,"minecraft:jungle_door":1,"minecraft:torch":8,"evilcraft:origins_of_darkness":1,"minecraft:acacia_log":9,"iceandfire:silver_ore":1,"sophisticatedbackpacks:backpack":1,"apotheosis:common_tome":3,"minecraft:stone_button":2,"tombstone:grave_dust":6,"minecraft:diorite":1,"minecraft:carrot":147,"minecraft:redstone":2,"apotheosis:uncommon_tome":1,"alexsmobs:centipede_leg":1,"minecraft:stone_pressure_plate":1,"minecraft:yellow_banner":9,"minecraft:tnt":12,"minecraft:orange_bed":1,"iceandfire:silver_ingot":1,"evilcraft:box_of_eternal_closure":4,"minecraft:arrow":4,"minecraft:rotten_flesh":14,"minecraft:diamond_chestplate":1,"minecraft:diamond_boots":1,"iceandfire:deathworm_chitin_yellow":19,"minecraft:red_tulip":1,"alexsmobs:emu_egg":1,"minecraft:saddle":1,"minecraft:gold_ingot":2,"minecraft:iron_bars":3,"minecraft:white_wool":11,"minecraft:cobblestone":178,"evilcraft:environmental_accumulation_core":1,"minecraft:andesite":16,"minecraft:cut_sandstone":1,"minecraft:leather":11,"minecraft:oak_log":17,"evilcraft:flesh_humanoid":3,"alexsmobs:cooked_kangaroo_meat":1,"minecraft:yellow_bed":2,"minecraft:cobblestone_wall":17,"artifacts:cloud_in_a_bottle":1,"minecraft:dirt":52,"tombstone:gift":1,"minecraft:name_tag":1,"minecraft:orange_terracotta":2,"minecraft:bone":1,"minecraft:acacia_planks":3,"minecraft:stone_bricks":29,"minecraft:stonecutter":1,"minecraft:wheat_seeds":36,"minecraft:iron_ingot":1,"minecraft:iron_ore":104,"apotheosis:digger_book":1,"minecraft:mossy_stone_bricks":4,"minecraft:iron_sword":1,"minecraft:book":6,"iceandfire:copper_nugget":5,"minecraft:cooked_porkchop":2,"chisel:marble/raw":1049,"minecraft:stone_brick_slab":2,"iceandfire:ash":3,"iceandfire:dragon_skull_fire":1,"minecraft:sand":107,"minecraft:spider_eye":7,"travelersbackpack:standard":2,"alexsmobs:guster_eye":1,"minecraft:diamond":1,"minecraft:chainmail_leggings":1,"minecraft:granite":3,"minecraft:golden_apple":1,"chisel:basalt/raw":1,"minecraft:golden_horse_armor":1,"minecraft:oak_button":2,"minecraft:lodestone":2,"iceandfire:gorgon_head":1,"minecraft:oak_sapling":6,"minecraft:coal":84},"minecraft:custom":{"minecraft:interact_with_smithing_table":3,"minecraft:mob_kills":80,"minecraft:interact_with_crafting_table":38,"minecraft:open_barrel":53,"minecraft:eat_cake_slice":2,"minecraft:leave_game":5,"minecraft:time_since_death":8477,"minecraft:climb_one_cm":3531,"minecraft:sprint_one_cm":977546,"minecraft:walk_one_cm":771908,"minecraft:damage_blocked_by_shield":585,"minecraft:drop":71,"minecraft:sneak_time":12399,"minecraft:deaths":21,"minecraft:walk_under_water_one_cm":35003,"minecraft:jump":4305,"minecraft:interact_with_brewingstand":1,"minecraft:interact_with_blast_furnace":8,"minecraft:walk_on_water_one_cm":60286,"minecraft:interact_with_furnace":64,"tombstone:raider_killed":17,"minecraft:play_one_minute":299063,"minecraft:sleep_in_bed":3,"minecraft:time_since_rest":8192,"minecraft:damage_taken":2147483647,"minecraft:damage_absorbed":40,"minecraft:trigger_trapped_chest":13,"minecraft:damage_dealt":19057,"minecraft:swim_one_cm":25835,"minecraft:fly_one_cm":924744,"minecraft:open_chest":139,"minecraft:crouch_one_cm":43410,"tombstone:undead_killed":26,"minecraft:fall_one_cm":140611}},"DataVersion":2586}