{"stats":{"minecraft:broken":{"minecraft:fishing_rod":1},"minecraft:used":{"minecraft:oak_trapdoor":1,"minecraft:trident":16,"minecraft:rose_bush":1,"minecraft:poppy":1,"minecraft:iron_sword":101,"minecraft:iron_chestplate":1,"minecraft:torch":63,"minecraft:dirt":36,"minecraft:tuff":10,"farmersdelight:rope":4,"minecraft:lantern":3,"minecraft:iron_axe":50,"minecraft:oak_stairs":2,"minecraft:iron_helmet":1,"minecraft:iron_boots":1,"minecraft:stone_bricks":2,"minecraft:furnace":2,"tombstone:gift":1,"minecraft:cooked_beef":8,"minecraft:cobbled_deepslate":33,"minecraft:iron_leggings":1,"minecraft:mossy_stone_bricks":1,"minecraft:cooked_mutton":10,"minecraft:water_bucket":5,"minecraft:cobblestone_stairs":1,"minecraft:stone_pickaxe":48,"minecraft:oak_planks":9,"minecraft:wooden_pickaxe":6,"minecraft:oak_slab":4,"minecraft:crafting_table":11,"minecraft:white_bed":4,"minecraft:apple":4,"minecraft:bread":5,"minecraft:iron_pickaxe":520,"minecraft:gravel":5,"minecraft:stone_axe":96,"minecraft:fishing_rod":87,"minecraft:cobblestone":19,"minecraft:andesite":5,"minecraft:bucket":5,"minecraft:oak_boat":1,"minecraft:stripped_oak_log":1,"minecraft:cobweb":6},"minecraft:killed_by":{"minecraft:creeper":1},"minecraft:mined":{"minecraft:dark_oak_planks":2,"alexscaves:spelunkery_table":1,"minecraft:tuff":8,"minecraft:spruce_planks":1,"minecraft:white_bed":2,"minecraft:deepslate_diamond_ore":5,"minecraft:cobblestone_stairs":1,"immersive_weathering:birch_leaf_pile":10,"minecraft:grass_block":2,"minecraft:coal_block":16,"minecraft:spawner":3,"minecraft:hay_block":61,"minecraft:raw_iron_block":1,"minecraft:redstone_ore":1,"minecraft:oak_trapdoor":1,"minecraft:furnace":6,"minecraft:cobbled_deepslate":1,"minecraft:iron_ore":49,"minecraft:barrel":3,"minecraft:andesite":5,"evilcraft:dark_ore":4,"minecraft:bookshelf":20,"minecraft:deepslate_iron_ore":45,"minecraft:oak_stairs":2,"minecraft:stripped_oak_log":1,"iceandfire:podium_spruce":1,"minecraft:stone":86,"minecraft:iron_block":2,"immersive_weathering:oak_leaf_pile":9,"iceandfire:pixie_jar_empty":1,"minecraft:smithing_table":1,"minecraft:deepslate_redstone_ore":6,"minecraft:oak_slab":4,"minecraft:smoker":4,"minecraft:crafting_table":6,"minecraft:torch":2,"minecraft:chest":1,"minecraft:rose_bush":1,"minecraft:cobblestone":6,"minecraft:oak_planks":7,"minecraft:grindstone":1,"minecraft:sugar_cane":12,"minecraft:diorite":3,"minecraft:wall_torch":1,"evilcraft:dark_ore_deepslate":1,"minecraft:birch_log":7,"minecraft:tnt":1,"minecraft:grass":11,"minecraft:coal_ore":219,"minecraft:oak_log":77,"minecraft:gravel":3,"minecraft:dirt":4,"minecraft:cobweb":33,"minecraft:stone_bricks":2,"minecraft:mossy_stone_bricks":1,"minecraft:oak_leaves":1,"minecraft:deepslate":83},"minecraft:crafted":{"minecraft:oak_planks":172,"minecraft:raw_iron":9,"minecraft:cooked_mutton":10,"minecraft:bow":4,"improvableskills:skills_book":1,"minecraft:iron_axe":1,"minecraft:stone_pickaxe":1,"minecraft:chest":2,"sophisticatedbackpacks:iron_backpack":2,"minecraft:cooked_beef":8,"minecraft:coal_block":30,"minecraft:cooked_cod":25,"sophisticatedbackpacks:backpack":2,"minecraft:crafting_table":6,"minecraft:wooden_pickaxe":1,"minecraft:cooked_salmon":25,"minecraft:stone_axe":1,"minecraft:air":0,"minecraft:oak_boat":1,"minecraft:book":2,"minecraft:paper":9,"minecraft:stick":32,"minecraft:iron_ingot":9,"minecraft:iron_pickaxe":1,"minecraft:white_bed":2,"minecraft:torch":56},"minecraft:picked_up":{"minecraft:fishing_rod":2,"minecraft:crafting_table":7,"minecraft:smithing_table":1,"minecraft:diamond_sword":1,"minecraft:wooden_pickaxe":13,"minecraft:oak_stairs":2,"minecraft:enchanted_book":3,"jellyfishing:jellyfish":4,"jellyfishing:jellyfish_net":4,"minecraft:oak_trapdoor":1,"minecraft:string":36,"minecraft:pufferfish":7,"minecraft:experience_bottle":2,"dungeonnowloading:spawner_fragment":12,"iceandfire:bestiary":1,"minecraft:cobbled_deepslate":73,"improvableskills:scroll_normal":20,"minecraft:spruce_planks":1,"minecraft:beef":16,"minecraft:rose_bush":1,"minecraft:iron_pickaxe":1,"minecraft:iron_nugget":1,"minecraft:poppy":1,"minecraft:coal_block":16,"minecraft:sugar_cane":35,"minecraft:chest":1,"minecraft:furnace":6,"minecraft:stick":26,"minecraft:raw_iron":123,"apotheosis:gem":5,"minecraft:torch":3,"tombstone:grave_dust":2,"minecraft:diorite":3,"minecraft:trident":1,"minecraft:redstone":34,"minecraft:dark_oak_planks":2,"minecraft:tnt":1,"minecraft:arrow":7,"minecraft:stone_sword":1,"artifacts:lucky_scarf":1,"minecraft:rotten_flesh":2,"minecraft:tropical_fish":6,"jellyfishing:bubble_jellyfish":1,"minecraft:hay_block":61,"alexscaves:spelunkery_table":1,"minecraft:iron_block":2,"farmersdelight:rope":12,"minecraft:gold_ingot":2,"minecraft:saddle":1,"minecraft:stripped_oak_log":2,"minecraft:rail":3,"minecraft:mutton":10,"minecraft:cobblestone":147,"minecraft:cod":24,"minecraft:white_wool":6,"minecraft:nautilus_shell":4,"minecraft:glow_ink_sac":6,"minecraft:andesite":5,"minecraft:water_bucket":1,"minecraft:salmon":14,"minecraft:leather":14,"minecraft:smoker":4,"minecraft:flint":1,"minecraft:tuff":10,"minecraft:oak_log":74,"minecraft:chainmail_chestplate":1,"minecraft:gunpowder":1,"minecraft:cobblestone_stairs":1,"minecraft:dirt":36,"minecraft:lantern":3,"minecraft:name_tag":5,"minecraft:leather_boots":1,"minecraft:bone":2,"minecraft:stone_bricks":2,"minecraft:apple":4,"iceandfire:pixie_jar_empty":1,"minecraft:bow":8,"minecraft:wheat_seeds":4,"minecraft:grindstone":1,"minecraft:iron_ingot":7,"minecraft:mossy_stone_bricks":1,"minecraft:oak_planks":7,"minecraft:iron_sword":1,"minecraft:book":57,"minecraft:oak_slab":121,"iceandfire:podium_spruce":1,"patchouli:guide_book":3,"minecraft:raw_iron_block":1,"minecraft:gravel":5,"minecraft:white_bed":2,"minecraft:spider_eye":2,"minecraft:barrel":3,"minecraft:diamond":7,"improvableskills:skills_book":2,"evilcraft:dark_gem":26,"minecraft:oak_sapling":84,"minecraft:coal":283},"minecraft:killed":{"minecraft:cave_spider":2,"minecraft:skeleton":5,"artifacts:mimic":1,"minecraft:sheep":6,"minecraft:zombie":4,"minecraft:cow":11},"minecraft:dropped":{"minecraft:water_bucket":1,"minecraft:enchanted_book":1,"minecraft:oak_slab":117,"jellyfishing:bubble_jellyfish":1,"minecraft:wheat_seeds":4,"minecraft:glow_ink_sac":6,"minecraft:tnt":1,"minecraft:crafting_table":1,"minecraft:tropical_fish":6,"minecraft:rail":3,"minecraft:pufferfish":7,"minecraft:diorite":3,"minecraft:torch":9,"minecraft:iron_leggings":2,"minecraft:iron_axe":1,"minecraft:iron_pickaxe":2,"minecraft:paper":1,"minecraft:dark_oak_planks":2,"minecraft:fishing_rod":2,"minecraft:stone_axe":1,"minecraft:iron_nugget":1,"minecraft:rotten_flesh":2,"minecraft:oak_planks":1,"minecraft:iron_boots":1,"minecraft:stripped_oak_log":1,"improvableskills:skills_book":2,"jellyfishing:jellyfish":4,"dungeonnowloading:spawner_fragment":12,"patchouli:guide_book":3,"minecraft:chainmail_chestplate":1,"minecraft:diamond_sword":1,"minecraft:spruce_planks":1,"minecraft:chainmail_boots":1,"apotheosis:gem":2,"minecraft:leather_boots":1,"minecraft:oak_sapling":84,"minecraft:chest":1,"improvableskills:scroll_normal":1,"minecraft:arrow":2,"minecraft:bow":4,"minecraft:wooden_pickaxe":14,"minecraft:stone_pickaxe":1,"jellyfishing:jellyfish_net":4,"minecraft:nautilus_shell":4,"sophisticatedbackpacks:iron_backpack":1},"minecraft:custom":{"minecraft:mob_kills":30,"minecraft:interact_with_crafting_table":16,"minecraft:open_barrel":19,"minecraft:damage_dealt_resisted":0,"minecraft:leave_game":2,"minecraft:time_since_death":181837,"minecraft:climb_one_cm":6071,"minecraft:sprint_one_cm":361817,"minecraft:walk_one_cm":302060,"minecraft:drop":94,"minecraft:play_time":183173,"minecraft:deaths":1,"minecraft:sneak_time":747,"minecraft:walk_under_water_one_cm":10092,"minecraft:jump":1496,"minecraft:walk_on_water_one_cm":17288,"minecraft:total_world_time":183173,"minecraft:interact_with_furnace":30,"minecraft:interact_with_loom":1,"minecraft:sleep_in_bed":4,"minecraft:time_since_rest":59942,"minecraft:waystone_activated":1,"minecraft:damage_taken":1537,"minecraft:trigger_trapped_chest":1,"minecraft:damage_dealt":4573,"tombstone:cast_on_ally":1,"minecraft:fly_one_cm":315240,"minecraft:swim_one_cm":39399,"minecraft:open_chest":27,"minecraft:crouch_one_cm":652,"tombstone:undead_killed":9,"minecraft:interact_with_smoker":1,"minecraft:fish_caught":44,"minecraft:fall_one_cm":31572}},"DataVersion":3465}