{"stats":{"minecraft:used":{"minecraft:stone_axe":45,"minecraft:crafting_table":1,"minecraft:stone_pickaxe":45,"minecraft:wooden_pickaxe":6},"minecraft:killed_by":{"minecraft:creeper":1},"minecraft:mined":{"minecraft:grass":3,"minecraft:coal_ore":33,"minecraft:oak_log":38,"minecraft:stone":18,"minecraft:crafting_table":1,"immersive_weathering:oak_leaf_pile":3},"minecraft:crafted":{"minecraft:oak_planks":16,"minecraft:stone_axe":1,"minecraft:crafting_table":1,"minecraft:stick":8,"minecraft:stone_pickaxe":1,"minecraft:wooden_pickaxe":1},"minecraft:picked_up":{"minecraft:crafting_table":1,"minecraft:stick":12,"minecraft:apple":3,"minecraft:oak_log":39,"minecraft:oak_sapling":13,"minecraft:coal":33,"minecraft:dirt":30,"minecraft:cobblestone":18},"minecraft:dropped":{"minecraft:wooden_pickaxe":1},"minecraft:custom":{"minecraft:time_since_rest":4078,"minecraft:walk_one_cm":11315,"minecraft:play_time":5641,"minecraft:sprint_one_cm":11718,"minecraft:damage_taken":370,"minecraft:deaths":1,"minecraft:sneak_time":2,"minecraft:drop":1,"minecraft:jump":22,"minecraft:leave_game":1,"minecraft:time_since_death":4305,"minecraft:total_world_time":5641,"minecraft:interact_with_crafting_table":2,"minecraft:fall_one_cm":478,"minecraft:fly_one_cm":1633}},"DataVersion":3465}