{"stats":{"minecraft:mined":{"minecraft:hay_block":25,"minecraft:grass":1,"minecraft:glass_pane":2,"iceandfire:lectern":1,"minecraft:tall_grass":1},"minecraft:picked_up":{"minecraft:item_frame":2,"minecraft:experience_bottle":1,"minecraft:golden_leggings":1,"iceandfire:lectern":1,"minecraft:wheat_seeds":1,"minecraft:hay_block":25,"minecraft:iron_ingot":3,"minecraft:gold_ingot":1},"minecraft:custom":{"minecraft:time_since_rest":4712,"minecraft:open_chest":3,"minecraft:play_one_minute":4712,"minecraft:crouch_one_cm":71,"minecraft:interact_with_furnace":1,"minecraft:sprint_one_cm":10742,"minecraft:damage_taken":35,"minecraft:walk_one_cm":16748,"minecraft:sneak_time":8,"minecraft:drop":1,"minecraft:jump":33,"minecraft:damage_dealt":17,"minecraft:leave_game":1,"minecraft:time_since_death":4712,"minecraft:fall_one_cm":546,"minecraft:fly_one_cm":3828},"minecraft:dropped":{"minecraft:wheat_seeds":1},"minecraft:used":{"minecraft:item_frame":2,"minecraft:apple":1,"minecraft:experience_bottle":1}},"DataVersion":2586}