{"stats":{"minecraft:used":{"minecraft:cooked_mutton":1,"minecraft:water_bucket":2,"minecraft:trident":9,"minecraft:cobblestone_stairs":1,"minecraft:stone_pickaxe":48,"minecraft:wooden_pickaxe":6,"minecraft:torch":2,"minecraft:dirt":9,"minecraft:crafting_table":5,"minecraft:white_bed":3,"minecraft:apple":4,"minecraft:iron_axe":8,"minecraft:iron_pickaxe":17,"minecraft:stone_axe":96,"minecraft:fishing_rod":13,"minecraft:furnace":1,"minecraft:bucket":2,"minecraft:oak_boat":1},"minecraft:killed_by":{"minecraft:creeper":1},"minecraft:mined":{"minecraft:dark_oak_planks":2,"minecraft:spruce_planks":1,"minecraft:white_bed":2,"minecraft:cobblestone_stairs":1,"minecraft:crafting_table":5,"minecraft:torch":1,"minecraft:grass_block":1,"minecraft:chest":1,"minecraft:sugar_cane":6,"minecraft:spawner":1,"minecraft:furnace":2,"minecraft:barrel":3,"minecraft:grass":5,"minecraft:oak_log":72,"minecraft:coal_ore":49,"minecraft:stone":18,"minecraft:oak_leaves":1,"immersive_weathering:oak_leaf_pile":9},"minecraft:picked_up":{"minecraft:crafting_table":5,"minecraft:water_bucket":1,"minecraft:salmon":3,"minecraft:leather":8,"minecraft:oak_log":69,"jellyfishing:jellyfish":2,"minecraft:cobblestone_stairs":1,"minecraft:dirt":31,"minecraft:leather_boots":1,"dungeonnowloading:spawner_fragment":3,"minecraft:apple":4,"improvableskills:scroll_normal":4,"minecraft:spruce_planks":1,"minecraft:beef":8,"minecraft:iron_nugget":1,"minecraft:sugar_cane":12,"minecraft:chest":1,"minecraft:furnace":2,"minecraft:stick":20,"minecraft:torch":1,"minecraft:white_bed":2,"minecraft:barrel":3,"minecraft:dark_oak_planks":2,"minecraft:rotten_flesh":1,"minecraft:tropical_fish":5,"minecraft:oak_sapling":19,"minecraft:cod":8,"minecraft:mutton":10,"minecraft:coal":75,"minecraft:white_wool":6,"minecraft:cobblestone":18},"minecraft:crafted":{"minecraft:cooked_beef":8,"minecraft:cooked_cod":5,"minecraft:oak_planks":24,"minecraft:crafting_table":2,"minecraft:wooden_pickaxe":1,"minecraft:cooked_salmon":14,"minecraft:stone_axe":1,"minecraft:cooked_mutton":10,"minecraft:air":0,"minecraft:oak_boat":1,"minecraft:iron_axe":1,"minecraft:stick":8,"minecraft:iron_pickaxe":1,"minecraft:stone_pickaxe":1,"minecraft:white_bed":1,"minecraft:torch":16},"minecraft:killed":{"minecraft:sheep":6,"minecraft:zombie":1,"minecraft:cow":6},"minecraft:dropped":{"minecraft:stone_axe":1,"minecraft:iron_nugget":1,"minecraft:rotten_flesh":1,"minecraft:tropical_fish":5,"jellyfishing:jellyfish":2,"minecraft:spruce_planks":1,"minecraft:stone_pickaxe":1,"minecraft:wooden_pickaxe":1,"minecraft:dark_oak_planks":2},"minecraft:custom":{"minecraft:interact_with_furnace":6,"minecraft:mob_kills":13,"minecraft:interact_with_crafting_table":6,"minecraft:open_barrel":2,"minecraft:leave_game":2,"minecraft:time_since_death":31837,"minecraft:sleep_in_bed":3,"minecraft:time_since_rest":4402,"minecraft:sprint_one_cm":76311,"minecraft:damage_taken":400,"minecraft:walk_one_cm":51769,"minecraft:drop":10,"minecraft:damage_dealt":1281,"minecraft:swim_one_cm":26651,"minecraft:fly_one_cm":54269,"minecraft:open_chest":1,"minecraft:crouch_one_cm":153,"minecraft:play_time":33173,"tombstone:undead_killed":1,"minecraft:deaths":1,"minecraft:sneak_time":209,"minecraft:walk_under_water_one_cm":4287,"minecraft:jump":263,"minecraft:walk_on_water_one_cm":6295,"minecraft:total_world_time":33173,"minecraft:fish_caught":8,"minecraft:fall_one_cm":5138}},"DataVersion":3465}