{"stats":{"minecraft:killed":{"minecraft:cave_spider":15,"minecraft:spider":17,"minecraft:skeleton":8,"minecraft:silverfish":1,"artifacts:mimic":1,"minecraft:zombie_villager":1,"minecraft:creeper":1,"minecraft:trader_llama":1,"minecraft:pillager":6,"minecraft:zombie":14,"minecraft:stray":2,"alexsmobs:fly":1,"iceandfire:sea_serpent":1,"minecraft:cow":9,"minecraft:vindicator":1,"minecraft:husk":4,"iceandfire:cyclops":1,"minecraft:wandering_trader":1,"alexsmobs:crow":1},"minecraft:mined":{"chisel:planks/spruce/braced_planks":1,"minecraft:spruce_planks":81,"minecraft:stone_pressure_plate":3,"minecraft:oak_sapling":5,"minecraft:farmland":1,"minecraft:brewing_stand":2,"minecraft:spruce_trapdoor":21,"minecraft:granite":189,"minecraft:acacia_log":58,"minecraft:grass_block":1645,"iceandfire:lectern":2,"minecraft:coal_block":6,"minecraft:oxeye_daisy":3,"minecraft:spawner":9,"iceandfire:crackled_cobblestone":1,"minecraft:smooth_stone":2,"minecraft:iron_ore":351,"minecraft:barrel":5,"minecraft:fire":1,"minecraft:anvil":1,"minecraft:fletching_table":1,"minecraft:azure_bluet":3,"minecraft:skeleton_wall_skull":2,"chisel:limestone/raw":119,"minecraft:iron_bars":10,"minecraft:potted_cornflower":1,"minecraft:spruce_slab":22,"iceandfire:chared_cobblestone":3,"minecraft:smoker":7,"minecraft:torch":53,"minecraft:blast_furnace":13,"minecraft:poppy":12,"minecraft:chest":40,"minecraft:mushroom_stem":33,"minecraft:spruce_wall_sign":14,"minecraft:smooth_quartz_slab":1,"minecraft:cobblestone":10,"minecraft:cyan_bed":1,"minecraft:sugar_cane":6,"minecraft:grindstone":4,"minecraft:wall_torch":7,"minecraft:skeleton_skull":5,"minecraft:white_terracotta":3,"chisel:marble/slanted":12,"minecraft:birch_log":14,"minecraft:wheat":2,"minecraft:lilac":1,"chisel:planks/spruce/stacked":15,"minecraft:tnt":6,"minecraft:stone_brick_stairs":147,"minecraft:grass":353,"minecraft:oak_log":1510,"minecraft:sand":119,"minecraft:dirt":396,"minecraft:dispenser":1,"minecraft:zombie_wall_head":4,"minecraft:stonecutter":2,"minecraft:oak_leaves":475,"iceandfire:chared_stone":1,"minecraft:diamond_ore":30,"iceandfire:silver_ore":10,"minecraft:mossy_cobblestone":1,"minecraft:ladder":1,"minecraft:purple_terracotta":2,"minecraft:spruce_fence":2,"chisel:stone_bricks/weaver":2,"minecraft:spruce_leaves":138,"minecraft:hay_block":26,"minecraft:redstone_ore":49,"minecraft:spruce_sapling":5,"minecraft:furnace":22,"iceandfire:copper_ore":19,"chisel:marble/layers":4,"chisel:stone_bricks/tiles_small":3,"minecraft:snow":2,"minecraft:andesite":326,"chisel:marble/road":4,"chisel:marble/raw":245,"evilcraft:dark_ore":56,"minecraft:gold_block":3,"minecraft:bookshelf":42,"minecraft:potatoes":71,"minecraft:vine":6,"minecraft:lantern":35,"minecraft:stone":2521,"minecraft:bone_block":34,"minecraft:pink_terracotta":1,"minecraft:podzol":125,"minecraft:smithing_table":3,"minecraft:glass_pane":2,"minecraft:potted_lily_of_the_valley":2,"minecraft:stone_brick_slab":55,"minecraft:dandelion":2,"minecraft:oak_fence":12,"minecraft:crafting_table":12,"minecraft:emerald_ore":13,"minecraft:rose_bush":2,"minecraft:tall_grass":41,"minecraft:lapis_ore":54,"minecraft:diorite":321,"minecraft:spruce_stairs":10,"minecraft:red_terracotta":15,"minecraft:trapped_chest":1,"minecraft:cobblestone_wall":16,"chisel:stone_bricks/pillar":3,"minecraft:spruce_log":999,"chisel:stone_bricks/twisted":1,"minecraft:quartz_pillar":202,"chisel:marble/encased_bricks":8,"minecraft:yellow_bed":1,"chisel:marble/triple_bricks":4,"minecraft:coal_ore":998,"minecraft:zombie_head":1,"minecraft:gravel":68,"minecraft:lodestone":1,"minecraft:cobweb":32,"minecraft:cracked_stone_bricks":5,"chisel:marble/prism":1,"minecraft:acacia_planks":2,"minecraft:stone_bricks":83,"minecraft:mossy_stone_bricks":2,"minecraft:gold_ore":68,"minecraft:chipped_anvil":2},"minecraft:custom":{"minecraft:interact_with_crafting_table":142,"minecraft:open_barrel":32,"minecraft:leave_game":34,"minecraft:time_since_death":853535,"minecraft:sprint_one_cm":2151775,"minecraft:drop":538,"minecraft:jump":8228,"minecraft:walk_on_water_one_cm":56131,"minecraft:enchant_item":6,"minecraft:interact_with_furnace":82,"minecraft:play_one_minute":853535,"minecraft:sleep_in_bed":16,"minecraft:damage_dealt":20384,"minecraft:player_kills":1,"minecraft:crouch_one_cm":95763,"tombstone:undead_killed":29,"minecraft:horse_one_cm":458123,"tombstone:villager_killed":1,"minecraft:interact_with_smoker":31,"minecraft:interact_with_smithing_table":1,"minecraft:interact_with_anvil":1,"minecraft:mob_kills":87,"minecraft:climb_one_cm":8846,"minecraft:walk_one_cm":2342197,"minecraft:sneak_time":32150,"minecraft:walk_under_water_one_cm":24896,"minecraft:boat_one_cm":174370,"minecraft:interact_with_blast_furnace":78,"tombstone:raider_killed":7,"minecraft:interact_with_grindstone":3,"minecraft:time_since_rest":91117,"minecraft:damage_taken":5371,"minecraft:damage_absorbed":120,"minecraft:trigger_trapped_chest":2,"tombstone:cast_on_ally":1,"minecraft:swim_one_cm":38618,"minecraft:fly_one_cm":1813115,"minecraft:open_chest":598,"minecraft:fall_one_cm":125627},"minecraft:picked_up":{"minecraft:wheat":5,"minecraft:flower_pot":2,"iceandfire:copper_ore":15,"minecraft:smithing_table":3,"minecraft:lead":7,"minecraft:enchanted_book":1,"minecraft:stone_brick_stairs":13,"minecraft:brewing_stand":1,"minecraft:string":58,"minecraft:cooked_salmon":2,"minecraft:iron_leggings":1,"minecraft:experience_bottle":2,"minecraft:zombie_head":2,"minecraft:diamond_leggings":1,"minecraft:smooth_stone":43,"minecraft:bucket":1,"minecraft:spruce_planks":740,"minecraft:rose_bush":2,"minecraft:iron_pickaxe":2,"minecraft:coal_block":6,"evilcraft:blood_extractor":1,"minecraft:iron_boots":3,"minecraft:furnace":11,"minecraft:tipped_arrow":1,"minecraft:stick":120,"minecraft:acacia_fence":1,"minecraft:torch":13,"minecraft:acacia_log":38,"iceandfire:silver_ore":10,"minecraft:porkchop":3,"tombstone:grave_dust":4,"minecraft:diorite":334,"minecraft:pink_terracotta":1,"minecraft:rotten_flesh":6,"alexsmobs:emu_egg":2,"minecraft:iron_bars":4,"minecraft:cod":3,"minecraft:snowball":3,"minecraft:cobblestone":1553,"chisel:stone_bricks/weaver":1,"minecraft:birch_log":57,"minecraft:lilac":1,"minecraft:andesite":225,"minecraft:golden_leggings":1,"minecraft:smoker":4,"minecraft:potato":219,"chisel:stone_bricks/twisted":1,"evilcraft:flesh_humanoid":1,"minecraft:acacia_boat":5,"minecraft:lapis_lazuli":454,"minecraft:dirt":8401,"minecraft:bone":10,"minecraft:chipped_anvil":1,"minecraft:acacia_planks":45,"minecraft:stonecutter":1,"minecraft:wheat_seeds":87,"minecraft:grindstone":3,"apotheosis:digger_book":1,"minecraft:mossy_stone_bricks":1,"minecraft:oak_planks":117,"minecraft:honeycomb":12,"minecraft:cooked_porkchop":10,"iceandfire:dragon_skull_fire":2,"evilcraft:dark_gem_crushed":35,"apotheosis:null_book":1,"minecraft:sand":114,"sophisticatedbackpacks:iron_backpack":2,"minecraft:lily_of_the_valley":2,"minecraft:acacia_stairs":2,"minecraft:trapped_chest":1,"minecraft:barrel":5,"minecraft:mossy_cobblestone":1,"iceandfire:chared_cobblestone":3,"artifacts:plastic_drinking_hat":1,"minecraft:dispenser":1,"minecraft:diamond":108,"iceandfire:lectern":2,"minecraft:granite":181,"minecraft:emerald":22,"minecraft:bone_meal":354,"minecraft:chainmail_helmet":1,"chisel:basalt/raw":1,"minecraft:spruce_sign":9,"minecraft:bread":64,"minecraft:oak_sapling":211,"minecraft:netherrack":64,"iceandfire:dragon_skull_lightning":2,"minecraft:crafting_table":7,"minecraft:azure_bluet":17,"minecraft:ladder":3,"apotheosis:weapon_book":1,"minecraft:gold_block":2,"minecraft:shield":1,"minecraft:cornflower":15,"minecraft:item_frame":16,"minecraft:iron_shovel":2,"minecraft:cracked_stone_bricks":4,"iceandfire:bestiary":1,"apotheosis:scrap_tome":1,"apotheosis:armor_feet_book":1,"minecraft:beef":19,"minecraft:iron_nugget":4,"minecraft:poppy":14,"minecraft:spruce_slab":3,"minecraft:sugar_cane":14,"minecraft:chest":7,"minecraft:spruce_trapdoor":6,"iceandfire:dragonbone":62,"minecraft:stone":1122,"artifacts:charm_of_sinking":1,"minecraft:spruce_fence":2,"evilcraft:dark_spike":10,"apotheosis:common_tome":1,"minecraft:quartz_pillar":191,"minecraft:redstone":212,"minecraft:stone_pressure_plate":4,"minecraft:purple_terracotta":1,"minecraft:tnt":3,"iceandfire:silver_ingot":18,"chisel:planks/spruce/stacked":2,"minecraft:arrow":12,"iceandfire:cyclops_eye":1,"chisel:planks/spruce/braced_planks":1,"minecraft:diamond_boots":1,"minecraft:hay_block":31,"minecraft:gold_ingot":69,"minecraft:mutton":5,"minecraft:bone_block":34,"minecraft:skeleton_skull":5,"minecraft:white_wool":5,"minecraft:salmon":3,"minecraft:leather":26,"alexsmobs:acacia_blossom":2,"minecraft:mushroom_stew":2,"minecraft:oak_log":3281,"minecraft:cobblestone_wall":3,"minecraft:yellow_bed":1,"minecraft:gunpowder":1,"chisel:stone_bricks/pillar":43,"minecraft:cooked_mutton":10,"minecraft:apple":13,"minecraft:stone_bricks":95,"minecraft:iron_ingot":48,"minecraft:stone_pickaxe":1,"minecraft:cooked_chicken":7,"minecraft:iron_ore":334,"minecraft:iron_sword":3,"minecraft:acacia_sapling":13,"iceandfire:crackled_cobblestone":2,"minecraft:book":73,"chisel:marble/prism":14,"chisel:marble/raw":54,"minecraft:dandelion":3,"minecraft:gravel":2,"minecraft:spruce_sapling":16,"minecraft:blast_furnace":8,"minecraft:spruce_log":2130,"minecraft:gold_ore":72,"minecraft:spider_eye":6,"travelersbackpack:standard":1,"minecraft:slime_ball":4,"minecraft:chainmail_leggings":1,"evilcraft:dark_gem":239,"minecraft:baked_potato":64,"tombstone:magic_scroll":1,"minecraft:smooth_quartz_slab":1,"minecraft:coal":1339},"minecraft:used":{"alexsmobs:emu_egg":2,"minecraft:iron_shovel":2251,"minecraft:smooth_quartz_slab":1,"minecraft:spruce_slab":218,"minecraft:ladder":1,"chisel:stone_bricks/tiles_small":3,"minecraft:chest":224,"minecraft:stone":302,"minecraft:iron_sword":494,"minecraft:pink_terracotta":1,"minecraft:acacia_sapling":10,"chisel:stone_bricks/twisted":1,"minecraft:snowball":1,"minecraft:lantern":32,"chisel:stone_bricks/weaver":2,"minecraft:stone_brick_stairs":490,"chisel:marble/layers":4,"minecraft:stone_bricks":103,"chisel:marble/raw":10,"minecraft:item_frame":6,"minecraft:oak_sapling":327,"minecraft:furnace":29,"minecraft:skeleton_skull":15,"minecraft:potato":153,"minecraft:mossy_stone_bricks":1,"minecraft:wither_skeleton_skull":2,"minecraft:oak_planks":20,"minecraft:diamond_axe":637,"minecraft:golden_apple":3,"minecraft:sand":2,"minecraft:blast_furnace":18,"minecraft:shears":298,"minecraft:zombie_head":7,"minecraft:bread":140,"iceandfire:chared_cobblestone":3,"iceandfire:dragon_skull_fire":1,"minecraft:grindstone":2,"minecraft:andesite":2,"minecraft:smithing_table":2,"minecraft:birch_log":14,"minecraft:oak_fence":67,"minecraft:air":1,"chisel:planks/spruce/braced_planks":1,"minecraft:bone_meal":48,"minecraft:cobweb":7,"minecraft:experience_bottle":18,"chisel:stone_bricks/pillar":60,"minecraft:iron_bars":264,"minecraft:enchanting_table":1,"minecraft:acacia_log":54,"minecraft:flint_and_steel":5,"minecraft:spruce_planks":964,"minecraft:cooked_chicken":1,"minecraft:torch":503,"minecraft:dirt":976,"minecraft:anvil":3,"minecraft:spruce_stairs":230,"minecraft:spruce_fence":2,"minecraft:oak_fence_gate":4,"chisel:marble/weaver":12,"minecraft:stone_brick_slab":158,"minecraft:chipped_anvil":1,"minecraft:bookshelf":52,"minecraft:iron_axe":240,"minecraft:barrel":64,"minecraft:glowstone":9,"tombstone:gift":1,"chisel:marble/encased_bricks":8,"minecraft:stone_pressure_plate":2,"chisel:planks/spruce/stacked":32,"minecraft:acacia_planks":88,"minecraft:acacia_boat":4,"minecraft:water_bucket":33,"minecraft:baked_potato":83,"chisel:marble/prism":10,"minecraft:spruce_sign":25,"minecraft:stonecutter":1,"minecraft:cracked_stone_bricks":3,"minecraft:crafting_table":16,"minecraft:white_bed":2,"minecraft:spruce_log":1410,"minecraft:smoker":8,"minecraft:oak_log":1490,"minecraft:diamond_pickaxe":4267,"minecraft:apple":1,"minecraft:acacia_stairs":1,"chisel:marble/triple_bricks":144,"minecraft:iron_pickaxe":1888,"minecraft:spruce_trapdoor":208,"minecraft:spruce_sapling":141,"iceandfire:crackled_cobblestone":1,"minecraft:cobblestone":153,"minecraft:cooked_porkchop":1,"minecraft:bucket":34,"chisel:marble/road":4,"minecraft:yellow_bed":1,"chisel:marble/slanted":12},"minecraft:dropped":{"sophisticatedbackpacks:iron_backpack":2,"minecraft:acacia_boat":3,"minecraft:oak_log":3326,"chisel:marble/raw":55,"minecraft:baked_potato":15,"minecraft:fletching_table":1,"minecraft:cracked_stone_bricks":1,"minecraft:quartz_pillar":2,"travelersbackpack:standard":2,"minecraft:item_frame":13,"minecraft:dirt":6815,"minecraft:grass":6,"minecraft:cornflower":13,"minecraft:snowball":3,"minecraft:gold_nugget":8,"minecraft:bone_meal":612,"minecraft:iron_pickaxe":8,"minecraft:birch_log":44,"minecraft:gold_ingot":5,"minecraft:gravel":2,"minecraft:sugar_cane":1,"minecraft:iron_nugget":16,"minecraft:wheat":2,"chisel:marble/prism":27,"minecraft:rotten_flesh":16,"minecraft:oak_planks":117,"minecraft:quartz_bricks":4,"chisel:basalt/raw":1,"minecraft:azure_bluet":19,"minecraft:acacia_stairs":1,"iceandfire:copper_ore":3,"sophisticatedbackpacks:diamond_backpack":1,"iceandfire:shiny_scales":1,"minecraft:poppy":14,"iceandfire:bestiary":1,"minecraft:spruce_pressure_plate":1,"chisel:stone_bricks/twisted":1,"minecraft:ladder":1,"minecraft:acacia_sapling":17,"iceandfire:crackled_cobblestone":1,"minecraft:chest":2,"minecraft:spruce_slab":1,"minecraft:iron_bars":34,"minecraft:arrow":4,"minecraft:stone_brick_stairs":8,"minecraft:acacia_fence":1,"minecraft:netherrack":64,"alexsmobs:mosquito_proboscis":2,"minecraft:bread":2,"minecraft:water_bucket":2,"minecraft:golden_boots":1,"minecraft:iron_ingot":3,"minecraft:purple_terracotta":1,"minecraft:wheat_seeds":78,"minecraft:lilac":1,"minecraft:tnt":4,"minecraft:poisonous_potato":3,"minecraft:oak_fence":15,"minecraft:cobblestone":2294,"minecraft:spectral_arrow":1,"minecraft:apple":6,"minecraft:granite":168,"minecraft:coal":341,"minecraft:oxeye_daisy":1,"evilcraft:blood_extractor":1,"minecraft:diorite":332,"minecraft:ink_sac":3,"iceandfire:copper_nugget":8,"minecraft:lodestone":1,"minecraft:rose_bush":2,"chisel:stone_bricks/pillar":42,"minecraft:smooth_stone":43,"minecraft:chainmail_leggings":1,"minecraft:acacia_planks":42,"minecraft:spruce_sapling":61,"minecraft:dandelion":3,"minecraft:furnace":9,"alexsmobs:acacia_blossom":6,"minecraft:cobblestone_wall":14,"minecraft:red_banner":1,"minecraft:iron_boots":1,"minecraft:smoker":3,"chisel:stone_bricks/weaver":1,"minecraft:white_terracotta":2,"minecraft:spruce_fence":2,"minecraft:red_terracotta":12,"minecraft:lily_of_the_valley":2,"minecraft:blast_furnace":7,"minecraft:filled_map":1,"minecraft:stone":1132,"minecraft:flower_pot":3,"minecraft:spruce_trapdoor":4,"minecraft:spruce_planks":2936,"minecraft:diamond_pickaxe":1,"minecraft:andesite":349,"iceandfire:silver_ingot":19,"minecraft:golden_leggings":1,"minecraft:oak_sapling":95,"minecraft:spider_eye":7,"minecraft:stone_pressure_plate":2,"minecraft:barrel":1,"minecraft:stone_bricks":102,"minecraft:slime_ball":1,"minecraft:spruce_log":2650,"minecraft:stone_pickaxe":1},"minecraft:broken":{"minecraft:iron_shovel":7,"minecraft:shears":1,"minecraft:iron_chestplate":1,"minecraft:iron_sword":2,"minecraft:diamond_axe":1,"minecraft:iron_axe":4,"minecraft:iron_pickaxe":6,"minecraft:iron_helmet":1},"minecraft:crafted":{"minecraft:smooth_stone":149,"minecraft:barrel":16,"minecraft:stone":503,"minecraft:spruce_pressure_plate":1,"minecraft:glass":282,"evilcraft:blood_extractor":12,"minecraft:chest":5,"minecraft:oak_fence":60,"chisel:diamond_chisel":1,"sophisticatedbackpacks:backpack":2,"minecraft:cooked_porkchop":9,"minecraft:crafting_table":4,"minecraft:baked_potato":76,"minecraft:sticky_piston":1,"sophisticatedbackpacks:upgrade_base":3,"minecraft:spruce_trapdoor":50,"minecraft:diamond_pickaxe":1,"sophisticatedbackpacks:diamond_backpack":1,"minecraft:stick":4,"minecraft:iron_ingot":359,"minecraft:iron_pickaxe":4,"minecraft:iron_block":8,"minecraft:gold_ingot":37,"sophisticatedbackpacks:advanced_pickup_upgrade":1,"evilcraft:dark_spike":128,"sophisticatedbackpacks:stack_upgrade_tier_1":1,"minecraft:piston":1,"minecraft:spruce_stairs":20,"minecraft:iron_axe":2,"minecraft:spruce_slab":42,"sophisticatedbackpacks:stack_upgrade_tier_2":1,"sophisticatedbackpacks:iron_backpack":2,"minecraft:cooked_beef":14,"iceandfire:copper_ingot":25,"iceandfire:silver_ingot":50,"minecraft:enchanting_table":1,"sophisticatedbackpacks:gold_backpack":1,"minecraft:acacia_boat":1,"minecraft:air":11712,"minecraft:oak_fence_gate":4,"sophisticatedbackpacks:pickup_upgrade":1,"minecraft:white_bed":2,"minecraft:torch":304}},"DataVersion":2586}