{"stats":{"minecraft:crafted":{"sophisticatedbackpacks:backpack":1,"minecraft:crafting_table":1,"minecraft:air":346,"minecraft:iron_axe":1,"minecraft:stick":4,"minecraft:iron_pickaxe":1,"sophisticatedbackpacks:iron_backpack":1},"minecraft:mined":{"minecraft:smithing_table":1,"minecraft:stone_pressure_plate":1,"minecraft:glass_pane":2,"minecraft:crafting_table":3,"minecraft:acacia_log":28,"minecraft:grass_block":1,"iceandfire:lectern":2,"minecraft:coal_block":6,"minecraft:tall_grass":3,"minecraft:grindstone":1,"iceandfire:crackled_cobblestone":1,"minecraft:hay_block":25,"minecraft:furnace":2,"minecraft:iron_ore":4,"minecraft:wheat":2,"minecraft:yellow_bed":1,"minecraft:grass":7,"minecraft:bookshelf":8,"minecraft:coal_ore":10,"minecraft:cobweb":7},"minecraft:killed":{"minecraft:creeper":1,"minecraft:cow":2},"minecraft:custom":{"minecraft:interact_with_furnace":1,"minecraft:mob_kills":3,"minecraft:interact_with_crafting_table":6,"minecraft:play_one_minute":28712,"minecraft:leave_game":1,"minecraft:time_since_death":28712,"minecraft:climb_one_cm":96,"minecraft:time_since_rest":28712,"minecraft:sprint_one_cm":105950,"minecraft:damage_taken":180,"minecraft:walk_one_cm":65536,"minecraft:drop":17,"minecraft:damage_dealt":530,"minecraft:fly_one_cm":102036,"minecraft:open_chest":24,"minecraft:crouch_one_cm":113,"minecraft:sneak_time":21,"minecraft:jump":463,"minecraft:walk_on_water_one_cm":410,"minecraft:fall_one_cm":11186},"minecraft:picked_up":{"iceandfire:dragon_skull_lightning":1,"minecraft:crafting_table":3,"minecraft:wheat":1,"minecraft:lead":1,"minecraft:smithing_table":1,"minecraft:leather":8,"minecraft:golden_leggings":1,"alexsmobs:acacia_blossom":2,"minecraft:enchanted_book":1,"minecraft:yellow_bed":1,"minecraft:gunpowder":1,"minecraft:dirt":17,"minecraft:string":7,"minecraft:iron_leggings":1,"minecraft:item_frame":11,"minecraft:experience_bottle":2,"minecraft:acacia_planks":26,"minecraft:wheat_seeds":8,"minecraft:iron_ingot":6,"minecraft:grindstone":1,"minecraft:beef":5,"minecraft:iron_ore":4,"minecraft:iron_pickaxe":1,"minecraft:coal_block":6,"minecraft:acacia_sapling":10,"minecraft:iron_sword":1,"iceandfire:crackled_cobblestone":2,"minecraft:furnace":2,"minecraft:book":24,"minecraft:stick":4,"iceandfire:dragonbone":53,"minecraft:acacia_log":28,"minecraft:dandelion":1,"iceandfire:dragon_skull_fire":2,"minecraft:stone_pressure_plate":2,"iceandfire:lectern":2,"minecraft:hay_block":25,"minecraft:gold_ingot":3,"minecraft:coal":19},"minecraft:dropped":{"minecraft:golden_boots":1,"minecraft:wheat_seeds":8,"alexsmobs:acacia_blossom":2,"minecraft:wheat":1,"minecraft:apple":6,"iceandfire:shiny_scales":1,"minecraft:item_frame":8,"minecraft:dirt":16,"minecraft:golden_leggings":1,"iceandfire:crackled_cobblestone":1,"minecraft:iron_pickaxe":1,"minecraft:acacia_planks":26,"minecraft:dandelion":1},"minecraft:used":{"minecraft:acacia_log":24,"minecraft:iron_sword":18,"minecraft:dirt":1,"minecraft:crafting_table":3,"minecraft:apple":1,"minecraft:iron_axe":19,"minecraft:bread":8,"minecraft:iron_pickaxe":29,"minecraft:item_frame":3,"iceandfire:crackled_cobblestone":1,"iceandfire:dragon_skull_fire":1,"minecraft:stone_pressure_plate":2,"minecraft:experience_bottle":2,"minecraft:cobweb":7}},"DataVersion":2586}