{"stats":{"minecraft:killed":{"minecraft:cave_spider":50,"alexsmobs:enderiophage":2,"minecraft:cod":2,"minecraft:skeleton":54,"iceandfire:dread_scuttler":2,"minecraft:tropical_fish":11,"minecraft:pillager":16,"minecraft:zombie":33,"iceandfire:dread_ghoul":3,"iceandfire:lightning_dragon":2,"iceandfire:sea_serpent":1,"minecraft:cow":50,"minecraft:vindicator":3,"iceandfire:dread_knight":2,"minecraft:husk":8,"iceandfire:cyclops":1,"minecraft:wandering_trader":2,"iceandfire:ice_dragon":3,"minecraft:enderman":2,"minecraft:zombified_piglin":3,"minecraft:spider":39,"minecraft:silverfish":1,"minecraft:piglin_brute":1,"artifacts:mimic":5,"minecraft:piglin":12,"minecraft:pig":35,"alexsmobs:grizzly_bear":2,"minecraft:zombie_villager":2,"minecraft:creeper":8,"alexsmobs:crimson_mosquito":6,"minecraft:trader_llama":3,"minecraft:stray":5,"minecraft:ghast":3,"alexsmobs:fly":1,"alexsmobs:dropbear":3,"minecraft:slime":10,"alexsmobs:rattlesnake":1,"iceandfire:dread_thrall":2,"iceandfire:fire_dragon":3,"twilightforest:swarm_spider":2,"alexsmobs:soul_vulture":2,"minecraft:drowned":1,"minecraft:bat":1,"minecraft:hoglin":3,"alexsmobs:crow":1,"minecraft:wither_skeleton":29},"minecraft:picked_up":{"minecraft:flower_pot":2,"minecraft:anvil":1,"iceandfire:copper_ore":15,"minecraft:smithing_table":3,"minecraft:lead":7,"minecraft:enchanted_book":1,"minecraft:brewing_stand":1,"minecraft:string":61,"iceandfire:dragonbone_pickaxe":1,"minecraft:cooked_salmon":2,"minecraft:diamond_leggings":1,"minecraft:spruce_planks":742,"minecraft:coal_block":6,"minecraft:acacia_log":38,"iceandfire:silver_ore":10,"minecraft:pink_terracotta":1,"minecraft:brown_carpet":1,"iceandfire:deathworm_chitin_yellow":2,"minecraft:iron_bars":4,"minecraft:snowball":3,"evilcraft:vengeance_pickaxe":1,"minecraft:birch_log":57,"minecraft:smoker":4,"minecraft:flint":2,"minecraft:chipped_anvil":1,"minecraft:stonecutter":1,"apotheosis:digger_book":1,"minecraft:honeycomb":12,"iceandfire:dragon_skull_fire":3,"apotheosis:null_book":1,"sophisticatedbackpacks:iron_backpack":2,"minecraft:barrel":5,"minecraft:acacia_stairs":2,"minecraft:trapped_chest":1,"iceandfire:chared_cobblestone":3,"minecraft:dispenser":1,"iceandfire:lectern":2,"minecraft:granite":181,"minecraft:chainmail_helmet":2,"minecraft:bread":64,"iceandfire:dragon_skull_lightning":2,"minecraft:crafting_table":7,"apotheosis:weapon_book":1,"minecraft:cornflower":15,"minecraft:iron_shovel":2,"minecraft:cracked_stone_bricks":4,"iceandfire:bestiary":1,"minecraft:beef":33,"minecraft:poppy":22,"minecraft:iron_nugget":4,"minecraft:spruce_slab":3,"minecraft:chest":7,"minecraft:stone":1122,"artifacts:charm_of_sinking":1,"minecraft:spruce_fence":2,"evilcraft:dark_spike":10,"minecraft:carrot":79,"minecraft:redstone":212,"twilightforest:firefly":3,"iceandfire:dragon_skull_ice":1,"minecraft:tnt":3,"twilightforest:cicada":1,"iceandfire:dragonscales_silver":31,"minecraft:diamond_boots":1,"minecraft:hay_block":31,"minecraft:gold_ingot":69,"minecraft:mutton":5,"minecraft:white_wool":5,"minecraft:bone_block":34,"alexsmobs:acacia_blossom":2,"minecraft:red_mushroom":1,"minecraft:filled_map":1,"minecraft:oak_log":3281,"minecraft:apple":13,"minecraft:stone_bricks":95,"minecraft:stone_pickaxe":1,"minecraft:iron_ore":337,"minecraft:iron_sword":4,"chisel:marble/raw":54,"minecraft:gravel":2,"minecraft:spruce_sapling":16,"minecraft:spruce_log":2130,"travelersbackpack:standard":1,"minecraft:slime_ball":4,"iceandfire:ice_dragon_flesh":3,"minecraft:baked_potato":64,"minecraft:smooth_quartz_slab":1,"minecraft:wheat":26,"artifacts:umbrella":2,"minecraft:stone_brick_stairs":13,"minecraft:iron_leggings":1,"minecraft:zombie_head":2,"minecraft:experience_bottle":2,"minecraft:smooth_stone":43,"minecraft:bucket":1,"minecraft:rose_bush":2,"minecraft:iron_pickaxe":2,"evilcraft:blood_extractor":2,"minecraft:iron_boots":3,"minecraft:furnace":11,"minecraft:tipped_arrow":1,"minecraft:stick":138,"minecraft:acacia_fence":1,"minecraft:torch":18,"minecraft:porkchop":17,"tombstone:grave_dust":4,"minecraft:diorite":338,"minecraft:rotten_flesh":7,"alexsmobs:capsid":1,"alexsmobs:emu_egg":2,"minecraft:cod":3,"morebows:diamond_bow":1,"minecraft:cobblestone":1773,"chisel:stone_bricks/weaver":1,"minecraft:lilac":1,"twilightforest:twilight_oak_log":306,"minecraft:andesite":235,"twilightforest:twilight_oak_wood":87,"minecraft:golden_leggings":1,"minecraft:potato":585,"chisel:stone_bricks/twisted":1,"evilcraft:flesh_humanoid":1,"minecraft:acacia_boat":5,"minecraft:lapis_lazuli":454,"minecraft:dirt":8417,"minecraft:bone":12,"minecraft:acacia_planks":45,"minecraft:wheat_seeds":167,"minecraft:grindstone":3,"minecraft:mossy_stone_bricks":1,"minecraft:oak_planks":117,"minecraft:cooked_porkchop":10,"minecraft:poisonous_potato":2,"evilcraft:dark_gem_crushed":35,"minecraft:sand":114,"minecraft:lily_of_the_valley":2,"minecraft:mossy_cobblestone":1,"artifacts:plastic_drinking_hat":1,"twilightforest:twilight_oak_sapling":22,"minecraft:diamond":108,"minecraft:bone_meal":354,"chisel:basalt/raw":1,"minecraft:spruce_sign":9,"minecraft:emerald":24,"minecraft:oak_sapling":211,"minecraft:netherrack":64,"minecraft:azure_bluet":17,"minecraft:ladder":3,"minecraft:brown_mushroom":1,"minecraft:gold_block":2,"minecraft:shield":2,"minecraft:item_frame":16,"minecraft:birch_fence":1,"apotheosis:scrap_tome":1,"apotheosis:armor_feet_book":1,"evilcraft:hardened_blood_shard":9,"minecraft:sugar_cane":14,"minecraft:spruce_trapdoor":6,"iceandfire:ice_dragon_heart":1,"iceandfire:dragonbone":82,"minecraft:quartz_pillar":191,"apotheosis:common_tome":1,"minecraft:stone_pressure_plate":4,"minecraft:purple_terracotta":1,"iceandfire:silver_ingot":18,"chisel:planks/spruce/stacked":2,"minecraft:arrow":15,"iceandfire:cyclops_eye":1,"chisel:planks/spruce/braced_planks":1,"minecraft:skeleton_skull":5,"minecraft:salmon":3,"minecraft:leather":30,"minecraft:mushroom_stew":2,"minecraft:yellow_bed":1,"minecraft:gunpowder":2,"minecraft:cobblestone_wall":3,"chisel:stone_bricks/pillar":43,"minecraft:cooked_mutton":10,"minecraft:iron_ingot":48,"minecraft:cooked_chicken":7,"minecraft:acacia_sapling":13,"iceandfire:crackled_cobblestone":2,"minecraft:book":73,"chisel:marble/prism":14,"iceandfire:dragon_horn":2,"minecraft:dandelion":23,"minecraft:blast_furnace":8,"minecraft:gold_ore":72,"minecraft:spider_eye":7,"minecraft:chainmail_leggings":1,"evilcraft:dark_gem":239,"tombstone:magic_scroll":1,"minecraft:coal":1386},"minecraft:mined":{"chisel:planks/spruce/braced_planks":1,"minecraft:granite":197,"minecraft:acacia_log":58,"minecraft:coal_block":14,"minecraft:oxeye_daisy":3,"minecraft:spawner":33,"minecraft:polished_blackstone_bricks":23,"minecraft:tall_seagrass":3,"minecraft:fire":37,"minecraft:barrel":5,"twilightforest:twilight_oak_wood":471,"minecraft:fletching_table":1,"minecraft:enchanting_table":1,"minecraft:spruce_wood":1,"minecraft:smoker":9,"minecraft:crimson_nylium":1,"minecraft:torch":67,"minecraft:blast_furnace":15,"minecraft:dead_bush":6,"minecraft:spruce_wall_sign":14,"minecraft:smooth_quartz_slab":1,"minecraft:cyan_bed":1,"minecraft:sugar_cane":6,"minecraft:skeleton_skull":8,"minecraft:white_terracotta":3,"chisel:marble/slanted":12,"iceandfire:crackled_stone":3,"minecraft:wheat":29,"minecraft:lilac":1,"chisel:planks/spruce/stacked":15,"minecraft:wither_rose":1,"minecraft:stone_brick_stairs":147,"iceandfire:dragonforge_ice_input":1,"minecraft:grass":366,"minecraft:smooth_quartz":18,"tombstone:decorative_grave_simple":1,"twilightforest:twilight_oak_sapling":3,"minecraft:zombie_wall_head":4,"minecraft:stonecutter":2,"minecraft:piston":8,"evilcraft:hardened_blood":11,"iceandfire:silver_ore":10,"minecraft:mossy_cobblestone":3,"minecraft:dark_oak_log":261,"minecraft:spruce_fence":8,"chisel:stone_bricks/weaver":2,"minecraft:redstone_ore":61,"chisel:marble/layers":4,"chisel:stone_bricks/tiles_small":3,"minecraft:snow":2,"minecraft:andesite":356,"twilightforest:twilight_oak_leaves":19,"chisel:marble/raw":252,"chisel:marble/road":4,"minecraft:potatoes":167,"minecraft:cyan_concrete":7,"minecraft:vine":15,"minecraft:bone_block":34,"minecraft:smithing_table":3,"minecraft:glass_pane":2,"minecraft:potted_lily_of_the_valley":2,"minecraft:stone_brick_slab":56,"minecraft:dandelion":10,"minecraft:emerald_ore":16,"minecraft:tall_grass":42,"minecraft:diorite":342,"minecraft:red_terracotta":15,"minecraft:trapped_chest":1,"minecraft:cobblestone_wall":16,"chisel:stone_bricks/pillar":3,"minecraft:spruce_log":1333,"minecraft:quartz_pillar":202,"chisel:marble/triple_bricks":4,"minecraft:zombie_head":1,"minecraft:gravel":70,"minecraft:cobweb":40,"chisel:marble/prism":1,"minecraft:acacia_planks":2,"minecraft:stone_bricks":83,"minecraft:chipped_anvil":2,"minecraft:gold_ore":68,"minecraft:fern":1,"minecraft:stone_pressure_plate":3,"minecraft:spruce_planks":115,"minecraft:oak_sapling":5,"minecraft:farmland":1,"minecraft:brewing_stand":2,"minecraft:spruce_trapdoor":21,"minecraft:grass_block":1684,"minecraft:cracked_polished_blackstone_bricks":10,"iceandfire:lectern":2,"iceandfire:dread_spawner":8,"iceandfire:crackled_cobblestone":1,"minecraft:smooth_stone":2,"minecraft:glowstone":20,"minecraft:iron_ore":439,"minecraft:anvil":2,"minecraft:azure_bluet":3,"minecraft:dark_oak_stairs":1,"minecraft:skeleton_wall_skull":4,"chisel:limestone/raw":119,"minecraft:iron_bars":11,"minecraft:potted_cornflower":1,"minecraft:spruce_slab":22,"iceandfire:chared_cobblestone":5,"iceandfire:dragon_ice_spikes":5,"minecraft:poppy":21,"minecraft:chest":40,"twilightforest:twilight_oak_log":347,"minecraft:mushroom_stem":33,"minecraft:nether_quartz_ore":424,"minecraft:cobblestone":39,"minecraft:grindstone":4,"minecraft:wall_torch":11,"minecraft:birch_log":14,"minecraft:tnt":7,"minecraft:oak_log":1510,"minecraft:sand":122,"minecraft:dirt":421,"minecraft:dispenser":1,"minecraft:netherrack":502,"minecraft:oak_leaves":485,"iceandfire:chared_stone":6,"minecraft:diamond_ore":42,"minecraft:red_carpet":1,"iceandfire:frozen_cobblestone":6,"minecraft:ladder":1,"minecraft:purple_terracotta":2,"iceandfire:frozen_stone":5,"minecraft:spruce_leaves":147,"iceandfire:dragonforge_ice_brick":7,"minecraft:large_fern":2,"minecraft:hay_block":26,"minecraft:spruce_sapling":5,"minecraft:furnace":22,"minecraft:carrots":22,"iceandfire:copper_ore":19,"iceandfire:dragon_bone_block":4,"evilcraft:dark_ore":63,"minecraft:gold_block":5,"minecraft:bookshelf":72,"minecraft:lantern":35,"minecraft:stone":3134,"minecraft:pink_terracotta":1,"minecraft:podzol":155,"minecraft:oak_fence":12,"minecraft:crafting_table":12,"minecraft:oak_wood":1,"minecraft:rose_bush":2,"iceandfire:amythest_ore":1,"minecraft:lapis_ore":55,"minecraft:lily_pad":1,"minecraft:spruce_stairs":10,"minecraft:ice":1,"iceandfire:ash":3,"chisel:stone_bricks/twisted":1,"minecraft:yellow_bed":1,"chisel:marble/encased_bricks":8,"minecraft:coal_ore":1245,"evilcraft:undead_log":29,"minecraft:cyan_carpet":2,"minecraft:lodestone":1,"minecraft:cracked_stone_bricks":6,"minecraft:mossy_stone_bricks":3,"minecraft:birch_fence":1},"minecraft:dropped":{"iceandfire:chared_stone":45,"sophisticatedbackpacks:iron_backpack":2,"minecraft:iron_sword":3,"minecraft:porkchop":13,"minecraft:diamond":1,"minecraft:crossbow":2,"minecraft:fletching_table":1,"minecraft:cracked_stone_bricks":2,"minecraft:quartz_pillar":2,"minecraft:red_mushroom":1,"minecraft:red_carpet":1,"minecraft:item_frame":13,"minecraft:emerald":2,"minecraft:dirt":6834,"minecraft:grass":6,"minecraft:birch_fence":1,"twilightforest:firefly":3,"iceandfire:dread_sword":1,"iceandfire:dragon_horn":2,"iceandfire:armor_copper_metal_boots":1,"minecraft:chain":2,"minecraft:gold_nugget":106,"minecraft:bone_meal":612,"iceandfire:fire_dragon_blood":4,"minecraft:iron_pickaxe":8,"minecraft:white_wool":14,"minecraft:cyan_carpet":24,"iceandfire:dragonbone_pickaxe":2,"minecraft:bone":81,"iceandfire:amythest_gem":3,"minecraft:sugar_cane":1,"artifacts:power_glove":1,"minecraft:iron_nugget":16,"minecraft:wheat":8,"chisel:marble/prism":27,"minecraft:rotten_flesh":69,"minecraft:oak_planks":129,"minecraft:quartz_bricks":4,"chisel:basalt/raw":1,"minecraft:azure_bluet":19,"iceandfire:crackled_gravel":1,"iceandfire:frozen_grass":1,"iceandfire:copper_ore":3,"iceandfire:shiny_scales":1,"alexsmobs:blood_sac":2,"minecraft:tipped_arrow":4,"artifacts:umbrella":2,"iceandfire:bestiary":1,"minecraft:acacia_sapling":17,"iceandfire:crackled_cobblestone":65,"minecraft:ladder":1,"minecraft:spruce_slab":1,"minecraft:glass":32,"minecraft:beef":14,"minecraft:stone_brick_stairs":8,"minecraft:acacia_fence":1,"iceandfire:manuscript":2,"alexsmobs:mosquito_proboscis":2,"minecraft:enchanted_book":1,"iceandfire:dragonbone_sword":1,"minecraft:golden_boots":1,"minecraft:iron_ingot":6,"morebows:diamond_bow":1,"minecraft:wheat_seeds":154,"minecraft:tnt":4,"minecraft:netherite_helmet":1,"minecraft:oak_fence":15,"minecraft:book":3,"minecraft:cobblestone":2301,"minecraft:apple":7,"minecraft:granite":181,"minecraft:chainmail_helmet":2,"minecraft:coal":388,"minecraft:golden_apple":6,"minecraft:oxeye_daisy":2,"minecraft:ink_sac":3,"iceandfire:copper_nugget":235,"minecraft:lodestone":1,"minecraft:rose_bush":2,"artifacts:plastic_drinking_hat":2,"chisel:stone_bricks/pillar":42,"minecraft:dead_bush":7,"minecraft:oak_stairs":1,"twilightforest:cicada":1,"minecraft:smooth_stone":43,"minecraft:chainmail_leggings":2,"minecraft:string":10,"minecraft:lily_pad":1,"minecraft:acacia_planks":42,"iceandfire:dragon_skull_fire":1,"minecraft:spruce_sapling":105,"minecraft:stone_brick_slab":2,"iceandfire:frozen_cobblestone":58,"iceandfire:silver_nugget":26,"minecraft:furnace":9,"alexsmobs:acacia_blossom":6,"minecraft:cobblestone_wall":14,"minecraft:experience_bottle":9,"minecraft:red_banner":1,"minecraft:iron_boots":1,"chisel:stone_bricks/weaver":1,"minecraft:white_terracotta":2,"minecraft:spruce_fence":7,"iceandfire:dragonegg_black":1,"minecraft:lily_of_the_valley":2,"minecraft:blast_furnace":7,"minecraft:diamond_sword":3,"minecraft:stone":1132,"minecraft:flower_pot":3,"minecraft:allium":1,"minecraft:spruce_trapdoor":4,"minecraft:spruce_planks":2936,"minecraft:diamond_pickaxe":2,"iceandfire:silver_ingot":19,"minecraft:redstone_torch":1,"minecraft:stone_pressure_plate":2,"minecraft:spider_eye":21,"minecraft:stone_bricks":102,"minecraft:barrel":1,"minecraft:brown_carpet":1,"minecraft:bow":1,"iceandfire:dragonbone_sword_lightning":1,"iceandfire:crackled_stone":77,"minecraft:acacia_boat":3,"minecraft:dark_oak_stairs":1,"minecraft:brown_mushroom":3,"minecraft:oak_log":3326,"minecraft:baked_potato":70,"chisel:marble/raw":63,"travelersbackpack:bee":1,"iceandfire:chared_dirt":3,"minecraft:leather":4,"travelersbackpack:standard":2,"minecraft:flint":4,"minecraft:cracked_polished_blackstone_bricks":1,"minecraft:cornflower":13,"minecraft:snowball":3,"iceandfire:ash":24,"minecraft:birch_log":44,"minecraft:gold_ingot":5,"minecraft:gravel":6,"iceandfire:frozen_stone":105,"minecraft:acacia_stairs":1,"minecraft:carrot":20,"sophisticatedbackpacks:diamond_backpack":1,"minecraft:poppy":16,"minecraft:gunpowder":4,"minecraft:oak_wood":1,"minecraft:spruce_pressure_plate":1,"chisel:stone_bricks/twisted":1,"minecraft:spruce_wood":1,"minecraft:chainmail_boots":2,"minecraft:chest":2,"minecraft:iron_ore":11,"minecraft:iron_bars":36,"minecraft:arrow":29,"minecraft:cyan_concrete":4,"iceandfire:deathworm_chitin_yellow":2,"minecraft:netherrack":64,"minecraft:water_bucket":2,"minecraft:bread":2,"iceandfire:lightning_dragon_blood":1,"minecraft:purple_terracotta":1,"minecraft:lilac":1,"minecraft:mossy_cobblestone":1,"minecraft:poisonous_potato":5,"minecraft:lead":1,"minecraft:spectral_arrow":1,"evilcraft:dark_gem":71,"twilightforest:twilight_oak_sapling":9,"evilcraft:vengeance_pickaxe":1,"minecraft:grass_block":1,"evilcraft:blood_extractor":1,"minecraft:diorite":355,"minecraft:iron_leggings":2,"iceandfire:dragonbone":10,"minecraft:dandelion":17,"iceandfire:armor_red_chestplate":1,"minecraft:anvil":1,"minecraft:iron_hoe":1,"minecraft:smoker":3,"alexsmobs:bear_fur":1,"minecraft:red_terracotta":12,"minecraft:filled_map":2,"iceandfire:dread_torch":1,"minecraft:shield":1,"iceandfire:chared_cobblestone":30,"minecraft:iron_chestplate":4,"minecraft:andesite":403,"minecraft:mossy_stone_bricks":1,"minecraft:golden_leggings":1,"minecraft:oak_sapling":95,"minecraft:spruce_log":2651,"minecraft:slime_ball":9,"minecraft:stone_pickaxe":1,"twilightforest:twilight_oak_log":30},"minecraft:killed_by":{"minecraft:zombie":1,"minecraft:stray":1,"iceandfire:fire_dragon":1,"iceandfire:lightning_dragon":1},"minecraft:broken":{"minecraft:shears":1,"minecraft:iron_chestplate":1,"minecraft:iron_sword":2,"minecraft:iron_axe":4,"minecraft:iron_pickaxe":6,"minecraft:iron_helmet":1,"minecraft:iron_shovel":7,"minecraft:diamond_axe":1},"minecraft:crafted":{"minecraft:smooth_stone":149,"minecraft:glass":282,"evilcraft:blood_extractor":13,"chisel:diamond_chisel":1,"minecraft:cooked_porkchop":9,"minecraft:sticky_piston":1,"minecraft:iron_pickaxe":4,"minecraft:iron_block":8,"minecraft:gold_ingot":37,"iceandfire:dragon_horn":2,"tombstone:book_of_disenchantment":4,"iceandfire:dragonbone_sword_fire":1,"sophisticatedbackpacks:stack_upgrade_tier_1":1,"iceandfire:dragonforge_ice_brick":4,"minecraft:spruce_stairs":20,"minecraft:spruce_slab":42,"iceandfire:dragonbone_sword":2,"minecraft:enchanting_table":1,"sophisticatedbackpacks:gold_backpack":1,"evilcraft:promise_tier_2":1,"minecraft:oak_fence_gate":4,"minecraft:white_bed":2,"minecraft:barrel":16,"minecraft:stone":503,"minecraft:spruce_pressure_plate":1,"evilcraft:promise_tier_1":1,"minecraft:bow":1,"minecraft:chest":5,"minecraft:oak_fence":60,"sophisticatedbackpacks:backpack":2,"minecraft:crafting_table":4,"minecraft:baked_potato":596,"tombstone:decorative_grave_simple":1,"sophisticatedbackpacks:upgrade_base":3,"minecraft:spruce_trapdoor":50,"minecraft:diamond_pickaxe":1,"sophisticatedbackpacks:diamond_backpack":1,"minecraft:stick":4,"minecraft:iron_ingot":428,"morebows:diamond_bow":1,"evilcraft:vengeance_pickaxe":2,"sophisticatedbackpacks:advanced_pickup_upgrade":1,"evilcraft:dark_spike":128,"evilcraft:bowl_of_promises_dusted":1,"evilcraft:blood_chest":1,"minecraft:piston":1,"minecraft:iron_axe":2,"evilcraft:dark_stick":4,"sophisticatedbackpacks:stack_upgrade_tier_2":1,"sophisticatedbackpacks:iron_backpack":2,"minecraft:cooked_beef":14,"iceandfire:copper_ingot":25,"minecraft:diamond_sword":1,"iceandfire:silver_ingot":50,"evilcraft:blood_infusion_core":1,"minecraft:acacia_boat":1,"minecraft:air":13597,"sophisticatedbackpacks:pickup_upgrade":1,"evilcraft:promise_efficiency_0":1,"minecraft:torch":304},"minecraft:custom":{"minecraft:interact_with_crafting_table":197,"minecraft:open_barrel":59,"minecraft:leave_game":46,"minecraft:time_since_death":131454,"minecraft:damage_blocked_by_shield":320,"minecraft:deaths":4,"minecraft:jump":16476,"minecraft:enchant_item":9,"minecraft:interact_with_furnace":86,"minecraft:sleep_in_bed":22,"tombstone:sneak_grave":1,"minecraft:damage_dealt":91942,"tombstone:use_disenchantment":6,"tombstone:undead_killed":144,"minecraft:interact_with_smoker":56,"minecraft:horse_one_cm":1018340,"minecraft:interact_with_smithing_table":1,"minecraft:interact_with_anvil":10,"minecraft:damage_dealt_absorbed":194,"minecraft:sneak_time":45402,"minecraft:interact_with_blast_furnace":93,"tombstone:raider_killed":19,"tombstone:pray_on_grave":3,"minecraft:time_since_rest":21744,"tombstone:cast_on_ally":4,"minecraft:swim_one_cm":83983,"minecraft:fly_one_cm":3860332,"minecraft:open_chest":1096,"minecraft:fall_one_cm":235988,"minecraft:animals_bred":21,"minecraft:sprint_one_cm":3921958,"minecraft:drop":790,"minecraft:walk_on_water_one_cm":110949,"minecraft:play_one_minute":1396883,"minecraft:player_kills":7,"minecraft:crouch_one_cm":126197,"tombstone:villager_killed":2,"minecraft:mob_kills":449,"minecraft:climb_one_cm":25635,"minecraft:walk_one_cm":3352494,"tombstone:consume_soul":6,"minecraft:walk_under_water_one_cm":43633,"minecraft:boat_one_cm":174370,"minecraft:interact_with_grindstone":3,"minecraft:damage_taken":15565,"minecraft:damage_absorbed":928,"minecraft:trigger_trapped_chest":5},"minecraft:used":{"minecraft:smooth_quartz_slab":1,"minecraft:spruce_slab":218,"minecraft:poppy":6,"minecraft:ladder":1,"evilcraft:blood_chest":1,"chisel:stone_bricks/tiles_small":3,"minecraft:chest":224,"minecraft:stone":302,"minecraft:acacia_sapling":10,"minecraft:snowball":1,"chisel:stone_bricks/weaver":2,"minecraft:stone_brick_stairs":490,"minecraft:bow":1,"minecraft:oak_sapling":327,"minecraft:furnace":29,"minecraft:potato":249,"minecraft:mossy_stone_bricks":1,"minecraft:diorite":2,"minecraft:golden_apple":20,"minecraft:sand":2,"evilcraft:undead_sapling":3,"minecraft:blast_furnace":21,"minecraft:zombie_head":7,"iceandfire:chared_cobblestone":3,"minecraft:diamond_sword":323,"minecraft:smithing_table":2,"twilightforest:twilight_oak_log":30,"minecraft:birch_log":14,"chisel:planks/spruce/braced_planks":1,"minecraft:iron_bars":264,"minecraft:enchanting_table":1,"minecraft:acacia_log":54,"evilcraft:vengeance_pickaxe":18,"minecraft:netherrack":61,"minecraft:torch":728,"minecraft:anvil":5,"alexsmobs:capsid":1,"iceandfire:dragonegg_sapphire":1,"minecraft:oak_fence_gate":4,"chisel:marble/weaver":12,"tombstone:ankh_of_pray":4,"minecraft:chipped_anvil":1,"minecraft:iron_axe":240,"minecraft:barrel":64,"minecraft:glowstone":10,"tombstone:gift":9,"chisel:marble/encased_bricks":8,"minecraft:acacia_planks":88,"minecraft:wheat_seeds":27,"minecraft:water_bucket":60,"chisel:marble/prism":10,"minecraft:cracked_stone_bricks":3,"twilightforest:twilight_oak_sapling":9,"minecraft:crafting_table":19,"minecraft:white_bed":2,"minecraft:spruce_log":1645,"minecraft:oak_log":1490,"minecraft:diamond_pickaxe":6421,"chisel:marble/triple_bricks":144,"iceandfire:dragonbone_sword_fire":485,"minecraft:iron_pickaxe":1896,"iceandfire:dragon_horn":9,"minecraft:spruce_trapdoor":208,"minecraft:spruce_sapling":141,"iceandfire:crackled_cobblestone":1,"minecraft:cobblestone":411,"minecraft:cooked_porkchop":6,"chisel:marble/road":4,"chisel:marble/slanted":12,"minecraft:dandelion":6,"minecraft:iron_shovel":2326,"minecraft:iron_sword":601,"artifacts:umbrella":3,"minecraft:carrot":21,"minecraft:pink_terracotta":1,"chisel:stone_bricks/twisted":1,"minecraft:milk_bucket":1,"tombstone:decorative_grave_simple":9,"minecraft:lantern":32,"chisel:marble/layers":4,"minecraft:stone_bricks":103,"chisel:marble/raw":10,"minecraft:item_frame":6,"minecraft:skeleton_skull":19,"minecraft:wither_skeleton_skull":2,"minecraft:oak_planks":20,"minecraft:diamond_axe":1214,"minecraft:crossbow":1,"minecraft:shears":304,"iceandfire:dragonbone_sword":168,"minecraft:dark_oak_log":261,"minecraft:bread":140,"iceandfire:dragon_skull_fire":1,"minecraft:grindstone":2,"minecraft:andesite":2,"iceandfire:dragonegg_red":1,"minecraft:air":2,"minecraft:bone_meal":61,"minecraft:cobweb":7,"minecraft:experience_bottle":110,"chisel:stone_bricks/pillar":60,"minecraft:oak_fence":67,"minecraft:flint_and_steel":6,"morebows:diamond_bow":315,"minecraft:spruce_planks":1282,"minecraft:cooked_chicken":1,"minecraft:dirt":997,"minecraft:spruce_stairs":230,"minecraft:spruce_fence":4,"evilcraft:undead_log":29,"minecraft:stone_brick_slab":158,"minecraft:bookshelf":52,"minecraft:golden_carrot":8,"minecraft:stone_pressure_plate":2,"chisel:planks/spruce/stacked":32,"minecraft:enchanted_golden_apple":3,"minecraft:acacia_boat":4,"minecraft:baked_potato":303,"evilcraft:blood_infuser":1,"minecraft:spruce_sign":25,"minecraft:stonecutter":1,"minecraft:smoker":12,"minecraft:acacia_stairs":1,"minecraft:apple":1,"twilightforest:twilight_oak_wood":436,"minecraft:bucket":60,"minecraft:yellow_bed":1,"alexsmobs:emu_egg":2}},"DataVersion":2586}