{"stats":{"minecraft:used":{"minecraft:cooked_mutton":5,"minecraft:water_bucket":2,"minecraft:trident":9,"minecraft:cobblestone_stairs":1,"minecraft:stone_pickaxe":48,"minecraft:wooden_pickaxe":6,"minecraft:torch":6,"minecraft:dirt":21,"minecraft:crafting_table":6,"minecraft:white_bed":3,"minecraft:apple":4,"minecraft:iron_axe":16,"minecraft:iron_pickaxe":45,"minecraft:stone_axe":96,"minecraft:fishing_rod":55,"minecraft:furnace":2,"minecraft:bucket":2,"minecraft:oak_boat":1},"minecraft:killed_by":{"minecraft:creeper":1},"minecraft:mined":{"minecraft:dark_oak_planks":2,"minecraft:spruce_planks":1,"minecraft:white_bed":2,"minecraft:cobblestone_stairs":1,"minecraft:crafting_table":5,"minecraft:torch":1,"immersive_weathering:birch_leaf_pile":10,"minecraft:grass_block":2,"minecraft:chest":1,"minecraft:sugar_cane":6,"minecraft:spawner":1,"minecraft:furnace":2,"minecraft:birch_log":7,"minecraft:barrel":3,"minecraft:grass":6,"minecraft:oak_log":72,"minecraft:coal_ore":73,"minecraft:dirt":4,"minecraft:stone":22,"minecraft:oak_leaves":1,"immersive_weathering:oak_leaf_pile":9},"minecraft:crafted":{"minecraft:cooked_beef":8,"minecraft:cooked_cod":11,"minecraft:oak_planks":24,"minecraft:crafting_table":2,"minecraft:wooden_pickaxe":1,"minecraft:cooked_salmon":19,"minecraft:stone_axe":1,"minecraft:cooked_mutton":10,"minecraft:air":0,"minecraft:oak_boat":1,"minecraft:book":2,"minecraft:paper":9,"improvableskills:skills_book":1,"minecraft:iron_axe":1,"minecraft:stick":8,"minecraft:iron_pickaxe":1,"minecraft:stone_pickaxe":1,"minecraft:white_bed":1,"minecraft:torch":16},"minecraft:picked_up":{"minecraft:nautilus_shell":1,"minecraft:fishing_rod":1,"minecraft:crafting_table":5,"minecraft:water_bucket":1,"minecraft:salmon":9,"minecraft:leather":8,"minecraft:wooden_pickaxe":13,"minecraft:oak_log":69,"jellyfishing:jellyfish":3,"minecraft:cobblestone_stairs":1,"jellyfishing:jellyfish_net":4,"minecraft:dirt":36,"minecraft:name_tag":3,"minecraft:leather_boots":1,"minecraft:pufferfish":5,"dungeonnowloading:spawner_fragment":3,"minecraft:apple":4,"minecraft:bow":4,"improvableskills:scroll_normal":16,"minecraft:spruce_planks":1,"minecraft:beef":8,"minecraft:iron_nugget":1,"minecraft:sugar_cane":12,"minecraft:chest":1,"minecraft:furnace":2,"minecraft:stick":26,"minecraft:torch":1,"minecraft:white_bed":2,"minecraft:barrel":3,"minecraft:dark_oak_planks":2,"minecraft:rotten_flesh":1,"minecraft:tropical_fish":5,"jellyfishing:bubble_jellyfish":1,"minecraft:oak_sapling":19,"minecraft:cod":16,"minecraft:mutton":10,"minecraft:coal":99,"minecraft:white_wool":6,"minecraft:cobblestone":23},"minecraft:killed":{"minecraft:sheep":6,"minecraft:zombie":1,"minecraft:cow":6},"minecraft:dropped":{"minecraft:stone_axe":1,"jellyfishing:bubble_jellyfish":1,"minecraft:iron_nugget":1,"minecraft:rotten_flesh":1,"minecraft:oak_planks":1,"minecraft:tropical_fish":5,"jellyfishing:jellyfish":3,"dungeonnowloading:spawner_fragment":3,"minecraft:pufferfish":5,"minecraft:spruce_planks":1,"minecraft:oak_sapling":19,"minecraft:stone_pickaxe":1,"minecraft:wooden_pickaxe":14,"jellyfishing:jellyfish_net":4,"minecraft:nautilus_shell":1,"minecraft:paper":1,"minecraft:dark_oak_planks":2},"minecraft:custom":{"minecraft:interact_with_furnace":9,"minecraft:mob_kills":13,"minecraft:interact_with_crafting_table":8,"minecraft:open_barrel":2,"minecraft:leave_game":2,"minecraft:time_since_death":79837,"minecraft:sleep_in_bed":3,"minecraft:time_since_rest":52402,"minecraft:sprint_one_cm":103366,"minecraft:damage_taken":627,"minecraft:walk_one_cm":98174,"minecraft:drop":38,"minecraft:damage_dealt":1281,"minecraft:swim_one_cm":30400,"minecraft:fly_one_cm":88710,"minecraft:open_chest":1,"minecraft:crouch_one_cm":381,"minecraft:play_time":81173,"tombstone:undead_killed":1,"minecraft:deaths":1,"minecraft:sneak_time":419,"minecraft:walk_under_water_one_cm":6138,"minecraft:jump":436,"minecraft:walk_on_water_one_cm":10750,"minecraft:total_world_time":81173,"minecraft:fish_caught":28,"minecraft:fall_one_cm":9256}},"DataVersion":3465}