{"stats":{"minecraft:used":{"alexsmobs:emu_egg":2,"minecraft:iron_shovel":2223,"minecraft:smooth_quartz_slab":1,"minecraft:spruce_slab":132,"minecraft:ladder":1,"chisel:stone_bricks/tiles_small":3,"minecraft:chest":21,"minecraft:stone":197,"minecraft:iron_sword":463,"minecraft:pink_terracotta":1,"minecraft:acacia_sapling":10,"chisel:stone_bricks/twisted":1,"minecraft:snowball":1,"minecraft:lantern":8,"chisel:stone_bricks/weaver":2,"minecraft:stone_brick_stairs":84,"chisel:marble/layers":4,"minecraft:stone_bricks":2,"chisel:marble/raw":10,"minecraft:item_frame":5,"minecraft:oak_sapling":327,"minecraft:furnace":4,"minecraft:skeleton_skull":9,"minecraft:potato":153,"minecraft:mossy_stone_bricks":1,"minecraft:wither_skeleton_skull":1,"minecraft:oak_planks":20,"minecraft:diamond_axe":478,"minecraft:golden_apple":3,"minecraft:sand":2,"minecraft:blast_furnace":7,"minecraft:shears":298,"minecraft:zombie_head":3,"minecraft:bread":140,"iceandfire:chared_cobblestone":3,"iceandfire:dragon_skull_fire":1,"minecraft:grindstone":1,"minecraft:smithing_table":1,"minecraft:andesite":2,"minecraft:birch_log":14,"minecraft:air":1,"minecraft:bone_meal":48,"minecraft:cobweb":7,"minecraft:experience_bottle":3,"minecraft:oak_fence":67,"chisel:stone_bricks/pillar":59,"minecraft:enchanting_table":1,"minecraft:acacia_log":54,"minecraft:flint_and_steel":5,"minecraft:spruce_planks":433,"minecraft:torch":473,"minecraft:dirt":976,"minecraft:spruce_stairs":69,"minecraft:oak_fence_gate":4,"chisel:marble/weaver":12,"minecraft:bookshelf":18,"minecraft:iron_axe":240,"minecraft:barrel":64,"minecraft:glowstone":9,"tombstone:gift":1,"chisel:marble/encased_bricks":8,"minecraft:stone_pressure_plate":2,"minecraft:acacia_planks":88,"minecraft:acacia_boat":4,"minecraft:water_bucket":28,"minecraft:baked_potato":15,"chisel:marble/prism":10,"minecraft:cracked_stone_bricks":3,"minecraft:crafting_table":13,"minecraft:white_bed":2,"minecraft:spruce_log":1360,"minecraft:smoker":3,"minecraft:oak_log":1490,"minecraft:diamond_pickaxe":2997,"minecraft:acacia_stairs":1,"minecraft:apple":1,"chisel:marble/triple_bricks":144,"minecraft:iron_pickaxe":1802,"minecraft:spruce_trapdoor":82,"minecraft:spruce_sapling":141,"iceandfire:crackled_cobblestone":1,"minecraft:cobblestone":144,"minecraft:cooked_porkchop":1,"minecraft:bucket":29,"chisel:marble/road":4,"minecraft:yellow_bed":1,"chisel:marble/slanted":12},"minecraft:killed":{"minecraft:cave_spider":15,"minecraft:spider":16,"minecraft:skeleton":6,"minecraft:silverfish":1,"artifacts:mimic":1,"minecraft:creeper":1,"minecraft:trader_llama":1,"minecraft:pillager":6,"minecraft:zombie":11,"minecraft:stray":2,"iceandfire:sea_serpent":1,"minecraft:cow":9,"minecraft:vindicator":1,"minecraft:husk":4,"iceandfire:cyclops":1,"minecraft:wandering_trader":1,"alexsmobs:crow":1},"minecraft:custom":{"minecraft:interact_with_crafting_table":86,"minecraft:open_barrel":10,"minecraft:leave_game":22,"minecraft:time_since_death":553310,"minecraft:sprint_one_cm":1444793,"minecraft:drop":176,"minecraft:jump":5739,"minecraft:walk_on_water_one_cm":50483,"minecraft:enchant_item":5,"minecraft:interact_with_furnace":62,"minecraft:play_one_minute":553310,"minecraft:sleep_in_bed":14,"minecraft:damage_dealt":19010,"minecraft:player_kills":1,"minecraft:crouch_one_cm":26123,"tombstone:undead_killed":23,"tombstone:villager_killed":1,"minecraft:interact_with_smoker":24,"minecraft:interact_with_smithing_table":1,"minecraft:mob_kills":80,"minecraft:climb_one_cm":8846,"minecraft:walk_one_cm":1569191,"minecraft:sneak_time":10137,"minecraft:walk_under_water_one_cm":19454,"minecraft:boat_one_cm":174370,"minecraft:interact_with_blast_furnace":54,"tombstone:raider_killed":7,"minecraft:interact_with_grindstone":2,"minecraft:time_since_rest":144371,"minecraft:damage_taken":4423,"minecraft:damage_absorbed":120,"minecraft:trigger_trapped_chest":1,"tombstone:cast_on_ally":1,"minecraft:swim_one_cm":27311,"minecraft:fly_one_cm":1189633,"minecraft:open_chest":332,"minecraft:fall_one_cm":90205},"minecraft:broken":{"minecraft:iron_shovel":7,"minecraft:shears":1,"minecraft:iron_chestplate":1,"minecraft:iron_sword":2,"minecraft:diamond_axe":1,"minecraft:iron_axe":4,"minecraft:iron_pickaxe":6,"minecraft:iron_helmet":1},"minecraft:crafted":{"minecraft:smooth_stone":149,"minecraft:barrel":16,"minecraft:stone":503,"minecraft:spruce_pressure_plate":1,"minecraft:glass":282,"evilcraft:blood_extractor":12,"minecraft:chest":5,"minecraft:oak_fence":60,"chisel:diamond_chisel":1,"sophisticatedbackpacks:backpack":2,"minecraft:cooked_porkchop":9,"minecraft:crafting_table":3,"minecraft:baked_potato":67,"minecraft:sticky_piston":1,"sophisticatedbackpacks:upgrade_base":3,"minecraft:spruce_trapdoor":50,"minecraft:diamond_pickaxe":1,"sophisticatedbackpacks:diamond_backpack":1,"minecraft:stick":4,"minecraft:iron_pickaxe":3,"minecraft:iron_ingot":359,"minecraft:iron_block":8,"minecraft:gold_ingot":36,"sophisticatedbackpacks:advanced_pickup_upgrade":1,"evilcraft:dark_spike":128,"sophisticatedbackpacks:stack_upgrade_tier_1":1,"minecraft:piston":1,"minecraft:spruce_stairs":20,"minecraft:iron_axe":2,"sophisticatedbackpacks:stack_upgrade_tier_2":1,"sophisticatedbackpacks:iron_backpack":2,"minecraft:cooked_beef":14,"iceandfire:copper_ingot":21,"iceandfire:silver_ingot":50,"minecraft:enchanting_table":1,"sophisticatedbackpacks:gold_backpack":1,"minecraft:acacia_boat":1,"minecraft:air":6110,"minecraft:oak_fence_gate":4,"sophisticatedbackpacks:pickup_upgrade":1,"minecraft:white_bed":2,"minecraft:torch":304},"minecraft:mined":{"minecraft:stone_pressure_plate":3,"minecraft:spruce_planks":10,"minecraft:oak_sapling":5,"minecraft:farmland":1,"minecraft:brewing_stand":1,"minecraft:spruce_trapdoor":6,"minecraft:granite":130,"minecraft:acacia_log":58,"minecraft:grass_block":1644,"iceandfire:lectern":2,"minecraft:coal_block":6,"minecraft:oxeye_daisy":3,"minecraft:spawner":8,"iceandfire:crackled_cobblestone":1,"minecraft:smooth_stone":2,"minecraft:iron_ore":351,"minecraft:fire":1,"minecraft:barrel":5,"minecraft:azure_bluet":3,"chisel:limestone/raw":119,"minecraft:iron_bars":2,"minecraft:spruce_slab":19,"iceandfire:chared_cobblestone":3,"minecraft:smoker":1,"minecraft:torch":46,"minecraft:blast_furnace":1,"minecraft:poppy":12,"minecraft:chest":3,"minecraft:smooth_quartz_slab":1,"minecraft:cobblestone":9,"minecraft:grindstone":3,"minecraft:sugar_cane":6,"minecraft:wall_torch":4,"minecraft:skeleton_skull":5,"chisel:marble/slanted":12,"minecraft:birch_log":14,"minecraft:wheat":2,"minecraft:lilac":1,"minecraft:tnt":1,"minecraft:stone_brick_stairs":4,"minecraft:grass":348,"minecraft:oak_log":1510,"minecraft:sand":119,"minecraft:dirt":364,"minecraft:zombie_wall_head":1,"minecraft:stonecutter":1,"minecraft:dispenser":1,"minecraft:oak_leaves":467,"iceandfire:chared_stone":1,"minecraft:diamond_ore":30,"iceandfire:silver_ore":10,"minecraft:mossy_cobblestone":1,"minecraft:ladder":1,"minecraft:purple_terracotta":2,"minecraft:spruce_fence":2,"chisel:stone_bricks/weaver":2,"minecraft:spruce_leaves":138,"minecraft:hay_block":26,"minecraft:redstone_ore":49,"minecraft:spruce_sapling":5,"minecraft:furnace":2,"iceandfire:copper_ore":19,"chisel:marble/layers":4,"chisel:stone_bricks/tiles_small":3,"minecraft:snow":2,"minecraft:andesite":171,"chisel:marble/raw":220,"chisel:marble/road":4,"evilcraft:dark_ore":56,"minecraft:gold_block":2,"minecraft:bookshelf":19,"minecraft:potatoes":71,"minecraft:vine":6,"minecraft:stone":1975,"minecraft:bone_block":34,"minecraft:pink_terracotta":1,"minecraft:smithing_table":3,"minecraft:podzol":125,"minecraft:glass_pane":2,"minecraft:dandelion":2,"minecraft:oak_fence":12,"minecraft:crafting_table":8,"minecraft:emerald_ore":13,"minecraft:rose_bush":2,"minecraft:tall_grass":40,"minecraft:lapis_ore":54,"minecraft:diorite":246,"minecraft:spruce_stairs":5,"chisel:stone_bricks/pillar":3,"minecraft:spruce_log":998,"minecraft:quartz_pillar":202,"chisel:stone_bricks/twisted":1,"minecraft:yellow_bed":1,"chisel:marble/encased_bricks":8,"chisel:marble/triple_bricks":4,"minecraft:coal_ore":921,"minecraft:zombie_head":1,"minecraft:gravel":42,"minecraft:lodestone":1,"minecraft:cobweb":32,"minecraft:cracked_stone_bricks":5,"chisel:marble/prism":1,"minecraft:acacia_planks":2,"minecraft:stone_bricks":2,"minecraft:chipped_anvil":1,"minecraft:mossy_stone_bricks":2,"minecraft:gold_ore":68},"minecraft:picked_up":{"minecraft:wheat":5,"iceandfire:copper_ore":15,"minecraft:smithing_table":3,"minecraft:lead":4,"minecraft:enchanted_book":1,"minecraft:brewing_stand":1,"minecraft:string":58,"minecraft:cooked_salmon":2,"minecraft:iron_leggings":1,"minecraft:zombie_head":2,"minecraft:experience_bottle":2,"minecraft:diamond_leggings":1,"minecraft:smooth_stone":2,"minecraft:bucket":1,"minecraft:rose_bush":2,"minecraft:iron_pickaxe":2,"minecraft:coal_block":6,"evilcraft:blood_extractor":1,"minecraft:furnace":2,"minecraft:iron_boots":3,"minecraft:tipped_arrow":1,"minecraft:stick":120,"minecraft:acacia_fence":1,"minecraft:torch":9,"minecraft:acacia_log":38,"iceandfire:silver_ore":10,"minecraft:porkchop":3,"tombstone:grave_dust":4,"minecraft:diorite":2,"minecraft:pink_terracotta":1,"minecraft:rotten_flesh":6,"alexsmobs:emu_egg":2,"minecraft:cod":2,"minecraft:snowball":3,"minecraft:cobblestone":275,"minecraft:birch_log":13,"minecraft:lilac":1,"minecraft:andesite":5,"minecraft:golden_leggings":1,"minecraft:smoker":1,"minecraft:potato":219,"evilcraft:flesh_humanoid":1,"minecraft:acacia_boat":5,"minecraft:lapis_lazuli":454,"minecraft:dirt":1875,"minecraft:bone":10,"minecraft:chipped_anvil":1,"minecraft:acacia_planks":45,"minecraft:stonecutter":1,"minecraft:wheat_seeds":87,"minecraft:grindstone":3,"apotheosis:digger_book":1,"minecraft:mossy_stone_bricks":1,"minecraft:honeycomb":12,"iceandfire:dragon_skull_fire":2,"evilcraft:dark_gem_crushed":35,"apotheosis:null_book":1,"minecraft:sand":114,"sophisticatedbackpacks:iron_backpack":1,"minecraft:acacia_stairs":2,"minecraft:barrel":5,"minecraft:mossy_cobblestone":1,"iceandfire:chared_cobblestone":3,"artifacts:plastic_drinking_hat":1,"minecraft:dispenser":1,"minecraft:diamond":108,"iceandfire:lectern":2,"minecraft:granite":13,"minecraft:bone_meal":354,"minecraft:emerald":22,"minecraft:chainmail_helmet":1,"minecraft:bread":64,"minecraft:oak_sapling":211,"iceandfire:dragon_skull_lightning":2,"minecraft:crafting_table":6,"minecraft:azure_bluet":17,"minecraft:ladder":3,"apotheosis:weapon_book":1,"minecraft:gold_block":2,"minecraft:shield":1,"minecraft:cornflower":14,"minecraft:item_frame":16,"minecraft:iron_shovel":2,"minecraft:cracked_stone_bricks":3,"iceandfire:bestiary":1,"apotheosis:scrap_tome":1,"apotheosis:armor_feet_book":1,"minecraft:beef":19,"minecraft:poppy":14,"minecraft:sugar_cane":13,"minecraft:chest":1,"iceandfire:dragonbone":62,"artifacts:charm_of_sinking":1,"minecraft:spruce_fence":2,"evilcraft:dark_spike":10,"apotheosis:common_tome":1,"minecraft:quartz_pillar":191,"minecraft:redstone":212,"minecraft:stone_pressure_plate":4,"minecraft:purple_terracotta":1,"minecraft:tnt":2,"minecraft:arrow":10,"iceandfire:cyclops_eye":1,"minecraft:hay_block":31,"minecraft:gold_ingot":64,"minecraft:mutton":5,"minecraft:white_wool":5,"minecraft:skeleton_skull":5,"minecraft:bone_block":34,"minecraft:salmon":3,"minecraft:leather":26,"alexsmobs:acacia_blossom":2,"minecraft:mushroom_stew":2,"minecraft:oak_log":403,"minecraft:yellow_bed":1,"minecraft:gunpowder":1,"minecraft:apple":13,"minecraft:stone_bricks":2,"minecraft:iron_ingot":45,"minecraft:stone_pickaxe":1,"minecraft:iron_ore":334,"minecraft:iron_sword":3,"minecraft:acacia_sapling":13,"iceandfire:crackled_cobblestone":2,"minecraft:book":64,"minecraft:dandelion":3,"minecraft:gravel":2,"minecraft:spruce_sapling":16,"minecraft:blast_furnace":1,"minecraft:gold_ore":66,"minecraft:spruce_log":41,"minecraft:spider_eye":6,"travelersbackpack:standard":1,"minecraft:slime_ball":4,"minecraft:chainmail_leggings":1,"evilcraft:dark_gem":239,"tombstone:magic_scroll":1,"minecraft:baked_potato":64,"minecraft:coal":1056,"minecraft:smooth_quartz_slab":1},"minecraft:dropped":{"sophisticatedbackpacks:iron_backpack":2,"minecraft:acacia_boat":1,"minecraft:baked_potato":15,"travelersbackpack:standard":2,"minecraft:item_frame":12,"minecraft:dirt":89,"minecraft:grass":6,"minecraft:cornflower":12,"minecraft:snowball":2,"minecraft:bone_meal":612,"minecraft:iron_pickaxe":8,"minecraft:gravel":2,"minecraft:wheat":2,"minecraft:rotten_flesh":5,"minecraft:azure_bluet":17,"minecraft:acacia_stairs":1,"sophisticatedbackpacks:diamond_backpack":1,"iceandfire:shiny_scales":1,"minecraft:poppy":3,"minecraft:spruce_pressure_plate":1,"minecraft:ladder":1,"iceandfire:crackled_cobblestone":1,"iceandfire:bestiary":1,"minecraft:arrow":2,"minecraft:acacia_fence":1,"minecraft:golden_boots":1,"minecraft:bread":2,"minecraft:purple_terracotta":1,"minecraft:wheat_seeds":78,"minecraft:lilac":1,"minecraft:tnt":2,"minecraft:oak_fence":10,"minecraft:cobblestone":1024,"minecraft:apple":6,"minecraft:oxeye_daisy":1,"evilcraft:blood_extractor":1,"minecraft:rose_bush":2,"minecraft:smooth_stone":2,"minecraft:chainmail_leggings":1,"minecraft:acacia_planks":42,"minecraft:spruce_sapling":61,"minecraft:dandelion":3,"alexsmobs:acacia_blossom":4,"minecraft:iron_boots":1,"minecraft:spruce_fence":2,"minecraft:spruce_planks":2112,"minecraft:andesite":3,"iceandfire:silver_ingot":1,"minecraft:oak_sapling":76,"minecraft:golden_leggings":1,"minecraft:stone_pressure_plate":2,"minecraft:barrel":1,"minecraft:spider_eye":2,"minecraft:slime_ball":1,"minecraft:stone_pickaxe":1}},"DataVersion":2586}