{"stats":{"minecraft:crafted":{"sophisticatedbackpacks:backpack":1,"minecraft:crafting_table":1,"minecraft:air":382,"minecraft:iron_axe":1,"minecraft:stick":4,"minecraft:iron_pickaxe":1,"minecraft:torch":20,"sophisticatedbackpacks:iron_backpack":1},"minecraft:mined":{"minecraft:smithing_table":1,"minecraft:stone_pressure_plate":1,"minecraft:glass_pane":2,"minecraft:crafting_table":4,"minecraft:acacia_log":38,"minecraft:grass_block":7,"iceandfire:lectern":2,"minecraft:coal_block":6,"minecraft:tall_grass":5,"minecraft:grindstone":1,"iceandfire:crackled_cobblestone":1,"minecraft:hay_block":25,"minecraft:furnace":2,"minecraft:iron_ore":4,"minecraft:barrel":1,"minecraft:wheat":2,"minecraft:yellow_bed":1,"minecraft:gold_block":2,"minecraft:grass":9,"minecraft:bookshelf":19,"minecraft:coal_ore":41,"minecraft:cobweb":7},"minecraft:killed":{"minecraft:creeper":1,"minecraft:cow":3},"minecraft:custom":{"minecraft:interact_with_furnace":1,"minecraft:mob_kills":4,"minecraft:interact_with_crafting_table":7,"minecraft:open_barrel":1,"minecraft:play_one_minute":40712,"minecraft:leave_game":1,"minecraft:time_since_death":40712,"minecraft:climb_one_cm":96,"minecraft:time_since_rest":40712,"minecraft:sprint_one_cm":169998,"minecraft:damage_taken":269,"minecraft:walk_one_cm":94644,"minecraft:drop":24,"minecraft:damage_dealt":697,"minecraft:swim_one_cm":1269,"minecraft:fly_one_cm":171249,"minecraft:open_chest":29,"minecraft:crouch_one_cm":113,"minecraft:sneak_time":22,"minecraft:walk_under_water_one_cm":88,"minecraft:jump":777,"minecraft:walk_on_water_one_cm":609,"minecraft:fall_one_cm":18442},"minecraft:picked_up":{"iceandfire:dragon_skull_lightning":1,"minecraft:crafting_table":4,"minecraft:wheat":2,"minecraft:lead":1,"minecraft:smithing_table":1,"minecraft:leather":10,"minecraft:golden_leggings":1,"alexsmobs:acacia_blossom":2,"minecraft:gold_block":2,"minecraft:enchanted_book":1,"minecraft:yellow_bed":1,"minecraft:gunpowder":1,"minecraft:dirt":23,"minecraft:string":7,"minecraft:iron_leggings":1,"minecraft:item_frame":16,"minecraft:experience_bottle":2,"minecraft:acacia_planks":26,"minecraft:wheat_seeds":8,"minecraft:iron_ingot":6,"minecraft:grindstone":1,"minecraft:beef":6,"minecraft:stone_pickaxe":1,"minecraft:iron_ore":4,"minecraft:iron_pickaxe":1,"minecraft:coal_block":6,"minecraft:acacia_sapling":13,"minecraft:iron_sword":1,"iceandfire:crackled_cobblestone":2,"minecraft:furnace":2,"minecraft:book":58,"minecraft:stick":13,"iceandfire:dragonbone":53,"minecraft:acacia_fence":1,"minecraft:acacia_log":38,"minecraft:dandelion":1,"iceandfire:dragon_skull_fire":2,"minecraft:acacia_stairs":2,"minecraft:barrel":1,"minecraft:stone_pressure_plate":2,"iceandfire:lectern":2,"minecraft:hay_block":25,"alexsmobs:emu_egg":2,"minecraft:gold_ingot":4,"minecraft:coal":50},"minecraft:dropped":{"minecraft:golden_boots":1,"minecraft:wheat_seeds":8,"alexsmobs:acacia_blossom":2,"minecraft:wheat":2,"minecraft:apple":6,"minecraft:acacia_stairs":1,"iceandfire:shiny_scales":1,"minecraft:item_frame":12,"minecraft:dirt":16,"minecraft:golden_leggings":1,"iceandfire:crackled_cobblestone":1,"minecraft:stone_pickaxe":1,"minecraft:iron_pickaxe":1,"minecraft:acacia_fence":1,"minecraft:acacia_planks":26,"minecraft:dandelion":1},"minecraft:used":{"minecraft:acacia_log":34,"minecraft:iron_sword":24,"minecraft:torch":1,"minecraft:dirt":7,"minecraft:crafting_table":4,"minecraft:acacia_stairs":1,"minecraft:apple":1,"minecraft:iron_axe":33,"minecraft:bread":13,"minecraft:iron_pickaxe":62,"minecraft:item_frame":5,"iceandfire:crackled_cobblestone":1,"iceandfire:dragon_skull_fire":1,"minecraft:stone_pressure_plate":2,"minecraft:experience_bottle":2,"minecraft:cobweb":7}},"DataVersion":2586}