{"stats":{"minecraft:crafted":{"minecraft:iron_axe":1,"sophisticatedbackpacks:iron_backpack":2,"sophisticatedbackpacks:backpack":2,"minecraft:crafting_table":3,"minecraft:acacia_boat":1,"minecraft:air":513,"minecraft:stick":4,"minecraft:iron_pickaxe":1,"minecraft:torch":20},"minecraft:mined":{"minecraft:stone_pressure_plate":1,"minecraft:spruce_fence":2,"minecraft:purple_terracotta":2,"minecraft:acacia_log":38,"minecraft:grass_block":9,"iceandfire:lectern":2,"minecraft:coal_block":6,"minecraft:spawner":1,"iceandfire:crackled_cobblestone":1,"minecraft:hay_block":26,"minecraft:smooth_stone":2,"minecraft:furnace":2,"iceandfire:copper_ore":6,"minecraft:iron_ore":4,"minecraft:fire":1,"minecraft:barrel":5,"minecraft:snow":2,"minecraft:gold_block":2,"minecraft:bookshelf":19,"minecraft:iron_bars":2,"minecraft:stone":21,"minecraft:bone_block":34,"minecraft:pink_terracotta":1,"minecraft:smithing_table":3,"minecraft:glass_pane":2,"minecraft:crafting_table":5,"minecraft:torch":1,"minecraft:blast_furnace":1,"minecraft:rose_bush":1,"minecraft:smooth_quartz_slab":1,"minecraft:cobblestone":2,"minecraft:tall_grass":7,"minecraft:grindstone":2,"minecraft:sugar_cane":6,"minecraft:wheat":2,"minecraft:lilac":1,"minecraft:quartz_pillar":202,"minecraft:yellow_bed":1,"minecraft:grass":11,"minecraft:oak_log":5,"minecraft:coal_ore":186,"minecraft:sand":2,"minecraft:cobweb":7,"minecraft:acacia_planks":2,"minecraft:stonecutter":1,"minecraft:dispenser":1,"minecraft:chipped_anvil":1,"minecraft:oak_leaves":6},"minecraft:killed":{"minecraft:vindicator":1,"minecraft:skeleton":1,"iceandfire:cyclops":1,"minecraft:creeper":1,"minecraft:pillager":5,"minecraft:zombie":1,"minecraft:stray":1,"iceandfire:sea_serpent":1,"minecraft:cow":8},"minecraft:broken":{"minecraft:iron_pickaxe":1},"minecraft:picked_up":{"iceandfire:dragon_skull_lightning":2,"minecraft:crafting_table":6,"minecraft:wheat":5,"iceandfire:copper_ore":3,"apotheosis:weapon_book":1,"minecraft:lead":1,"minecraft:smithing_table":3,"minecraft:gold_block":2,"minecraft:enchanted_book":1,"minecraft:shield":1,"minecraft:string":7,"minecraft:cooked_salmon":2,"minecraft:iron_leggings":1,"minecraft:item_frame":16,"minecraft:experience_bottle":2,"apotheosis:scrap_tome":1,"minecraft:smooth_stone":2,"apotheosis:armor_feet_book":1,"minecraft:beef":16,"minecraft:rose_bush":1,"minecraft:iron_pickaxe":1,"minecraft:sugar_cane":13,"minecraft:coal_block":6,"minecraft:furnace":2,"minecraft:iron_boots":1,"minecraft:stick":15,"iceandfire:dragonbone":62,"minecraft:acacia_fence":1,"minecraft:torch":1,"minecraft:acacia_log":38,"minecraft:spruce_fence":2,"minecraft:porkchop":3,"apotheosis:common_tome":1,"minecraft:quartz_pillar":191,"minecraft:pink_terracotta":1,"minecraft:stone_pressure_plate":2,"minecraft:purple_terracotta":1,"minecraft:tnt":2,"minecraft:arrow":2,"iceandfire:cyclops_eye":1,"minecraft:hay_block":31,"alexsmobs:emu_egg":2,"minecraft:gold_ingot":4,"minecraft:mutton":5,"minecraft:white_wool":5,"minecraft:cod":2,"minecraft:snowball":3,"minecraft:bone_block":34,"minecraft:cobblestone":21,"minecraft:lilac":1,"minecraft:salmon":3,"minecraft:leather":24,"minecraft:golden_leggings":1,"alexsmobs:acacia_blossom":2,"minecraft:mushroom_stew":2,"minecraft:oak_log":5,"evilcraft:flesh_humanoid":1,"minecraft:yellow_bed":1,"minecraft:gunpowder":1,"minecraft:acacia_boat":5,"minecraft:dirt":25,"minecraft:bone":2,"minecraft:chipped_anvil":1,"minecraft:acacia_planks":41,"minecraft:stonecutter":1,"minecraft:wheat_seeds":12,"minecraft:grindstone":2,"minecraft:iron_ingot":6,"minecraft:stone_pickaxe":1,"minecraft:iron_ore":4,"apotheosis:digger_book":1,"minecraft:honeycomb":12,"minecraft:iron_sword":1,"minecraft:acacia_sapling":13,"iceandfire:crackled_cobblestone":2,"minecraft:book":64,"minecraft:dandelion":1,"apotheosis:null_book":1,"iceandfire:dragon_skull_fire":2,"minecraft:sand":2,"minecraft:blast_furnace":1,"minecraft:acacia_stairs":2,"minecraft:barrel":5,"travelersbackpack:standard":1,"minecraft:dispenser":1,"iceandfire:lectern":2,"minecraft:emerald":1,"tombstone:magic_scroll":1,"minecraft:oak_sapling":4,"minecraft:smooth_quartz_slab":1,"minecraft:coal":192},"minecraft:custom":{"minecraft:interact_with_smithing_table":1,"minecraft:mob_kills":21,"minecraft:interact_with_crafting_table":11,"minecraft:open_barrel":8,"minecraft:leave_game":3,"minecraft:time_since_death":125767,"minecraft:climb_one_cm":5156,"minecraft:sprint_one_cm":431996,"minecraft:walk_one_cm":265557,"minecraft:drop":41,"minecraft:sneak_time":2087,"minecraft:walk_under_water_one_cm":2631,"minecraft:boat_one_cm":174370,"minecraft:jump":2358,"minecraft:walk_on_water_one_cm":4351,"minecraft:interact_with_furnace":1,"tombstone:raider_killed":6,"minecraft:play_one_minute":125767,"minecraft:time_since_rest":125767,"minecraft:damage_taken":1965,"minecraft:damage_absorbed":40,"minecraft:trigger_trapped_chest":1,"minecraft:damage_dealt":6365,"minecraft:swim_one_cm":12916,"minecraft:fly_one_cm":515161,"minecraft:open_chest":53,"minecraft:crouch_one_cm":2919,"tombstone:undead_killed":3,"minecraft:fall_one_cm":49642},"minecraft:dropped":{"sophisticatedbackpacks:iron_backpack":1,"minecraft:golden_boots":1,"minecraft:purple_terracotta":1,"minecraft:acacia_boat":1,"minecraft:wheat_seeds":12,"minecraft:lilac":1,"minecraft:tnt":2,"minecraft:apple":6,"travelersbackpack:standard":2,"minecraft:item_frame":12,"minecraft:dirt":16,"minecraft:rose_bush":1,"minecraft:snowball":2,"minecraft:iron_pickaxe":3,"minecraft:smooth_stone":2,"minecraft:acacia_planks":38,"minecraft:dandelion":1,"alexsmobs:acacia_blossom":2,"minecraft:wheat":2,"minecraft:acacia_stairs":1,"minecraft:spruce_fence":2,"iceandfire:shiny_scales":1,"minecraft:golden_leggings":1,"iceandfire:crackled_cobblestone":1,"minecraft:arrow":2,"minecraft:stone_pickaxe":1,"minecraft:acacia_fence":1},"minecraft:used":{"minecraft:acacia_log":34,"minecraft:flint_and_steel":5,"minecraft:smooth_quartz_slab":1,"minecraft:iron_sword":156,"minecraft:torch":10,"minecraft:dirt":9,"minecraft:pink_terracotta":1,"minecraft:snowball":1,"minecraft:iron_axe":43,"minecraft:item_frame":5,"minecraft:stone_pressure_plate":2,"minecraft:acacia_planks":88,"minecraft:acacia_boat":4,"minecraft:water_bucket":1,"minecraft:oak_planks":20,"minecraft:golden_apple":1,"minecraft:sand":2,"minecraft:crafting_table":8,"minecraft:oak_log":5,"minecraft:acacia_stairs":1,"minecraft:apple":1,"minecraft:bread":60,"minecraft:iron_pickaxe":493,"iceandfire:crackled_cobblestone":1,"minecraft:cobblestone":13,"iceandfire:dragon_skull_fire":1,"minecraft:smithing_table":1,"minecraft:bucket":2,"minecraft:yellow_bed":1,"minecraft:air":1,"minecraft:cobweb":7,"minecraft:experience_bottle":3}},"DataVersion":2586}