{"stats":{"minecraft:crafted":{"sophisticatedbackpacks:backpack":1,"minecraft:crafting_table":2,"minecraft:acacia_boat":1,"minecraft:air":423,"minecraft:iron_axe":1,"minecraft:stick":4,"minecraft:iron_pickaxe":1,"minecraft:torch":20,"sophisticatedbackpacks:iron_backpack":1},"minecraft:mined":{"minecraft:smithing_table":1,"minecraft:stone_pressure_plate":1,"minecraft:glass_pane":2,"minecraft:crafting_table":4,"minecraft:torch":1,"minecraft:purple_terracotta":2,"minecraft:acacia_log":38,"minecraft:grass_block":7,"iceandfire:lectern":2,"minecraft:coal_block":6,"minecraft:tall_grass":5,"minecraft:grindstone":1,"minecraft:spawner":1,"iceandfire:crackled_cobblestone":1,"minecraft:hay_block":26,"minecraft:furnace":2,"minecraft:fire":1,"minecraft:iron_ore":4,"minecraft:barrel":5,"minecraft:wheat":2,"minecraft:yellow_bed":1,"minecraft:gold_block":2,"minecraft:grass":9,"minecraft:bookshelf":19,"minecraft:coal_ore":41,"minecraft:sand":2,"minecraft:cobweb":7,"minecraft:dispenser":1,"minecraft:bone_block":34},"minecraft:killed":{"iceandfire:cyclops":1,"minecraft:vindicator":1,"minecraft:creeper":1,"minecraft:pillager":4,"iceandfire:sea_serpent":1,"minecraft:cow":4},"minecraft:custom":{"minecraft:interact_with_furnace":1,"minecraft:mob_kills":12,"tombstone:raider_killed":5,"minecraft:interact_with_crafting_table":9,"minecraft:open_barrel":7,"minecraft:play_one_minute":58712,"minecraft:leave_game":1,"minecraft:time_since_death":58712,"minecraft:climb_one_cm":3114,"minecraft:time_since_rest":58712,"minecraft:sprint_one_cm":224806,"minecraft:damage_absorbed":40,"minecraft:damage_taken":1112,"minecraft:walk_one_cm":149861,"minecraft:drop":26,"minecraft:damage_dealt":3705,"minecraft:swim_one_cm":7160,"minecraft:fly_one_cm":231626,"minecraft:open_chest":35,"minecraft:crouch_one_cm":1062,"minecraft:sneak_time":1510,"minecraft:walk_under_water_one_cm":2140,"minecraft:boat_one_cm":25780,"minecraft:jump":1090,"minecraft:walk_on_water_one_cm":2618,"minecraft:fall_one_cm":27542},"minecraft:picked_up":{"iceandfire:dragon_skull_lightning":2,"minecraft:crafting_table":5,"minecraft:wheat":5,"minecraft:salmon":3,"minecraft:lead":1,"minecraft:smithing_table":1,"minecraft:leather":19,"minecraft:golden_leggings":1,"alexsmobs:acacia_blossom":2,"minecraft:gold_block":2,"minecraft:enchanted_book":1,"minecraft:mushroom_stew":2,"evilcraft:flesh_humanoid":1,"minecraft:yellow_bed":1,"minecraft:gunpowder":1,"minecraft:acacia_boat":3,"minecraft:dirt":23,"minecraft:string":7,"minecraft:cooked_salmon":2,"minecraft:iron_leggings":1,"minecraft:item_frame":16,"minecraft:experience_bottle":2,"minecraft:acacia_planks":26,"minecraft:wheat_seeds":12,"minecraft:iron_ingot":6,"minecraft:grindstone":1,"minecraft:beef":8,"minecraft:stone_pickaxe":1,"minecraft:iron_ore":4,"minecraft:iron_pickaxe":1,"minecraft:honeycomb":12,"minecraft:coal_block":6,"minecraft:acacia_sapling":13,"minecraft:iron_sword":1,"iceandfire:crackled_cobblestone":2,"minecraft:furnace":2,"minecraft:book":58,"minecraft:stick":13,"iceandfire:dragonbone":62,"minecraft:acacia_fence":1,"minecraft:torch":1,"minecraft:acacia_log":38,"minecraft:dandelion":1,"minecraft:sand":2,"minecraft:porkchop":3,"iceandfire:dragon_skull_fire":2,"minecraft:acacia_stairs":2,"minecraft:barrel":5,"minecraft:stone_pressure_plate":2,"minecraft:purple_terracotta":1,"minecraft:dispenser":1,"iceandfire:cyclops_eye":1,"iceandfire:lectern":2,"minecraft:hay_block":31,"alexsmobs:emu_egg":2,"minecraft:gold_ingot":4,"minecraft:emerald":1,"minecraft:bone_block":34,"minecraft:white_wool":5,"minecraft:mutton":5,"minecraft:cod":2,"minecraft:coal":50},"minecraft:dropped":{"minecraft:golden_boots":1,"minecraft:purple_terracotta":1,"minecraft:wheat_seeds":12,"alexsmobs:acacia_blossom":2,"minecraft:wheat":2,"minecraft:apple":6,"minecraft:acacia_stairs":1,"iceandfire:shiny_scales":1,"minecraft:item_frame":12,"minecraft:dirt":16,"minecraft:golden_leggings":1,"iceandfire:crackled_cobblestone":1,"minecraft:stone_pickaxe":1,"minecraft:iron_pickaxe":1,"minecraft:acacia_fence":1,"minecraft:acacia_planks":26,"minecraft:dandelion":1},"minecraft:used":{"minecraft:acacia_boat":2,"minecraft:flint_and_steel":5,"minecraft:acacia_log":34,"minecraft:iron_sword":99,"minecraft:torch":5,"minecraft:golden_apple":1,"minecraft:dirt":7,"minecraft:sand":2,"minecraft:crafting_table":6,"minecraft:acacia_stairs":1,"minecraft:apple":1,"minecraft:iron_axe":37,"minecraft:bread":31,"minecraft:iron_pickaxe":101,"minecraft:item_frame":5,"iceandfire:crackled_cobblestone":1,"iceandfire:dragon_skull_fire":1,"minecraft:air":1,"minecraft:yellow_bed":1,"minecraft:stone_pressure_plate":2,"minecraft:acacia_planks":22,"minecraft:experience_bottle":2,"minecraft:cobweb":7}},"DataVersion":2586}