{"stats":{"minecraft:broken":{"minecraft:fishing_rod":1},"minecraft:used":{"minecraft:trident":15,"minecraft:rose_bush":1,"minecraft:poppy":1,"minecraft:iron_sword":50,"minecraft:iron_chestplate":1,"minecraft:torch":24,"minecraft:dirt":35,"minecraft:lantern":3,"minecraft:iron_axe":40,"minecraft:iron_helmet":1,"minecraft:iron_boots":1,"minecraft:furnace":2,"tombstone:gift":1,"minecraft:cooked_beef":4,"minecraft:iron_leggings":1,"minecraft:cooked_mutton":10,"minecraft:water_bucket":2,"minecraft:cobblestone_stairs":1,"minecraft:stone_pickaxe":48,"minecraft:wooden_pickaxe":6,"minecraft:crafting_table":9,"minecraft:white_bed":4,"minecraft:apple":4,"minecraft:bread":1,"minecraft:iron_pickaxe":115,"minecraft:stone_axe":96,"minecraft:fishing_rod":87,"minecraft:bucket":2,"minecraft:oak_boat":1,"minecraft:cobweb":6},"minecraft:killed_by":{"minecraft:creeper":1},"minecraft:mined":{"minecraft:dark_oak_planks":2,"minecraft:spruce_planks":1,"minecraft:white_bed":2,"minecraft:cobblestone_stairs":1,"immersive_weathering:birch_leaf_pile":10,"minecraft:grass_block":2,"minecraft:coal_block":16,"minecraft:spawner":2,"minecraft:hay_block":61,"minecraft:furnace":6,"minecraft:iron_ore":14,"minecraft:barrel":3,"minecraft:bookshelf":20,"iceandfire:podium_spruce":1,"minecraft:stone":25,"minecraft:iron_block":2,"immersive_weathering:oak_leaf_pile":9,"iceandfire:pixie_jar_empty":1,"minecraft:smithing_table":1,"minecraft:smoker":2,"minecraft:crafting_table":6,"minecraft:torch":1,"minecraft:chest":1,"minecraft:rose_bush":1,"minecraft:oak_planks":2,"minecraft:grindstone":1,"minecraft:sugar_cane":12,"minecraft:wall_torch":1,"minecraft:birch_log":7,"minecraft:tnt":1,"minecraft:grass":11,"minecraft:coal_ore":98,"minecraft:oak_log":72,"minecraft:dirt":4,"minecraft:cobweb":32,"minecraft:oak_leaves":1},"minecraft:crafted":{"minecraft:oak_planks":156,"minecraft:cooked_mutton":10,"improvableskills:skills_book":1,"minecraft:iron_axe":1,"minecraft:stone_pickaxe":1,"minecraft:chest":1,"sophisticatedbackpacks:iron_backpack":1,"minecraft:cooked_beef":8,"minecraft:cooked_cod":25,"sophisticatedbackpacks:backpack":1,"minecraft:crafting_table":4,"minecraft:wooden_pickaxe":1,"minecraft:cooked_salmon":25,"minecraft:stone_axe":1,"minecraft:air":0,"minecraft:oak_boat":1,"minecraft:book":2,"minecraft:paper":9,"minecraft:stick":8,"minecraft:iron_ingot":9,"minecraft:iron_pickaxe":1,"minecraft:white_bed":2,"minecraft:torch":28},"minecraft:picked_up":{"minecraft:fishing_rod":2,"minecraft:crafting_table":7,"minecraft:smithing_table":1,"minecraft:wooden_pickaxe":13,"minecraft:enchanted_book":3,"jellyfishing:jellyfish":4,"jellyfishing:jellyfish_net":4,"minecraft:string":34,"minecraft:pufferfish":7,"minecraft:experience_bottle":2,"dungeonnowloading:spawner_fragment":7,"iceandfire:bestiary":1,"improvableskills:scroll_normal":17,"minecraft:spruce_planks":1,"minecraft:beef":16,"minecraft:rose_bush":1,"minecraft:iron_nugget":1,"minecraft:poppy":1,"minecraft:coal_block":16,"minecraft:sugar_cane":35,"minecraft:chest":1,"minecraft:furnace":6,"minecraft:stick":26,"minecraft:raw_iron":13,"apotheosis:gem":4,"minecraft:torch":2,"minecraft:dark_oak_planks":2,"minecraft:tnt":1,"minecraft:stone_sword":1,"artifacts:lucky_scarf":1,"minecraft:rotten_flesh":1,"minecraft:tropical_fish":6,"jellyfishing:bubble_jellyfish":1,"minecraft:hay_block":61,"minecraft:iron_block":2,"farmersdelight:rope":12,"minecraft:gold_ingot":2,"minecraft:saddle":1,"minecraft:rail":3,"minecraft:mutton":10,"minecraft:cobblestone":27,"minecraft:cod":24,"minecraft:white_wool":6,"minecraft:nautilus_shell":4,"minecraft:water_bucket":1,"minecraft:salmon":14,"minecraft:leather":14,"minecraft:smoker":2,"minecraft:oak_log":70,"minecraft:cobblestone_stairs":1,"minecraft:dirt":36,"minecraft:lantern":3,"minecraft:name_tag":5,"minecraft:leather_boots":1,"minecraft:apple":4,"iceandfire:pixie_jar_empty":1,"minecraft:bow":8,"minecraft:wheat_seeds":4,"minecraft:grindstone":1,"minecraft:iron_ingot":7,"minecraft:oak_planks":2,"minecraft:iron_sword":1,"minecraft:book":57,"minecraft:oak_slab":117,"iceandfire:podium_spruce":1,"patchouli:guide_book":3,"minecraft:white_bed":2,"minecraft:spider_eye":2,"minecraft:barrel":3,"improvableskills:skills_book":2,"minecraft:oak_sapling":84,"minecraft:coal":131},"minecraft:killed":{"minecraft:cave_spider":2,"artifacts:mimic":1,"minecraft:sheep":6,"minecraft:zombie":1,"minecraft:cow":11},"minecraft:dropped":{"minecraft:water_bucket":1,"minecraft:enchanted_book":1,"minecraft:oak_slab":117,"jellyfishing:bubble_jellyfish":1,"minecraft:wheat_seeds":3,"minecraft:crafting_table":1,"minecraft:tropical_fish":6,"minecraft:pufferfish":7,"minecraft:paper":1,"minecraft:dark_oak_planks":2,"minecraft:fishing_rod":2,"minecraft:stone_axe":1,"minecraft:iron_nugget":1,"minecraft:rotten_flesh":1,"minecraft:oak_planks":1,"improvableskills:skills_book":2,"jellyfishing:jellyfish":4,"dungeonnowloading:spawner_fragment":7,"patchouli:guide_book":2,"minecraft:spruce_planks":1,"apotheosis:gem":1,"minecraft:leather_boots":1,"minecraft:oak_sapling":52,"minecraft:chest":1,"improvableskills:scroll_normal":1,"minecraft:bow":3,"minecraft:wooden_pickaxe":14,"minecraft:stone_pickaxe":1,"jellyfishing:jellyfish_net":4,"minecraft:nautilus_shell":4},"minecraft:custom":{"minecraft:mob_kills":21,"minecraft:interact_with_crafting_table":13,"minecraft:open_barrel":4,"minecraft:damage_dealt_resisted":0,"minecraft:leave_game":2,"minecraft:time_since_death":139837,"minecraft:climb_one_cm":1564,"minecraft:sprint_one_cm":278303,"minecraft:walk_one_cm":196022,"minecraft:drop":68,"minecraft:play_time":141173,"minecraft:deaths":1,"minecraft:sneak_time":492,"minecraft:walk_under_water_one_cm":8906,"minecraft:jump":1126,"minecraft:walk_on_water_one_cm":14362,"minecraft:total_world_time":141173,"minecraft:interact_with_furnace":29,"minecraft:sleep_in_bed":4,"minecraft:time_since_rest":17942,"minecraft:waystone_activated":1,"minecraft:damage_taken":1021,"minecraft:trigger_trapped_chest":1,"minecraft:damage_dealt":2547,"tombstone:cast_on_ally":1,"minecraft:fly_one_cm":271613,"minecraft:swim_one_cm":39274,"minecraft:open_chest":21,"minecraft:crouch_one_cm":418,"tombstone:undead_killed":1,"minecraft:fish_caught":44,"minecraft:fall_one_cm":23903}},"DataVersion":3465}