{"stats":{"minecraft:broken":{"minecraft:iron_pickaxe":1,"minecraft:fishing_rod":1},"minecraft:used":{"minecraft:oak_trapdoor":1,"minecraft:trident":35,"minecraft:rose_bush":1,"minecraft:poppy":1,"minecraft:shield":3,"minecraft:iron_sword":134,"minecraft:iron_chestplate":1,"minecraft:torch":93,"minecraft:dirt":36,"minecraft:tuff":10,"minecraft:granite":5,"farmersdelight:rope":4,"minecraft:lantern":3,"minecraft:iron_axe":51,"minecraft:oak_stairs":2,"minecraft:iron_helmet":1,"minecraft:iron_boots":1,"minecraft:stone_bricks":3,"minecraft:furnace":4,"tombstone:gift":3,"minecraft:cooked_beef":8,"minecraft:cobbled_deepslate":54,"minecraft:iron_leggings":1,"minecraft:mossy_stone_bricks":2,"minecraft:cooked_mutton":10,"minecraft:water_bucket":8,"minecraft:diorite":2,"minecraft:cobblestone_stairs":1,"minecraft:stone_pickaxe":48,"minecraft:oak_planks":9,"minecraft:wooden_pickaxe":6,"minecraft:golden_apple":2,"minecraft:mossy_cobblestone":1,"minecraft:oak_slab":4,"minecraft:crafting_table":13,"minecraft:white_bed":4,"minecraft:smoker":1,"minecraft:apple":4,"minecraft:bread":22,"minecraft:iron_pickaxe":842,"minecraft:gravel":5,"minecraft:stone_axe":96,"minecraft:fishing_rod":87,"minecraft:cobblestone":28,"minecraft:andesite":6,"minecraft:bucket":8,"minecraft:oak_boat":1,"minecraft:stripped_oak_log":1,"minecraft:smooth_stone":2,"minecraft:cobweb":6},"minecraft:killed_by":{"minecraft:creeper":1,"minecraft:skeleton":1,"iceandfire:fire_dragon":1},"minecraft:mined":{"minecraft:dark_oak_planks":2,"alexscaves:spelunkery_table":1,"minecraft:tuff":8,"minecraft:mossy_cobblestone":7,"minecraft:spruce_planks":1,"minecraft:white_bed":2,"iceandfire:silver_ore":2,"minecraft:deepslate_diamond_ore":5,"minecraft:cobblestone_stairs":1,"immersive_weathering:birch_leaf_pile":10,"minecraft:granite":41,"minecraft:decorated_pot":1,"minecraft:grass_block":2,"minecraft:coal_block":16,"minecraft:spawner":3,"minecraft:smooth_stone":7,"minecraft:hay_block":61,"minecraft:raw_iron_block":1,"minecraft:redstone_ore":1,"minecraft:oak_trapdoor":1,"minecraft:furnace":8,"minecraft:cobbled_deepslate":3,"minecraft:iron_ore":56,"minecraft:barrel":3,"minecraft:andesite":6,"evilcraft:dark_ore":4,"minecraft:bookshelf":20,"minecraft:deepslate_iron_ore":45,"minecraft:oak_stairs":2,"minecraft:stripped_oak_log":1,"iceandfire:podium_spruce":1,"minecraft:stone":240,"minecraft:iron_block":2,"iceandfire:chared_cobblestone":6,"immersive_weathering:oak_leaf_pile":9,"iceandfire:pixie_jar_empty":1,"minecraft:smithing_table":1,"minecraft:deepslate_redstone_ore":6,"minecraft:oak_slab":4,"minecraft:smoker":5,"minecraft:crafting_table":6,"minecraft:torch":2,"minecraft:emerald_ore":1,"minecraft:chest":1,"minecraft:rose_bush":1,"minecraft:cobblestone":13,"minecraft:lapis_ore":4,"minecraft:oak_planks":7,"minecraft:grindstone":1,"minecraft:sugar_cane":12,"minecraft:diorite":23,"minecraft:wall_torch":1,"dungeonnowloading:gold_ingot_pile":2,"evilcraft:dark_ore_deepslate":1,"minecraft:birch_log":7,"minecraft:jukebox":1,"minecraft:tnt":1,"minecraft:grass":11,"minecraft:coal_ore":219,"minecraft:oak_log":77,"minecraft:gravel":3,"minecraft:dirt":4,"minecraft:cobweb":33,"minecraft:chipped_anvil":1,"minecraft:stone_bricks":5,"minecraft:gold_ore":10,"minecraft:mossy_stone_bricks":6,"iceandfire:chared_stone":6,"minecraft:oak_leaves":1,"minecraft:deepslate":110,"dungeonnowloading:iron_ingot_pile":4},"minecraft:crafted":{"minecraft:coal":9,"minecraft:oak_planks":172,"minecraft:raw_iron":9,"minecraft:furnace":2,"minecraft:cooked_mutton":10,"minecraft:bow":4,"improvableskills:skills_book":1,"minecraft:iron_axe":1,"minecraft:stone_pickaxe":1,"minecraft:chest":2,"sophisticatedbackpacks:iron_backpack":2,"minecraft:cooked_beef":16,"minecraft:coal_block":30,"minecraft:cooked_cod":25,"sophisticatedbackpacks:backpack":2,"minecraft:cooked_porkchop":1,"minecraft:crafting_table":7,"minecraft:wooden_pickaxe":1,"minecraft:cooked_salmon":25,"sophisticatedbackpacks:gold_backpack":1,"minecraft:stone_axe":1,"minecraft:air":0,"minecraft:oak_boat":1,"minecraft:book":2,"minecraft:paper":9,"minecraft:golden_apple":2,"minecraft:shield":2,"minecraft:stick":40,"minecraft:iron_ingot":9,"minecraft:iron_pickaxe":1,"minecraft:gold_ingot":9,"minecraft:white_bed":2,"minecraft:torch":92},"minecraft:picked_up":{"minecraft:fishing_rod":2,"minecraft:crafting_table":7,"minecraft:flower_pot":1,"minecraft:smithing_table":1,"minecraft:diamond_sword":1,"minecraft:wooden_pickaxe":13,"minecraft:oak_stairs":2,"minecraft:enchanted_book":3,"jellyfishing:jellyfish":4,"minecraft:shield":1,"jellyfishing:jellyfish_net":4,"minecraft:oak_trapdoor":1,"minecraft:string":39,"minecraft:raw_copper":2,"minecraft:pufferfish":7,"minecraft:experience_bottle":2,"dungeonnowloading:spawner_fragment":12,"iceandfire:bestiary":1,"minecraft:gold_nugget":18,"minecraft:smooth_stone":8,"minecraft:cobbled_deepslate":95,"improvableskills:scroll_normal":20,"minecraft:spruce_planks":1,"minecraft:music_disc_otherside":1,"minecraft:beef":16,"minecraft:rose_bush":1,"minecraft:iron_pickaxe":1,"minecraft:iron_nugget":1,"minecraft:poppy":1,"minecraft:coal_block":38,"minecraft:sugar_cane":35,"minecraft:chest":1,"minecraft:furnace":8,"minecraft:stick":26,"minecraft:raw_iron":131,"apotheosis:gem":5,"minecraft:jukebox":1,"minecraft:torch":3,"tombstone:grave_dust":4,"minecraft:diorite":22,"minecraft:trident":1,"minecraft:redstone":34,"minecraft:dark_oak_planks":2,"minecraft:tnt":1,"minecraft:arrow":60,"minecraft:stone_sword":1,"artifacts:lucky_scarf":1,"minecraft:rotten_flesh":5,"minecraft:tropical_fish":6,"jellyfishing:bubble_jellyfish":1,"minecraft:hay_block":61,"alexscaves:spelunkery_table":1,"minecraft:iron_block":2,"farmersdelight:rope":12,"minecraft:gold_ingot":9,"minecraft:saddle":1,"minecraft:stripped_oak_log":2,"minecraft:rail":3,"minecraft:mutton":11,"minecraft:cobblestone":307,"minecraft:cod":24,"minecraft:white_wool":6,"minecraft:nautilus_shell":4,"minecraft:glow_ink_sac":7,"minecraft:andesite":6,"minecraft:water_bucket":1,"minecraft:salmon":14,"minecraft:leather":15,"minecraft:smoker":5,"minecraft:flint":1,"minecraft:tuff":10,"minecraft:oak_log":74,"minecraft:chainmail_chestplate":2,"iceandfire:ectoplasm":1,"minecraft:gunpowder":1,"minecraft:cobblestone_stairs":1,"minecraft:lapis_lazuli":43,"minecraft:dirt":37,"minecraft:lantern":3,"minecraft:name_tag":5,"minecraft:chipped_anvil":1,"minecraft:leather_boots":1,"minecraft:bone":3,"minecraft:stone_bricks":5,"minecraft:apple":4,"iceandfire:pixie_jar_empty":1,"minecraft:bow":9,"minecraft:wheat_seeds":6,"minecraft:raw_gold":14,"minecraft:grindstone":1,"minecraft:iron_ingot":13,"minecraft:mossy_stone_bricks":6,"minecraft:oak_planks":7,"minecraft:iron_sword":2,"iceandfire:chared_stone":6,"minecraft:book":57,"minecraft:oak_slab":121,"iceandfire:podium_spruce":1,"patchouli:guide_book":3,"minecraft:raw_iron_block":1,"minecraft:gravel":5,"minecraft:white_bed":2,"minecraft:spider_eye":3,"minecraft:barrel":3,"minecraft:mossy_cobblestone":7,"iceandfire:chared_cobblestone":6,"minecraft:diamond":7,"improvableskills:skills_book":2,"evilcraft:dark_gem":26,"minecraft:granite":41,"minecraft:emerald":2,"minecraft:oak_sapling":84,"minecraft:coal":283,"iceandfire:raw_silver":3},"minecraft:killed":{"minecraft:cave_spider":2,"minecraft:spider":3,"minecraft:skeleton":5,"artifacts:mimic":1,"minecraft:zombie_villager":1,"minecraft:sheep":6,"iceandfire:ghost":2,"minecraft:zombie":6,"minecraft:cow":11},"minecraft:dropped":{"minecraft:water_bucket":1,"minecraft:enchanted_book":1,"minecraft:oak_slab":117,"jellyfishing:bubble_jellyfish":1,"minecraft:wheat_seeds":6,"minecraft:glow_ink_sac":6,"minecraft:tnt":1,"minecraft:crafting_table":1,"iceandfire:ectoplasm":1,"minecraft:tropical_fish":6,"minecraft:rail":3,"minecraft:pufferfish":7,"minecraft:diorite":20,"minecraft:torch":9,"minecraft:iron_leggings":2,"minecraft:iron_axe":1,"minecraft:iron_pickaxe":2,"minecraft:smooth_stone":6,"minecraft:paper":1,"minecraft:dark_oak_planks":2,"minecraft:fishing_rod":2,"minecraft:stone_axe":1,"minecraft:iron_nugget":1,"minecraft:rotten_flesh":5,"minecraft:oak_planks":1,"minecraft:iron_boots":2,"minecraft:stripped_oak_log":1,"improvableskills:skills_book":2,"jellyfishing:jellyfish":4,"dungeonnowloading:spawner_fragment":12,"patchouli:guide_book":3,"minecraft:chainmail_chestplate":2,"minecraft:diamond_sword":1,"minecraft:shield":2,"minecraft:flower_pot":1,"minecraft:spruce_planks":1,"minecraft:iron_chestplate":1,"minecraft:mossy_stone_bricks":4,"minecraft:chainmail_boots":1,"apotheosis:gem":2,"minecraft:leather_boots":1,"minecraft:oak_sapling":84,"minecraft:chest":1,"minecraft:stone_bricks":2,"improvableskills:scroll_normal":1,"minecraft:spider_eye":1,"minecraft:arrow":58,"minecraft:bow":5,"minecraft:wooden_pickaxe":14,"minecraft:stone_pickaxe":1,"jellyfishing:jellyfish_net":4,"minecraft:nautilus_shell":4,"iceandfire:chared_stone":6,"sophisticatedbackpacks:iron_backpack":1},"minecraft:custom":{"minecraft:mob_kills":38,"minecraft:interact_with_crafting_table":22,"minecraft:open_barrel":35,"minecraft:damage_dealt_resisted":0,"minecraft:leave_game":2,"minecraft:time_since_death":9341,"minecraft:climb_one_cm":9263,"minecraft:damage_resisted":0,"minecraft:sprint_one_cm":430299,"minecraft:walk_one_cm":371672,"minecraft:damage_blocked_by_shield":140,"minecraft:drop":116,"minecraft:play_time":219173,"minecraft:deaths":3,"minecraft:sneak_time":4713,"minecraft:walk_under_water_one_cm":11292,"minecraft:jump":1912,"minecraft:walk_on_water_one_cm":22543,"minecraft:total_world_time":219173,"minecraft:interact_with_furnace":37,"minecraft:interact_with_loom":1,"minecraft:sleep_in_bed":4,"minecraft:time_since_rest":8925,"minecraft:waystone_activated":1,"minecraft:damage_taken":2973,"minecraft:damage_absorbed":80,"minecraft:trigger_trapped_chest":1,"minecraft:damage_dealt":6820,"tombstone:cast_on_ally":2,"minecraft:fly_one_cm":375229,"minecraft:swim_one_cm":42989,"minecraft:open_chest":40,"minecraft:crouch_one_cm":7813,"tombstone:undead_killed":14,"minecraft:interact_with_smoker":6,"minecraft:fish_caught":44,"minecraft:fall_one_cm":38651}},"DataVersion":3465}