{"stats":{"minecraft:used":{"minecraft:cooked_mutton":1,"minecraft:trident":9,"minecraft:cobblestone_stairs":1,"minecraft:stone_pickaxe":48,"minecraft:wooden_pickaxe":6,"minecraft:torch":1,"minecraft:dirt":6,"minecraft:crafting_table":4,"minecraft:white_bed":2,"minecraft:apple":4,"minecraft:stone_axe":96,"minecraft:fishing_rod":1,"minecraft:furnace":1,"minecraft:oak_boat":1},"minecraft:killed_by":{"minecraft:creeper":1},"minecraft:mined":{"minecraft:dark_oak_planks":2,"minecraft:spruce_planks":1,"minecraft:white_bed":2,"minecraft:cobblestone_stairs":1,"minecraft:crafting_table":4,"minecraft:grass_block":1,"minecraft:chest":1,"minecraft:sugar_cane":6,"minecraft:spawner":1,"minecraft:furnace":1,"minecraft:barrel":3,"minecraft:grass":5,"minecraft:oak_log":66,"minecraft:coal_ore":33,"minecraft:stone":18,"immersive_weathering:oak_leaf_pile":9},"minecraft:crafted":{"minecraft:oak_planks":24,"minecraft:crafting_table":2,"minecraft:wooden_pickaxe":1,"minecraft:stone_axe":1,"minecraft:cooked_mutton":10,"minecraft:air":0,"minecraft:oak_boat":1,"minecraft:stick":8,"minecraft:iron_pickaxe":1,"minecraft:stone_pickaxe":1,"minecraft:white_bed":1,"minecraft:torch":4},"minecraft:picked_up":{"minecraft:crafting_table":4,"minecraft:water_bucket":1,"minecraft:salmon":3,"minecraft:leather":8,"minecraft:oak_log":63,"minecraft:cobblestone_stairs":1,"minecraft:dirt":31,"dungeonnowloading:spawner_fragment":3,"minecraft:apple":4,"minecraft:spruce_planks":1,"minecraft:beef":8,"minecraft:iron_nugget":1,"minecraft:sugar_cane":12,"minecraft:chest":1,"minecraft:furnace":1,"minecraft:stick":18,"minecraft:white_bed":2,"minecraft:barrel":3,"minecraft:dark_oak_planks":2,"minecraft:rotten_flesh":1,"minecraft:tropical_fish":5,"minecraft:oak_sapling":19,"minecraft:mutton":10,"minecraft:coal":33,"minecraft:white_wool":6,"minecraft:cobblestone":18},"minecraft:killed":{"minecraft:sheep":6,"minecraft:zombie":1,"minecraft:cow":6},"minecraft:dropped":{"minecraft:iron_nugget":1,"minecraft:rotten_flesh":1,"minecraft:spruce_planks":1,"minecraft:stone_pickaxe":1,"minecraft:wooden_pickaxe":1,"minecraft:dark_oak_planks":2},"minecraft:custom":{"minecraft:interact_with_furnace":2,"minecraft:mob_kills":13,"minecraft:interact_with_crafting_table":5,"minecraft:open_barrel":2,"minecraft:leave_game":2,"minecraft:time_since_death":19837,"minecraft:sleep_in_bed":2,"minecraft:time_since_rest":4663,"minecraft:sprint_one_cm":59512,"minecraft:damage_taken":400,"minecraft:walk_one_cm":32760,"minecraft:drop":6,"minecraft:damage_dealt":1281,"minecraft:swim_one_cm":25339,"minecraft:fly_one_cm":40674,"minecraft:open_chest":1,"minecraft:crouch_one_cm":153,"minecraft:play_time":21173,"tombstone:undead_killed":1,"minecraft:deaths":1,"minecraft:sneak_time":209,"minecraft:walk_under_water_one_cm":1615,"minecraft:jump":188,"minecraft:walk_on_water_one_cm":4667,"minecraft:total_world_time":21173,"minecraft:fall_one_cm":3195}},"DataVersion":3465}