{"stats":{"minecraft:killed_by":{"minecraft:husk":2,"iceandfire:cyclops":1,"alexsmobs:centipede_head":1,"minecraft:zombie":1,"iceandfire:fire_dragon":1},"minecraft:broken":{"minecraft:stone_sword":1},"minecraft:used":{"tombstone:scroll_of_lightning_resistance":8,"minecraft:stone_sword":134,"minecraft:stone_shovel":38,"minecraft:chest":6,"iceandfire:copper_ore":3,"minecraft:torch":176,"minecraft:dirt":93,"iceandfire:pixie_dust":1,"minecraft:wooden_axe":1,"minecraft:chipped_anvil":1,"carryon:entity_item":6,"minecraft:melon_seeds":1,"tombstone:gift":7,"minecraft:acacia_planks":304,"minecraft:wheat_seeds":410,"minecraft:acacia_boat":2,"minecraft:iron_ore":3,"minecraft:stone_pickaxe":91,"minecraft:crafting_table":3,"minecraft:crossbow":1,"minecraft:cod":8,"minecraft:oak_log":4,"minecraft:diamond_pickaxe":62,"minecraft:string":4,"minecraft:bread":55,"minecraft:stone_axe":74,"minecraft:diamond_sword":344,"minecraft:cobblestone":3,"minecraft:yellow_bed":2,"minecraft:air":1},"minecraft:custom":{"minecraft:mob_kills":21,"minecraft:interact_with_crafting_table":23,"minecraft:open_barrel":2,"minecraft:leave_game":6,"minecraft:time_since_death":1279,"minecraft:climb_one_cm":746,"minecraft:sprint_one_cm":510361,"minecraft:walk_one_cm":648657,"minecraft:drop":104,"minecraft:talked_to_villager":3,"minecraft:deaths":6,"minecraft:sneak_time":5672,"minecraft:walk_under_water_one_cm":38685,"minecraft:boat_one_cm":128143,"minecraft:jump":2354,"minecraft:walk_on_water_one_cm":40195,"minecraft:interact_with_furnace":13,"minecraft:play_one_minute":314113,"minecraft:sleep_in_bed":3,"minecraft:time_since_rest":849,"minecraft:damage_taken":3600,"minecraft:trigger_trapped_chest":5,"minecraft:damage_dealt":5863,"tombstone:cast_on_ally":1,"minecraft:swim_one_cm":10098,"minecraft:fly_one_cm":634444,"minecraft:open_chest":148,"minecraft:crouch_one_cm":19993,"tombstone:undead_killed":11,"minecraft:fall_one_cm":54532},"minecraft:mined":{"minecraft:grass_block":55,"minecraft:spawner":1,"minecraft:tall_seagrass":4,"minecraft:iron_ore":35,"minecraft:fire":16,"minecraft:andesite":11,"iceandfire:gold_pile":2,"minecraft:vine":1,"minecraft:stone":43,"minecraft:melon_stem":2,"minecraft:dandelion":2,"minecraft:crafting_table":1,"minecraft:torch":5,"minecraft:poppy":2,"minecraft:chest":4,"minecraft:dead_bush":8,"minecraft:tall_grass":31,"minecraft:diorite":2,"minecraft:wall_torch":15,"minecraft:seagrass":2,"minecraft:wheat":410,"minecraft:yellow_bed":1,"minecraft:grass":94,"minecraft:oak_log":10,"minecraft:coal_ore":49,"minecraft:dirt":24,"minecraft:acacia_planks":78,"minecraft:gold_ore":5,"minecraft:oak_leaves":3},"minecraft:crafted":{"minecraft:glass":16,"minecraft:air":427,"minecraft:charcoal":4,"minecraft:stick":12},"minecraft:dropped":{"minecraft:gold_ore":9,"minecraft:acacia_boat":1,"minecraft:wheat_seeds":1425,"minecraft:glass_bottle":1,"minecraft:oak_fence":1,"minecraft:iron_helmet":2,"minecraft:cod":12,"minecraft:emerald":11,"minecraft:stick":11,"minecraft:gray_wool":3,"tombstone:grave_key":1,"minecraft:wooden_axe":1,"tombstone:grave_dust":6,"minecraft:potion":1,"minecraft:iron_leggings":1,"minecraft:bone_meal":6,"minecraft:iron_pickaxe":1,"minecraft:chipped_anvil":2,"minecraft:string":3,"minecraft:acacia_planks":10,"minecraft:armor_stand":1,"minecraft:dandelion":11,"minecraft:bone":2,"minecraft:redstone":13,"minecraft:blue_terracotta":2,"minecraft:sugar_cane":19,"alexsmobs:acacia_blossom":5,"minecraft:wheat":1,"tombstone:gift":2,"minecraft:rotten_flesh":9,"alexsmobs:emu_egg":4,"evilcraft:flesh_humanoid":1,"minecraft:carrot":1,"iceandfire:shiny_scales":3,"minecraft:poppy":10,"minecraft:leather_chestplate":1,"evilcraft:ender_tear":1,"minecraft:leather_boots":1,"iceandfire:bestiary":1,"minecraft:spider_eye":1},"minecraft:killed":{"alexsmobs:lobster":3,"minecraft:cave_spider":1,"minecraft:spider":3,"minecraft:skeleton":2,"artifacts:mimic":1,"minecraft:husk":1,"minecraft:creeper":3,"minecraft:zombie":8,"evilcraft:poisonous_libelle":1},"minecraft:picked_up":{"minecraft:wooden_axe":1,"minecraft:crafting_table":1,"minecraft:iron_chestplate":3,"minecraft:wheat":417,"iceandfire:witherbone":2,"iceandfire:copper_ore":3,"minecraft:potion":3,"minecraft:enchanted_book":1,"minecraft:golden_shovel":1,"minecraft:shield":1,"minecraft:string":7,"evilcraft:ender_tear":1,"minecraft:iron_leggings":2,"minecraft:armor_stand":1,"iceandfire:bestiary":1,"minecraft:gold_nugget":14,"minecraft:poppy":8,"minecraft:iron_pickaxe":1,"minecraft:sugar_cane":38,"minecraft:chest":4,"minecraft:furnace":1,"minecraft:iron_boots":1,"minecraft:stick":7,"minecraft:jungle_door":1,"iceandfire:troll_tusk":5,"minecraft:oak_fence":1,"minecraft:torch":34,"minecraft:acacia_log":64,"minecraft:sandstone_wall":1,"tombstone:grave_dust":5,"minecraft:diorite":1,"minecraft:carrot":13,"minecraft:redstone":22,"minecraft:yellow_banner":1,"minecraft:rotten_flesh":9,"minecraft:arrow":3,"artifacts:villager_hat":1,"alexsmobs:emu_egg":7,"minecraft:white_wool":1,"minecraft:mutton":12,"minecraft:cod":32,"minecraft:cobblestone":237,"minecraft:leather_chestplate":1,"minecraft:feather":2,"minecraft:cut_sandstone":3,"alexsmobs:acacia_blossom":2,"minecraft:potato":14,"minecraft:flint":1,"minecraft:oak_log":40,"minecraft:lily_pad":1,"evilcraft:flesh_humanoid":1,"minecraft:yellow_bed":2,"minecraft:gunpowder":4,"minecraft:acacia_boat":2,"minecraft:dirt":112,"tombstone:gift":2,"minecraft:name_tag":4,"minecraft:leather_boots":1,"minecraft:cooked_mutton":1,"minecraft:bone":4,"minecraft:chipped_anvil":4,"minecraft:acacia_planks":29,"iceandfire:pixie_jar_empty":2,"minecraft:wheat_seeds":2283,"minecraft:stone_pickaxe":1,"minecraft:iron_ore":37,"minecraft:glass_bottle":1,"minecraft:acacia_sapling":15,"minecraft:polished_andesite_stairs":2,"patchouli:guide_book":1,"minecraft:dandelion":11,"minecraft:gravel":1,"iceandfire:shiny_scales":3,"minecraft:gold_ore":27,"minecraft:spider_eye":1,"minecraft:blue_terracotta":2,"minecraft:diamond":25,"minecraft:iron_helmet":5,"minecraft:crossbow":1,"minecraft:gray_wool":3,"minecraft:emerald":22,"minecraft:bread":100,"minecraft:chainmail_helmet":1,"tombstone:magic_scroll":1,"minecraft:melon_seeds":1,"minecraft:coal":125,"minecraft:diamond_pickaxe":1,"minecraft:ender_pearl":3}},"DataVersion":2586}