{"stats":{"minecraft:used":{"minecraft:splash_potion":60},"minecraft:picked_up":{"jellyfishing:jellyfish":1,"minecraft:oak_sapling":19,"minecraft:cod":1,"improvableskills:scroll_normal":1},"minecraft:dropped":{"jellyfishing:jellyfish":1,"minecraft:cod":1},"minecraft:custom":{"minecraft:jump":17,"minecraft:time_since_rest":49510,"minecraft:damage_dealt":7,"minecraft:crouch_one_cm":4,"minecraft:walk_on_water_one_cm":729,"minecraft:sprint_one_cm":1967,"minecraft:play_time":49510,"minecraft:damage_taken":10,"minecraft:time_since_death":49510,"minecraft:walk_one_cm":2789,"minecraft:sneak_time":524,"minecraft:total_world_time":49510,"minecraft:walk_under_water_one_cm":4378,"minecraft:drop":2,"minecraft:fall_one_cm":753,"minecraft:fly_one_cm":57132}},"DataVersion":3465}