{"stats":{"minecraft:custom":{"minecraft:interact_with_anvil":3,"minecraft:mob_kills":40,"minecraft:interact_with_crafting_table":34,"minecraft:open_barrel":3,"minecraft:leave_game":9,"minecraft:time_since_death":19958,"minecraft:climb_one_cm":3800,"minecraft:sprint_one_cm":812949,"minecraft:damage_blocked_by_shield":170,"minecraft:walk_one_cm":888515,"minecraft:drop":161,"minecraft:talked_to_villager":3,"minecraft:sneak_time":6773,"minecraft:deaths":9,"minecraft:walk_under_water_one_cm":46261,"minecraft:boat_one_cm":521345,"minecraft:jump":4807,"minecraft:interact_with_brewingstand":1,"minecraft:interact_with_blast_furnace":1,"minecraft:walk_on_water_one_cm":49942,"minecraft:interact_with_furnace":14,"minecraft:play_one_minute":467331,"minecraft:sleep_in_bed":3,"minecraft:time_since_rest":19567,"minecraft:damage_taken":6481,"minecraft:trigger_trapped_chest":10,"minecraft:damage_dealt":7916,"tombstone:cast_on_ally":1,"minecraft:swim_one_cm":17355,"minecraft:fly_one_cm":1293281,"minecraft:open_chest":214,"minecraft:crouch_one_cm":22774,"tombstone:undead_killed":29,"minecraft:interact_with_smoker":2,"minecraft:fall_one_cm":128017,"minecraft:horse_one_cm":17867},"minecraft:picked_up":{"minecraft:wooden_axe":1,"minecraft:iron_chestplate":3,"minecraft:crafting_table":1,"minecraft:wheat":437,"minecraft:sandstone_slab":1,"iceandfire:witherbone":2,"iceandfire:copper_ore":3,"minecraft:potion":3,"minecraft:enchanted_book":1,"minecraft:golden_shovel":1,"minecraft:shield":2,"iceandfire:manuscript":6,"minecraft:string":7,"evilcraft:ender_tear":1,"minecraft:iron_leggings":2,"minecraft:armor_stand":1,"iceandfire:bestiary":1,"alexsmobs:blood_sac":1,"minecraft:gold_nugget":763,"minecraft:beef":4,"minecraft:poppy":8,"minecraft:iron_pickaxe":2,"minecraft:sugar_cane":38,"minecraft:chest":8,"minecraft:furnace":1,"minecraft:iron_boots":1,"minecraft:stick":7,"minecraft:sandstone":4,"iceandfire:troll_tusk":5,"minecraft:jungle_door":1,"minecraft:oak_fence":1,"minecraft:torch":40,"minecraft:acacia_log":64,"minecraft:sandstone_wall":1,"tombstone:grave_dust":5,"minecraft:diorite":1,"minecraft:carrot":13,"minecraft:redstone":22,"minecraft:yellow_banner":1,"minecraft:arrow":3,"minecraft:rotten_flesh":12,"artifacts:villager_hat":1,"minecraft:sandstone_stairs":2,"alexsmobs:emu_egg":8,"minecraft:mutton":12,"minecraft:cod":32,"minecraft:white_wool":1,"minecraft:cobblestone":260,"minecraft:leather_chestplate":1,"minecraft:air":0,"minecraft:feather":2,"minecraft:andesite":8,"minecraft:cut_sandstone":4,"minecraft:leather":3,"alexsmobs:acacia_blossom":2,"minecraft:potato":14,"minecraft:birch_planks":1,"minecraft:flint":3,"minecraft:oak_log":40,"minecraft:lily_pad":1,"evilcraft:flesh_humanoid":1,"minecraft:yellow_bed":3,"minecraft:gunpowder":8,"minecraft:acacia_boat":11,"minecraft:dirt":131,"tombstone:gift":2,"minecraft:name_tag":4,"minecraft:cooked_mutton":1,"minecraft:leather_boots":1,"minecraft:bone":4,"minecraft:chipped_anvil":4,"minecraft:acacia_planks":29,"iceandfire:pixie_jar_empty":2,"minecraft:wheat_seeds":2345,"minecraft:stone_pickaxe":1,"minecraft:iron_ore":37,"minecraft:glass_bottle":1,"minecraft:acacia_sapling":15,"minecraft:book":1,"minecraft:polished_andesite_stairs":2,"patchouli:guide_book":1,"chisel:marble/raw":1,"minecraft:dandelion":14,"minecraft:gravel":1,"iceandfire:shiny_scales":3,"minecraft:sand":10,"sophisticatedbackpacks:iron_backpack":1,"minecraft:gold_ore":27,"minecraft:spider_eye":1,"minecraft:blue_terracotta":2,"minecraft:diamond":25,"minecraft:iron_helmet":5,"minecraft:crossbow":1,"minecraft:granite":1,"minecraft:gray_wool":3,"minecraft:chainmail_helmet":1,"minecraft:emerald":22,"minecraft:bread":102,"minecraft:oak_button":8,"minecraft:baked_potato":29,"tombstone:magic_scroll":1,"minecraft:melon_seeds":1,"minecraft:coal":125,"minecraft:diamond_pickaxe":1,"minecraft:ender_pearl":3},"minecraft:broken":{"minecraft:stone_sword":1},"minecraft:mined":{"minecraft:grass_block":56,"minecraft:spawner":1,"minecraft:large_fern":1,"minecraft:tall_seagrass":5,"minecraft:iron_ore":35,"minecraft:fire":16,"minecraft:andesite":11,"minecraft:vine":1,"iceandfire:gold_pile":94,"minecraft:stone":47,"minecraft:melon_stem":2,"minecraft:dandelion":2,"minecraft:crafting_table":1,"iceandfire:dragon_ice_spikes":1,"minecraft:torch":6,"minecraft:poppy":2,"minecraft:chest":8,"minecraft:dead_bush":8,"minecraft:tall_grass":34,"minecraft:cobblestone":11,"minecraft:diorite":2,"minecraft:wall_torch":17,"minecraft:seagrass":2,"chisel:stone_bricks/pillar":1,"minecraft:wheat":430,"minecraft:yellow_bed":1,"minecraft:grass":113,"minecraft:coal_ore":49,"minecraft:oak_log":10,"minecraft:sand":3,"minecraft:dirt":24,"minecraft:acacia_planks":78,"minecraft:gold_ore":5,"minecraft:oak_leaves":3,"iceandfire:chared_stone":1},"minecraft:killed_by":{"minecraft:husk":2,"iceandfire:cyclops":1,"iceandfire:sea_serpent":1,"alexsmobs:centipede_head":1,"minecraft:zombie":1,"iceandfire:fire_dragon":1},"minecraft:dropped":{"sophisticatedbackpacks:iron_backpack":1,"minecraft:gold_ore":9,"minecraft:acacia_boat":1,"minecraft:birch_planks":1,"minecraft:wheat_seeds":1469,"minecraft:glass_bottle":1,"minecraft:sandstone_stairs":2,"minecraft:sandstone_slab":1,"minecraft:oak_fence":1,"minecraft:iron_helmet":2,"minecraft:book":1,"minecraft:leather":3,"minecraft:iron_horse_armor":1,"minecraft:cod":12,"minecraft:flint":2,"minecraft:stick":11,"minecraft:emerald":11,"minecraft:dirt":14,"minecraft:gray_wool":3,"minecraft:diorite":1,"tombstone:grave_key":1,"minecraft:wooden_axe":1,"minecraft:jungle_door":1,"tombstone:grave_dust":6,"minecraft:potion":1,"minecraft:iron_leggings":1,"minecraft:gold_nugget":3,"minecraft:bone_meal":6,"tombstone:decorative_grave_normal":1,"minecraft:sand":7,"minecraft:iron_pickaxe":2,"minecraft:chipped_anvil":2,"minecraft:string":3,"minecraft:acacia_planks":10,"minecraft:redstone":13,"minecraft:bone":2,"minecraft:dandelion":14,"minecraft:armor_stand":1,"minecraft:gravel":1,"minecraft:blue_terracotta":2,"minecraft:sugar_cane":19,"alexsmobs:acacia_blossom":5,"minecraft:wheat":3,"tombstone:gift":2,"minecraft:rotten_flesh":13,"minecraft:iron_boots":1,"minecraft:stripped_oak_log":1,"alexsmobs:emu_egg":6,"evilcraft:flesh_humanoid":1,"minecraft:carrot":1,"iceandfire:shiny_scales":3,"minecraft:poppy":10,"minecraft:leather_chestplate":1,"alexsmobs:blood_sac":1,"minecraft:shield":1,"minecraft:gunpowder":8,"minecraft:oak_button":8,"evilcraft:ender_tear":1,"minecraft:yellow_bed":1,"minecraft:leather_boots":1,"minecraft:acacia_sapling":1,"iceandfire:bestiary":1,"minecraft:yellow_banner":1,"minecraft:spider_eye":1,"minecraft:sandstone":4,"minecraft:arrow":1,"iceandfire:manuscript":6},"minecraft:crafted":{"minecraft:glass":16,"minecraft:air":535,"minecraft:charcoal":4,"minecraft:stick":12},"minecraft:killed":{"alexsmobs:lobster":3,"minecraft:cave_spider":1,"minecraft:spider":3,"minecraft:skeleton":11,"artifacts:mimic":1,"minecraft:husk":1,"minecraft:creeper":3,"alexsmobs:crimson_mosquito":1,"minecraft:zombie":14,"evilcraft:poisonous_libelle":1,"iceandfire:ghost":3},"minecraft:used":{"tombstone:scroll_of_lightning_resistance":8,"minecraft:stone_sword":134,"minecraft:stone_shovel":38,"minecraft:chest":18,"minecraft:shield":10,"iceandfire:copper_ore":3,"minecraft:torch":182,"minecraft:dirt":98,"iceandfire:pixie_dust":1,"minecraft:granite":1,"minecraft:wooden_axe":1,"minecraft:chipped_anvil":1,"carryon:entity_item":6,"minecraft:melon_seeds":1,"minecraft:beef":4,"tombstone:gift":7,"minecraft:acacia_planks":307,"minecraft:wheat_seeds":430,"minecraft:acacia_boat":11,"minecraft:iron_ore":3,"minecraft:stone_pickaxe":91,"minecraft:baked_potato":16,"minecraft:cut_sandstone":4,"minecraft:sand":3,"minecraft:crafting_table":3,"minecraft:crossbow":1,"minecraft:cod":8,"minecraft:oak_log":4,"minecraft:diamond_pickaxe":62,"minecraft:string":4,"minecraft:iron_pickaxe":110,"minecraft:bread":75,"tombstone:grave_key":3,"minecraft:stone_axe":74,"minecraft:diamond_sword":452,"minecraft:cobblestone":10,"minecraft:yellow_bed":2,"minecraft:air":2}},"DataVersion":2586}