{"stats":{"minecraft:mined":{"minecraft:dead_bush":8},"minecraft:killed_by":{"minecraft:zombie":1},"minecraft:custom":{"minecraft:time_since_rest":10782,"minecraft:open_chest":3,"minecraft:play_one_minute":13690,"minecraft:crouch_one_cm":101,"minecraft:sprint_one_cm":25369,"minecraft:walk_one_cm":14913,"minecraft:damage_taken":328,"minecraft:deaths":1,"minecraft:sneak_time":203,"minecraft:drop":12,"minecraft:jump":123,"minecraft:leave_game":1,"minecraft:time_since_death":13181,"minecraft:fly_one_cm":82360,"minecraft:fall_one_cm":3725},"minecraft:picked_up":{"minecraft:iron_leggings":1,"minecraft:armor_stand":1,"minecraft:leather_chestplate":1,"minecraft:leather_boots":1,"minecraft:stick":7},"minecraft:dropped":{"minecraft:iron_leggings":1,"minecraft:leather_chestplate":1,"tombstone:grave_key":1,"minecraft:leather_boots":1,"minecraft:armor_stand":1,"minecraft:stick":7}},"DataVersion":2586}