{"stats":{"minecraft:used":{"tombstone:gift":1,"minecraft:splash_potion":60},"minecraft:picked_up":{"minecraft:stick":1,"minecraft:splash_potion":1,"improvableskills:skills_book":1,"improvableskills:scroll_normal":3,"jellyfishing:jellyfish":1,"minecraft:oak_sapling":19,"minecraft:cod":1},"minecraft:dropped":{"improvableskills:scroll_normal":1,"improvableskills:skills_book":1,"jellyfishing:jellyfish":1,"minecraft:splash_potion":1,"minecraft:cod":1},"minecraft:custom":{"minecraft:time_since_rest":21250,"minecraft:interact_with_furnace":1,"minecraft:crouch_one_cm":826,"minecraft:walk_one_cm":95873,"minecraft:play_time":85510,"minecraft:sprint_one_cm":71463,"minecraft:damage_taken":10,"minecraft:deaths":1,"minecraft:sneak_time":984,"minecraft:walk_under_water_one_cm":16079,"minecraft:drop":5,"minecraft:jump":87,"minecraft:damage_dealt":7,"minecraft:time_since_death":21720,"minecraft:walk_on_water_one_cm":3886,"minecraft:total_world_time":85510,"minecraft:fall_one_cm":753,"minecraft:fly_one_cm":162297}},"DataVersion":3465}