{"stats":{"minecraft:broken":{"minecraft:stone_pickaxe":1,"minecraft:iron_pickaxe":1},"minecraft:used":{"minecraft:trident":1,"minecraft:shield":14,"minecraft:iron_sword":159,"minecraft:torch":12,"minecraft:iron_axe":43,"minecraft:iron_boots":1,"minecraft:bow":14,"tombstone:gift":3,"minecraft:egg":1,"minecraft:stone_pickaxe":131,"minecraft:oak_planks":11,"minecraft:crafting_table":2,"minecraft:oak_log":1,"minecraft:bread":35,"minecraft:iron_pickaxe":275,"minecraft:cobblestone":51,"minecraft:splash_potion":60,"minecraft:chainmail_leggings":1},"minecraft:mined":{"minecraft:diamond_ore":2,"minecraft:tuff":10,"minecraft:deepslate_diamond_ore":6,"minecraft:granite":44,"minecraft:spruce_fence":1,"dungeonnowloading:book_pile":1,"minecraft:hay_block":11,"minecraft:iron_ore":12,"minecraft:cobbled_deepslate":5,"minecraft:andesite":15,"evilcraft:dark_ore":1,"minecraft:bookshelf":6,"minecraft:deepslate_iron_ore":2,"minecraft:stone":116,"iceandfire:chared_cobblestone":1,"minecraft:torch":2,"minecraft:cobblestone":22,"minecraft:tall_grass":2,"minecraft:copper_ore":1,"minecraft:deepslate_gold_ore":10,"minecraft:oak_planks":1,"minecraft:diorite":42,"minecraft:wall_torch":1,"minecraft:tnt":1,"minecraft:grass":3,"minecraft:oak_log":26,"minecraft:coal_ore":19,"minecraft:dirt":1,"minecraft:cobweb":2,"minecraft:cracked_stone_bricks":1,"minecraft:oak_leaves":4,"minecraft:deepslate":97},"minecraft:crafted":{"minecraft:oak_planks":96,"minecraft:wheat":99,"minecraft:crafting_table":4,"sophisticatedbackpacks:gold_backpack":1,"minecraft:bread":33,"minecraft:air":0,"minecraft:stick":4,"minecraft:iron_pickaxe":1,"minecraft:gold_ingot":8},"minecraft:picked_up":{"minecraft:splash_potion":1,"minecraft:chainmail_boots":1,"minecraft:flower_pot":1,"minecraft:diamond_sword":1,"minecraft:enchanted_book":1,"jellyfishing:jellyfish":1,"minecraft:shield":1,"minecraft:string":3,"minecraft:iron_axe":2,"minecraft:iron_leggings":3,"minecraft:cracked_stone_bricks":1,"minecraft:tnt_minecart":1,"minecraft:cobbled_deepslate":107,"minecraft:smooth_stone":1,"improvableskills:scroll_normal":3,"minecraft:beef":2,"minecraft:chest":1,"minecraft:egg":1,"minecraft:raw_iron":18,"minecraft:stick":8,"apotheosis:gem":3,"minecraft:oak_fence":1,"minecraft:torch":12,"minecraft:spruce_fence":1,"minecraft:porkchop":1,"minecraft:stone_button":1,"minecraft:diorite":42,"minecraft:tnt":1,"minecraft:stone_sword":1,"minecraft:arrow":37,"minecraft:rotten_flesh":2,"minecraft:hay_block":11,"minecraft:brick_stairs":2,"minecraft:cobblestone":94,"minecraft:cod":1,"minecraft:glow_ink_sac":3,"minecraft:andesite":15,"minecraft:leather":2,"minecraft:tuff":8,"minecraft:oak_log":25,"minecraft:chainmail_chestplate":2,"minecraft:dirt":3,"minecraft:bone":5,"minecraft:bow":1,"minecraft:wheat_seeds":1,"minecraft:raw_gold":10,"minecraft:oak_fence_gate":2,"minecraft:iron_ingot":4,"minecraft:stone_pickaxe":1,"minecraft:mossy_stone_bricks":1,"minecraft:oak_planks":1,"minecraft:iron_sword":1,"immersive_weathering:tallow":1,"minecraft:book":21,"sophisticatedbackpacks:iron_backpack":1,"iceandfire:chared_cobblestone":1,"minecraft:diamond":8,"improvableskills:skills_book":1,"minecraft:chainmail_leggings":1,"evilcraft:dark_gem":4,"minecraft:granite":44,"minecraft:oak_sapling":34,"minecraft:coal":25},"minecraft:killed":{"minecraft:cave_spider":2,"minecraft:spider":2,"minecraft:skeleton":9,"minecraft:pig":1,"minecraft:creeper":3,"minecraft:sheep":1,"minecraft:zombie":2,"iceandfire:ghost":1},"minecraft:dropped":{"minecraft:wheat_seeds":1,"minecraft:tnt":1,"minecraft:crafting_table":1,"minecraft:oak_fence":1,"minecraft:cobblestone":4,"minecraft:cracked_stone_bricks":1,"minecraft:cod":1,"minecraft:stick":8,"minecraft:dirt":3,"minecraft:stone_button":1,"minecraft:tnt_minecart":1,"tombstone:grave_dust":2,"minecraft:iron_axe":2,"minecraft:smooth_stone":1,"minecraft:string":1,"minecraft:bone":1,"minecraft:stone_sword":1,"minecraft:rotten_flesh":1,"improvableskills:skills_book":1,"jellyfishing:jellyfish":1,"minecraft:diamond_sword":1,"minecraft:oak_fence_gate":2,"minecraft:brick_stairs":2,"apotheosis:gem":1,"minecraft:oak_sapling":15,"improvableskills:scroll_normal":1,"immersive_weathering:tallow":1,"minecraft:arrow":25,"minecraft:bow":1,"minecraft:splash_potion":1},"minecraft:custom":{"minecraft:mob_kills":22,"minecraft:interact_with_anvil":3,"minecraft:interact_with_crafting_table":11,"minecraft:open_barrel":27,"minecraft:damage_dealt_resisted":0,"minecraft:leave_game":1,"minecraft:time_since_death":125175,"minecraft:climb_one_cm":3380,"minecraft:damage_resisted":0,"minecraft:sprint_one_cm":288988,"minecraft:walk_one_cm":399224,"minecraft:damage_blocked_by_shield":570,"minecraft:drop":54,"minecraft:talked_to_villager":9,"minecraft:play_time":188965,"minecraft:deaths":1,"minecraft:sneak_time":7445,"minecraft:walk_under_water_one_cm":25860,"minecraft:jump":1350,"minecraft:walk_on_water_one_cm":14178,"minecraft:total_world_time":188965,"minecraft:interact_with_furnace":7,"minecraft:interact_with_cartography_table":1,"minecraft:sleep_in_bed":2,"minecraft:time_since_rest":97271,"minecraft:damage_taken":1794,"minecraft:trigger_trapped_chest":1,"minecraft:damage_dealt":4222,"minecraft:swim_one_cm":3077,"minecraft:fly_one_cm":368849,"minecraft:open_chest":29,"minecraft:crouch_one_cm":14141,"tombstone:undead_killed":12,"minecraft:interact_with_smoker":4,"minecraft:fall_one_cm":28204,"minecraft:inspect_dispenser":1}},"DataVersion":3465}