{"stats":{"minecraft:killed":{"minecraft:cave_spider":1,"alexsmobs:lobster":4,"minecraft:zombified_piglin":1,"minecraft:witch":2,"minecraft:spider":7,"minecraft:skeleton":35,"minecraft:piglin_brute":10,"artifacts:mimic":1,"minecraft:magma_cube":1,"minecraft:piglin":3,"minecraft:zombie_villager":1,"minecraft:creeper":4,"alexsmobs:crimson_mosquito":17,"minecraft:pillager":3,"minecraft:zombie":19,"minecraft:stray":1,"iceandfire:dread_ghoul":1,"iceandfire:deathworm":1,"minecraft:husk":1,"minecraft:hoglin":3,"evilcraft:poisonous_libelle":1,"alexsmobs:cockroach":1,"iceandfire:ghost":3,"minecraft:enderman":2},"minecraft:picked_up":{"minecraft:wooden_axe":1,"minecraft:iron_chestplate":4,"minecraft:wheat":501,"minecraft:chainmail_boots":1,"iceandfire:copper_ore":3,"minecraft:diamond_sword":6,"iceandfire:armor_copper_metal_chestplate":1,"minecraft:piglin_brute_spawn_egg":1,"minecraft:potion":3,"minecraft:enchanted_book":2,"minecraft:golden_shovel":1,"minecraft:nether_brick":1,"tombstone:grave_key":1,"minecraft:golden_sword":1,"evilcraft:ender_tear":1,"minecraft:polished_blackstone_brick_stairs":1,"iceandfire:manuscript":6,"minecraft:string":15,"minecraft:iron_leggings":2,"minecraft:armor_stand":1,"alexsmobs:blood_sac":4,"minecraft:gold_nugget":763,"minecraft:iron_pickaxe":3,"minecraft:furnace":1,"minecraft:iron_boots":2,"minecraft:stick":27,"minecraft:polished_blackstone_stairs":1,"minecraft:jungle_door":1,"minecraft:oak_fence":1,"minecraft:torch":57,"minecraft:acacia_log":78,"travelersbackpack:iron_tier_upgrade":1,"iceandfire:silver_ore":1,"minecraft:porkchop":9,"minecraft:sandstone_wall":1,"minecraft:golden_axe":2,"tombstone:grave_dust":8,"minecraft:diorite":1,"minecraft:yellow_banner":1,"minecraft:rotten_flesh":24,"artifacts:villager_hat":1,"iceandfire:deathworm_chitin_yellow":7,"alexsmobs:emu_egg":9,"minecraft:netherite_chestplate":3,"minecraft:cod":32,"minecraft:cobblestone":315,"minecraft:leather_chestplate":1,"minecraft:feather":2,"minecraft:magma_cream":3,"minecraft:andesite":8,"minecraft:golden_leggings":2,"minecraft:potato":14,"minecraft:flint":8,"evilcraft:flesh_humanoid":2,"minecraft:acacia_boat":14,"minecraft:dirt":940,"minecraft:name_tag":4,"minecraft:leather_boots":1,"minecraft:bone":15,"minecraft:chipped_anvil":4,"minecraft:acacia_planks":29,"minecraft:bow":1,"minecraft:wheat_seeds":2489,"minecraft:glowstone_dust":38,"patchouli:guide_book":1,"iceandfire:shiny_scales":3,"minecraft:sand":22,"minecraft:nether_brick_stairs":1,"sophisticatedbackpacks:iron_backpack":1,"iceandfire:dragonbone_sword_lightning":2,"minecraft:blue_terracotta":2,"minecraft:sugar":2,"minecraft:diamond":25,"minecraft:netherite_helmet":1,"iceandfire:crackled_stone":26,"minecraft:cracked_polished_blackstone_bricks":13,"minecraft:crossbow":1,"minecraft:granite":1,"minecraft:emerald":22,"minecraft:chainmail_helmet":1,"minecraft:bread":166,"minecraft:oak_sapling":15,"minecraft:netherrack":479,"minecraft:diamond_pickaxe":2,"minecraft:crimson_roots":4,"iceandfire:dragon_skull_lightning":1,"minecraft:crafting_table":2,"minecraft:sandstone_slab":1,"iceandfire:witherbone":2,"minecraft:gold_block":3,"minecraft:shield":2,"minecraft:iron_shovel":1,"iceandfire:amythest_gem":1,"minecraft:blackstone":30,"iceandfire:bestiary":1,"minecraft:beef":4,"iceandfire:dread_shard":1,"minecraft:player_head":1,"minecraft:poppy":8,"minecraft:sugar_cane":38,"minecraft:chest":8,"minecraft:sandstone":4,"iceandfire:dragonbone":8,"iceandfire:troll_tusk":5,"sophisticatedbackpacks:backpack":2,"minecraft:polished_blackstone_bricks":38,"minecraft:carrot":14,"minecraft:redstone":22,"minecraft:netherite_pickaxe":4,"minecraft:tnt":3,"minecraft:arrow":19,"minecraft:weeping_vines":1,"minecraft:diamond_chestplate":1,"minecraft:nether_bricks":2,"minecraft:sandstone_stairs":2,"minecraft:mutton":12,"minecraft:white_wool":1,"minecraft:netherite_boots":4,"minecraft:air":0,"minecraft:cut_sandstone":4,"minecraft:leather":6,"alexsmobs:acacia_blossom":2,"minecraft:birch_planks":1,"minecraft:crimson_fungus":3,"minecraft:oak_log":73,"minecraft:lily_pad":1,"minecraft:gunpowder":10,"minecraft:yellow_bed":3,"minecraft:nether_wart_block":1,"artifacts:cloud_in_a_bottle":1,"alexsmobs:mosquito_proboscis":1,"tombstone:gift":3,"minecraft:cooked_mutton":1,"minecraft:apple":2,"iceandfire:pixie_jar_empty":2,"minecraft:stone_pickaxe":1,"minecraft:cobweb":2,"minecraft:iron_ore":37,"minecraft:glass_bottle":1,"minecraft:acacia_sapling":20,"minecraft:soul_sand":8,"iceandfire:crackled_cobblestone":1,"minecraft:book":2,"minecraft:polished_andesite_stairs":2,"iceandfire:copper_nugget":16,"minecraft:warped_fungus":2,"chisel:marble/raw":1,"iceandfire:ash":1,"minecraft:dandelion":15,"minecraft:gravel":16,"minecraft:gold_ore":27,"minecraft:crying_obsidian":1,"minecraft:spider_eye":2,"minecraft:iron_helmet":7,"minecraft:gray_wool":3,"minecraft:oak_button":8,"minecraft:baked_potato":42,"tombstone:magic_scroll":2,"minecraft:melon_seeds":1,"minecraft:coal":125,"minecraft:ender_pearl":5},"minecraft:mined":{"minecraft:acacia_log":15,"minecraft:grass_block":573,"minecraft:cracked_polished_blackstone_bricks":31,"minecraft:crimson_fungus":3,"minecraft:spawner":4,"minecraft:weeping_vines_plant":4,"minecraft:polished_blackstone_bricks":55,"minecraft:tall_seagrass":5,"minecraft:glowstone":6,"minecraft:iron_ore":35,"minecraft:fire":17,"minecraft:nether_brick_stairs":1,"iceandfire:gold_pile":94,"minecraft:player_head":1,"minecraft:brown_mushroom":1,"minecraft:blackstone":34,"minecraft:melon_stem":2,"iceandfire:dragon_ice_spikes":1,"minecraft:torch":11,"minecraft:poppy":2,"minecraft:chest":8,"minecraft:dead_bush":8,"minecraft:nether_quartz_ore":6,"minecraft:cobblestone":11,"minecraft:wall_torch":19,"minecraft:seagrass":2,"minecraft:nether_wart_block":1,"minecraft:wheat":532,"minecraft:tnt":1,"minecraft:warped_fungus":2,"minecraft:grass":214,"minecraft:oak_log":43,"minecraft:sand":3,"minecraft:dirt":321,"minecraft:netherrack":843,"minecraft:oak_leaves":3,"iceandfire:chared_stone":1,"iceandfire:silver_ore":1,"minecraft:nether_bricks":1,"minecraft:crimson_roots":6,"minecraft:red_mushroom":1,"minecraft:large_fern":1,"minecraft:andesite":11,"minecraft:gold_block":2,"minecraft:vine":1,"minecraft:stone":103,"minecraft:basalt":1,"minecraft:dandelion":2,"minecraft:crafting_table":2,"minecraft:tall_grass":36,"iceandfire:amythest_ore":1,"minecraft:polished_blackstone_brick_stairs":1,"minecraft:diorite":2,"chisel:stone_bricks/pillar":1,"minecraft:yellow_bed":1,"minecraft:coal_ore":49,"minecraft:gravel":7,"minecraft:cobweb":1,"minecraft:acacia_planks":78,"minecraft:gold_ore":5},"minecraft:dropped":{"minecraft:nether_brick_stairs":1,"sophisticatedbackpacks:iron_backpack":1,"minecraft:gold_ore":9,"minecraft:acacia_boat":2,"minecraft:birch_planks":1,"minecraft:glass_bottle":1,"minecraft:sandstone_stairs":2,"minecraft:sandstone_slab":1,"minecraft:crossbow":1,"minecraft:leather":3,"minecraft:iron_horse_armor":1,"minecraft:cod":12,"minecraft:emerald":11,"minecraft:flint":7,"minecraft:dirt":195,"minecraft:crimson_roots":2,"minecraft:gold_nugget":3,"minecraft:bone_meal":6,"tombstone:decorative_grave_normal":1,"iceandfire:ash":1,"minecraft:sand":7,"minecraft:iron_pickaxe":3,"minecraft:bone":9,"iceandfire:dread_shard":1,"minecraft:gold_ingot":7,"minecraft:armor_stand":1,"iceandfire:amythest_gem":1,"minecraft:gravel":1,"minecraft:sugar_cane":19,"minecraft:ancient_debris":1,"minecraft:nether_brick":1,"minecraft:wheat":3,"tombstone:gift":2,"minecraft:rotten_flesh":19,"alexsmobs:emu_egg":7,"evilcraft:flesh_humanoid":1,"minecraft:carrot":1,"iceandfire:shiny_scales":3,"minecraft:poppy":12,"minecraft:leather_chestplate":1,"alexsmobs:blood_sac":4,"minecraft:gunpowder":9,"minecraft:leather_boots":1,"minecraft:acacia_sapling":6,"iceandfire:bestiary":1,"minecraft:yellow_banner":1,"minecraft:arrow":1,"iceandfire:manuscript":6,"minecraft:bread":17,"minecraft:wheat_seeds":1634,"iceandfire:armor_copper_metal_chestplate":1,"minecraft:oak_fence":1,"minecraft:iron_helmet":3,"minecraft:book":2,"minecraft:stick":19,"minecraft:cobweb":2,"minecraft:gray_wool":3,"minecraft:diorite":1,"tombstone:grave_key":2,"minecraft:nether_wart_block":1,"minecraft:wooden_axe":1,"minecraft:jungle_door":1,"tombstone:grave_dust":7,"minecraft:potion":1,"minecraft:iron_leggings":1,"minecraft:chipped_anvil":2,"minecraft:string":5,"minecraft:bucket":1,"minecraft:acacia_planks":10,"minecraft:dandelion":15,"minecraft:redstone":13,"minecraft:blue_terracotta":2,"alexsmobs:acacia_blossom":5,"minecraft:iron_boots":1,"minecraft:stripped_oak_log":1,"sophisticatedbackpacks:backpack":2,"minecraft:shield":1,"minecraft:oak_button":8,"minecraft:diamond_pickaxe":1,"evilcraft:ender_tear":1,"minecraft:yellow_bed":1,"minecraft:golden_leggings":1,"minecraft:oak_sapling":15,"minecraft:spider_eye":2,"minecraft:sandstone":4,"iceandfire:dragonbone_sword_lightning":1,"iceandfire:dragon_skull_lightning":1},"minecraft:killed_by":{"iceandfire:cyclops":2,"minecraft:piglin_brute":2,"minecraft:creeper":1,"minecraft:magma_cube":5,"iceandfire:sea_serpent":1,"minecraft:piglin":1,"minecraft:witch":1,"minecraft:zombie":1,"iceandfire:fire_dragon":1,"minecraft:husk":2,"minecraft:player":3,"cataclysm:ignited_revenant":1,"minecraft:stray":1,"alexsmobs:centipede_head":1,"minecraft:hoglin":1},"minecraft:broken":{"minecraft:golden_helmet":1,"minecraft:iron_shovel":1,"minecraft:wooden_shovel":1,"minecraft:iron_leggings":1,"minecraft:netherite_helmet":1,"minecraft:chainmail_leggings":1,"minecraft:stone_sword":1,"minecraft:shield":1,"minecraft:iron_pickaxe":1},"minecraft:crafted":{"minecraft:oak_planks":12,"minecraft:nether_brick":2,"minecraft:glass":16,"minecraft:charcoal":4,"minecraft:stick":12,"minecraft:air":579},"minecraft:custom":{"minecraft:interact_with_crafting_table":46,"minecraft:open_barrel":41,"minecraft:leave_game":17,"minecraft:time_since_death":6306,"minecraft:sprint_one_cm":1531818,"minecraft:damage_blocked_by_shield":2780,"minecraft:drop":241,"minecraft:play_noteblock":8,"minecraft:talked_to_villager":3,"minecraft:deaths":31,"minecraft:jump":11868,"minecraft:interact_with_brewingstand":1,"minecraft:walk_on_water_one_cm":65574,"minecraft:interact_with_furnace":25,"minecraft:play_one_minute":866544,"minecraft:sleep_in_bed":5,"tombstone:sneak_grave":4,"minecraft:damage_dealt":24363,"minecraft:crouch_one_cm":67315,"tombstone:undead_killed":62,"minecraft:interact_with_smoker":2,"minecraft:inspect_dispenser":4,"minecraft:horse_one_cm":17867,"minecraft:interact_with_smithing_table":2,"minecraft:mob_kills":118,"minecraft:interact_with_anvil":16,"minecraft:climb_one_cm":8297,"minecraft:walk_one_cm":1888951,"minecraft:sneak_time":21497,"minecraft:walk_under_water_one_cm":63773,"minecraft:boat_one_cm":568468,"minecraft:interact_with_blast_furnace":1,"tombstone:raider_killed":5,"minecraft:tune_noteblock":1,"minecraft:time_since_rest":6044,"minecraft:damage_taken":17593,"minecraft:damage_absorbed":40,"minecraft:trigger_trapped_chest":15,"tombstone:cast_on_ally":1,"minecraft:swim_one_cm":29753,"minecraft:fly_one_cm":3587439,"minecraft:open_chest":354,"minecraft:fall_one_cm":693452},"minecraft:used":{"minecraft:iron_shovel":79,"minecraft:chest":18,"minecraft:shield":80,"minecraft:iron_sword":52,"minecraft:nether_bricks":1,"minecraft:carrot":49,"minecraft:bow":14,"minecraft:potato":6,"minecraft:stone_pickaxe":91,"minecraft:oak_planks":5,"minecraft:ender_pearl":1,"minecraft:blackstone":15,"minecraft:golden_apple":1,"minecraft:sand":15,"minecraft:crossbow":1,"minecraft:string":4,"minecraft:bread":149,"tombstone:grave_key":6,"minecraft:diamond_sword":1315,"minecraft:smithing_table":1,"minecraft:air":4,"tombstone:scroll_of_lightning_resistance":8,"minecraft:stone_sword":134,"minecraft:acacia_log":15,"minecraft:stone_shovel":38,"minecraft:wooden_shovel":59,"iceandfire:copper_ore":3,"minecraft:netherrack":270,"minecraft:torch":276,"minecraft:dirt":955,"iceandfire:pixie_dust":1,"minecraft:granite":1,"minecraft:wooden_axe":1,"minecraft:chipped_anvil":1,"carryon:entity_item":6,"minecraft:melon_seeds":1,"minecraft:beef":4,"tombstone:gift":8,"minecraft:acacia_planks":313,"minecraft:wheat_seeds":430,"minecraft:acacia_boat":13,"minecraft:iron_ore":3,"minecraft:baked_potato":41,"minecraft:cut_sandstone":4,"iceandfire:crackled_stone":26,"minecraft:polished_blackstone_bricks":17,"minecraft:tnt":3,"minecraft:crafting_table":5,"minecraft:cod":8,"minecraft:oak_log":37,"minecraft:diamond_pickaxe":75,"minecraft:apple":5,"minecraft:diamond_shovel":655,"minecraft:cracked_polished_blackstone_bricks":3,"minecraft:iron_pickaxe":1142,"tombstone:magic_scroll":2,"minecraft:stone_axe":89,"minecraft:cobblestone":10,"travelersbackpack:standard":6,"minecraft:porkchop":9,"minecraft:yellow_bed":2}},"DataVersion":2586}