{"stats":{"minecraft:crafted":{"minecraft:air":269,"minecraft:stick":4},"minecraft:mined":{"minecraft:melon_stem":2,"minecraft:dandelion":2,"minecraft:crafting_table":1,"minecraft:torch":2,"minecraft:grass_block":4,"minecraft:poppy":1,"minecraft:dead_bush":8,"minecraft:tall_grass":22,"minecraft:wall_torch":4,"minecraft:spawner":1,"minecraft:iron_ore":25,"minecraft:wheat":410,"minecraft:andesite":1,"minecraft:grass":72,"minecraft:vine":1,"minecraft:oak_log":6,"minecraft:coal_ore":47,"iceandfire:gold_pile":2,"minecraft:dirt":2,"minecraft:acacia_planks":3,"minecraft:stone":4,"minecraft:oak_leaves":3},"minecraft:killed":{"minecraft:cave_spider":1,"minecraft:spider":2,"minecraft:creeper":1,"minecraft:skeleton":1,"minecraft:zombie":2,"evilcraft:poisonous_libelle":1,"artifacts:mimic":1},"minecraft:broken":{"minecraft:stone_sword":1},"minecraft:killed_by":{"iceandfire:cyclops":1,"minecraft:zombie":1},"minecraft:picked_up":{"minecraft:crafting_table":1,"minecraft:leather_chestplate":1,"minecraft:wheat":415,"iceandfire:copper_ore":3,"minecraft:oak_log":6,"evilcraft:ender_tear":1,"minecraft:string":5,"minecraft:dirt":22,"tombstone:gift":1,"minecraft:iron_leggings":1,"minecraft:leather_boots":1,"minecraft:armor_stand":1,"minecraft:bone":2,"minecraft:acacia_planks":3,"iceandfire:pixie_jar_empty":1,"iceandfire:bestiary":1,"minecraft:wheat_seeds":1223,"minecraft:gold_nugget":7,"minecraft:iron_ore":23,"minecraft:poppy":1,"minecraft:iron_pickaxe":1,"minecraft:glass_bottle":1,"minecraft:stick":7,"iceandfire:troll_tusk":5,"minecraft:oak_fence":1,"minecraft:torch":16,"minecraft:dandelion":2,"iceandfire:shiny_scales":3,"tombstone:grave_dust":2,"minecraft:carrot":1,"minecraft:spider_eye":1,"minecraft:arrow":2,"minecraft:rotten_flesh":8,"artifacts:villager_hat":1,"minecraft:iron_helmet":1,"minecraft:gray_wool":3,"tombstone:magic_scroll":1,"minecraft:melon_seeds":1,"minecraft:coal":39,"minecraft:cobblestone":15,"minecraft:ender_pearl":1},"minecraft:custom":{"minecraft:interact_with_furnace":2,"minecraft:mob_kills":8,"minecraft:interact_with_crafting_table":7,"minecraft:open_barrel":2,"minecraft:play_one_minute":91690,"minecraft:leave_game":1,"minecraft:time_since_death":40463,"minecraft:time_since_rest":39985,"minecraft:sprint_one_cm":149786,"minecraft:damage_taken":1723,"minecraft:walk_one_cm":230520,"minecraft:trigger_trapped_chest":4,"minecraft:drop":34,"minecraft:damage_dealt":2685,"tombstone:cast_on_ally":1,"minecraft:swim_one_cm":440,"minecraft:talked_to_villager":3,"minecraft:fly_one_cm":178928,"minecraft:open_chest":25,"minecraft:crouch_one_cm":608,"tombstone:undead_killed":3,"minecraft:deaths":2,"minecraft:sneak_time":679,"minecraft:walk_under_water_one_cm":3802,"minecraft:jump":769,"minecraft:walk_on_water_one_cm":23063,"minecraft:fall_one_cm":20993},"minecraft:dropped":{"minecraft:wheat_seeds":384,"minecraft:glass_bottle":1,"minecraft:rotten_flesh":8,"iceandfire:shiny_scales":3,"minecraft:stick":7,"minecraft:poppy":1,"minecraft:leather_chestplate":1,"minecraft:gray_wool":3,"tombstone:grave_key":1,"minecraft:leather_boots":1,"minecraft:iron_leggings":1,"minecraft:iron_pickaxe":1,"minecraft:acacia_planks":3,"minecraft:dandelion":2,"minecraft:bone":2,"minecraft:armor_stand":1},"minecraft:used":{"minecraft:wheat_seeds":410,"minecraft:iron_ore":3,"minecraft:stone_sword":134,"minecraft:stone_pickaxe":82,"iceandfire:copper_ore":3,"minecraft:torch":78,"minecraft:dirt":22,"iceandfire:pixie_dust":1,"minecraft:crafting_table":2,"minecraft:string":2,"minecraft:bread":24,"minecraft:melon_seeds":1,"minecraft:cobblestone":2,"tombstone:gift":2,"minecraft:air":1}},"DataVersion":2586}