{"stats":{"minecraft:crafted":{"minecraft:cooked_mutton":1,"minecraft:glass":30,"minecraft:wooden_shovel":1,"minecraft:cooked_porkchop":12,"chisel:iron_chisel":2,"minecraft:wooden_hoe":1,"minecraft:iron_pickaxe":5,"minecraft:gold_ingot":5,"minecraft:spruce_stairs":4,"minecraft:stone_pickaxe":2,"minecraft:lead":2,"minecraft:wooden_axe":1,"minecraft:oak_stairs":4,"minecraft:iron_shovel":3,"minecraft:cooked_chicken":23,"minecraft:chest":1,"minecraft:rail":16,"minecraft:oak_fence":6,"minecraft:oak_slab":60,"sophisticatedbackpacks:backpack":1,"minecraft:baked_potato":19,"minecraft:wooden_pickaxe":2,"travelersbackpack:creeper":1,"minecraft:tnt":3,"minecraft:charcoal":6,"minecraft:stick":28,"minecraft:iron_ingot":117,"minecraft:redstone_torch":1,"minecraft:coarse_dirt":8,"minecraft:oak_door":9,"minecraft:furnace":3,"minecraft:oak_trapdoor":2,"minecraft:glass_pane":32,"minecraft:iron_axe":1,"minecraft:minecart":1,"minecraft:cooked_beef":23,"minecraft:cooked_cod":9,"iceandfire:copper_ingot":1,"minecraft:spruce_sign":3,"minecraft:iron_sword":1,"minecraft:cooked_salmon":20,"minecraft:stone_axe":1,"minecraft:air":1677,"alexsmobs:maraca":2},"minecraft:used":{"minecraft:poppy":11,"minecraft:ladder":7,"minecraft:chest":14,"minecraft:acacia_sapling":5,"minecraft:azure_bluet":1,"minecraft:lava_bucket":3,"minecraft:furnace":5,"minecraft:oak_sapling":90,"minecraft:cooked_cod":7,"minecraft:potato":22,"minecraft:damaged_anvil":3,"minecraft:wooden_pickaxe":90,"minecraft:oak_leaves":2,"minecraft:golden_apple":2,"chisel:planks/oak/braced_planks":200,"minecraft:blast_furnace":1,"iceandfire:chared_grass_path":2,"minecraft:zombie_head":2,"minecraft:birch_log":5,"minecraft:oak_trapdoor":3,"minecraft:enchanting_table":1,"minecraft:acacia_log":28,"minecraft:cooked_salmon":23,"minecraft:torch":113,"minecraft:anvil":4,"minecraft:cod_bucket":1,"iceandfire:gold_pile":1,"minecraft:chipped_anvil":1,"minecraft:iron_axe":776,"chisel:marble/twisted":8,"carryon:entity_item":22,"minecraft:barrel":4,"tombstone:gift":10,"minecraft:trapped_chest":1,"minecraft:acacia_planks":118,"minecraft:wheat_seeds":109,"minecraft:water_bucket":80,"minecraft:yellow_banner":5,"chisel:marble/prism":2,"minecraft:orange_carpet":9,"minecraft:rail":13,"minecraft:oak_slab":244,"minecraft:tnt":1,"minecraft:crafting_table":5,"minecraft:spruce_log":31,"minecraft:oak_log":270,"travelersbackpack:creeper":14,"minecraft:iron_pickaxe":1261,"tombstone:magic_scroll":1,"minecraft:cobblestone":30,"travelersbackpack:standard":17,"minecraft:cooked_porkchop":10,"minecraft:glass_pane":20,"minecraft:iron_shovel":668,"minecraft:shield":22,"minecraft:iron_sword":897,"minecraft:zombie_spawn_egg":2,"minecraft:player_head":6,"chisel:marble/panel":2,"minecraft:obsidian":2,"chisel:marble/zag":2,"minecraft:glass":5,"iceandfire:lightning_lily":2,"minecraft:lantern":5,"tombstone:tablet_of_cupidity":3,"chisel:marble/layers":2,"chisel:marble/raw":115,"minecraft:item_frame":4,"carryon:tile_item":9,"minecraft:scaffolding":1,"minecraft:gold_block":1,"minecraft:dark_oak_stairs":2,"chisel:planks/oak/log_cabin":5,"minecraft:stone_pickaxe":244,"minecraft:oak_planks":259,"minecraft:sandstone":7,"minecraft:sugar_cane":11,"minecraft:shears":151,"minecraft:redstone_torch":3,"minecraft:sticky_piston":1,"minecraft:bread":112,"minecraft:andesite":3,"minecraft:air":1,"minecraft:coarse_dirt":3,"minecraft:bone_meal":45,"minecraft:experience_bottle":7,"minecraft:oak_fence":3,"minecraft:rose_bush":2,"minecraft:flint_and_steel":1,"minecraft:white_tulip":3,"minecraft:wooden_shovel":59,"minecraft:cooked_chicken":12,"minecraft:oak_door":14,"minecraft:dirt":200,"alexsmobs:maraca":97,"minecraft:spruce_stairs":8,"alexsmobs:cooked_kangaroo_meat":1,"minecraft:granite":8,"minecraft:iron_hoe":30,"minecraft:stone_brick_slab":1,"minecraft:wooden_axe":16,"chisel:marble/tiles_large":26,"minecraft:red_tulip":3,"minecraft:oak_stairs":156,"evilcraft:box_of_eternal_closure":6,"minecraft:minecart":2,"minecraft:cooked_beef":9,"minecraft:cooked_mutton":1,"minecraft:pink_tulip":3,"minecraft:baked_potato":15,"minecraft:spruce_sign":10,"chisel:marble/array":76,"iceandfire:copper_pile":2,"minecraft:painting":6,"minecraft:magenta_carpet":9,"minecraft:smoker":3,"chisel:planks/oak/crude_vertical_planks":1,"chisel:cobblestone/extra/marker":5,"minecraft:wooden_hoe":63,"minecraft:flower_pot":15,"minecraft:apple":10,"chisel:marble/cuts":5,"minecraft:stone_axe":12,"minecraft:fishing_rod":63,"minecraft:bucket":89,"minecraft:yellow_bed":5,"alexsmobs:animal_dictionary":1},"minecraft:dropped":{"minecraft:iron_sword":2,"minecraft:crafting_table":1,"minecraft:cooked_porkchop":2,"minecraft:crossbow":1,"artifacts:cloud_in_a_bottle":1,"minecraft:cracked_stone_bricks":6,"minecraft:saddle":1,"minecraft:rail":12,"minecraft:item_frame":15,"minecraft:dirt":4,"minecraft:birch_fence":1,"minecraft:stone_button":1,"minecraft:sand":51,"minecraft:iron_pickaxe":2,"minecraft:white_wool":9,"apotheosis:scrap_tome":1,"minecraft:bone":11,"minecraft:oak_door":2,"minecraft:stone_axe":1,"minecraft:sugar_cane":8,"minecraft:lever":2,"minecraft:cooked_chicken":3,"minecraft:rotten_flesh":32,"minecraft:oak_planks":164,"minecraft:golden_shovel":1,"minecraft:azure_bluet":1,"minecraft:salmon":1,"evilcraft:flesh_humanoid":2,"minecraft:acacia_sapling":10,"minecraft:leather_leggings":2,"minecraft:stone_brick_stairs":20,"minecraft:egg":2,"minecraft:iron_ingot":37,"minecraft:wheat_seeds":66,"minecraft:golden_horse_armor":2,"minecraft:iron_helmet":2,"minecraft:cobblestone":5,"minecraft:book":27,"alexsmobs:rattlesnake_rattle":1,"minecraft:apple":1,"minecraft:granite":4,"minecraft:chainmail_helmet":1,"minecraft:golden_apple":1,"travelersbackpack:creeper":2,"minecraft:oxeye_daisy":1,"minecraft:wooden_axe":3,"minecraft:potion":1,"minecraft:string":16,"iceandfire:dragon_skull_fire":1,"minecraft:stone_brick_slab":2,"minecraft:soul_torch":1,"alexsmobs:acacia_blossom":2,"minecraft:cobblestone_wall":14,"evilcraft:box_of_eternal_closure":2,"minecraft:iron_boots":3,"sophisticatedbackpacks:backpack":1,"minecraft:name_tag":1,"evilcraft:origins_of_darkness":1,"minecraft:spruce_fence":2,"apotheosis:weapon_book":1,"minecraft:lily_of_the_valley":2,"minecraft:diamond_sword":1,"minecraft:potato":14,"minecraft:spruce_trapdoor":11,"minecraft:spruce_planks":3,"minecraft:yellow_bed":2,"iceandfire:silver_ingot":1,"minecraft:stone_bricks":123,"minecraft:spider_eye":6,"minecraft:bow":2,"minecraft:red_tulip":1,"minecraft:dark_prismarine":7,"iceandfire:dragon_skull_lightning":1,"minecraft:gold_ore":20,"minecraft:dark_oak_stairs":8,"minecraft:baked_potato":24,"chisel:marble/raw":179,"minecraft:lantern":1,"iceandfire:podium_acacia":1,"iceandfire:gorgon_head":1,"travelersbackpack:standard":1,"minecraft:cod":1,"minecraft:cobblestone_stairs":1,"minecraft:cornflower":1,"minecraft:cooked_cod":2,"minecraft:cut_sandstone":4,"iceandfire:ash":25,"minecraft:gold_ingot":3,"minecraft:gravel":1,"minecraft:white_tulip":1,"minecraft:carrot":25,"minecraft:birch_door":1,"apotheosis:null_book":1,"chisel:cobblestone/extra/marker":17,"apotheosis:armor_feet_book":1,"minecraft:iron_ore":11,"minecraft:arrow":9,"minecraft:enchanting_table":1,"minecraft:bread":31,"minecraft:lead":4,"minecraft:observer":1,"minecraft:spruce_stairs":20,"minecraft:stick":14,"minecraft:diorite":4,"tombstone:grave_dust":1,"minecraft:iron_leggings":2,"minecraft:iron_axe":1,"minecraft:bucket":1,"minecraft:redstone":11,"minecraft:blue_terracotta":1,"minecraft:anvil":1,"minecraft:oak_trapdoor":1,"minecraft:light_gray_wool":18,"minecraft:filled_map":1,"minecraft:andesite":1,"minecraft:mossy_stone_bricks":10,"minecraft:golden_leggings":1,"minecraft:slime_ball":2,"minecraft:spruce_log":89,"minecraft:stone_pickaxe":1,"minecraft:wooden_pickaxe":1},"minecraft:killed_by":{"minecraft:zombie":1,"minecraft:husk":7,"iceandfire:cyclops":1,"minecraft:drowned":2,"minecraft:cave_spider":1,"iceandfire:fire_dragon":4,"minecraft:player":2,"iceandfire:deathworm":2,"minecraft:enderman":1,"iceandfire:gorgon":4,"minecraft:skeleton":3},"minecraft:mined":{"iceandfire:copper_pile":6,"minecraft:potted_crimson_fungus":1,"minecraft:carved_pumpkin":1,"minecraft:granite":14,"minecraft:acacia_log":32,"minecraft:oxeye_daisy":1,"minecraft:spawner":6,"minecraft:tall_seagrass":2,"minecraft:fire":5,"minecraft:sticky_piston":5,"minecraft:barrel":5,"minecraft:pumpkin":4,"iceandfire:gold_pile":36,"minecraft:oak_stairs":36,"minecraft:player_head":3,"minecraft:tripwire":3,"minecraft:piston_head":1,"minecraft:cut_sandstone":4,"minecraft:magenta_carpet":9,"minecraft:potted_brown_mushroom":1,"minecraft:smoker":3,"iceandfire:podium_acacia":2,"minecraft:torch":10,"minecraft:blast_furnace":2,"minecraft:dead_bush":2,"minecraft:spruce_wall_sign":7,"minecraft:glass":4,"minecraft:sugar_cane":8,"minecraft:damaged_anvil":4,"minecraft:spruce_sign":1,"minecraft:skeleton_skull":7,"minecraft:repeater":3,"minecraft:wheat":125,"minecraft:jukebox":1,"minecraft:potted_poppy":2,"minecraft:grass":76,"minecraft:zombie_wall_head":1,"minecraft:dark_prismarine":14,"travelersbackpack:creeper":6,"minecraft:spruce_fence":2,"minecraft:redstone_wire":5,"minecraft:potted_bamboo":2,"chisel:marble/layers":2,"minecraft:acacia_wood":1,"evilcraft:box_of_eternal_closure":5,"minecraft:andesite":6,"chisel:marble/raw":435,"minecraft:potatoes":23,"minecraft:vine":4,"minecraft:rail":2,"minecraft:oak_slab":46,"minecraft:redstone_block":5,"minecraft:glass_pane":8,"minecraft:potted_lily_of_the_valley":1,"minecraft:brown_carpet":1,"minecraft:observer":1,"minecraft:emerald_ore":9,"minecraft:campfire":10,"minecraft:tall_grass":20,"minecraft:diorite":15,"chisel:planks/oak/crude_vertical_planks":1,"minecraft:orange_carpet":10,"minecraft:coarse_dirt":2,"minecraft:trapped_chest":1,"minecraft:spruce_log":102,"minecraft:birch_leaves":4,"iceandfire:silver_pile":9,"minecraft:zombie_head":2,"minecraft:gravel":5,"minecraft:cobweb":14,"minecraft:acacia_planks":8,"minecraft:stone_bricks":116,"minecraft:gold_ore":25,"minecraft:chipped_anvil":1,"minecraft:stone_pressure_plate":1,"minecraft:spruce_planks":4,"minecraft:cobblestone_stairs":1,"minecraft:potted_blue_orchid":2,"chisel:planks/oak/log_cabin":1,"minecraft:spruce_trapdoor":1,"minecraft:grass_block":387,"iceandfire:lectern":2,"minecraft:frosted_ice":3,"chisel:marble/tiles_large":12,"minecraft:potted_birch_sapling":1,"minecraft:glowstone":1,"minecraft:iron_ore":187,"minecraft:anvil":1,"minecraft:azure_bluet":2,"minecraft:dark_oak_stairs":8,"chisel:marble/cuts":1,"iceandfire:chared_cobblestone":3,"minecraft:yellow_banner":4,"minecraft:poppy":11,"minecraft:chest":6,"minecraft:cobblestone":7,"minecraft:oak_planks":233,"minecraft:wall_torch":13,"minecraft:seagrass":1,"minecraft:blue_terracotta":1,"minecraft:birch_log":5,"minecraft:tnt":1,"minecraft:oak_log":296,"minecraft:beetroots":9,"minecraft:sand":148,"minecraft:dirt":112,"minecraft:oak_leaves":158,"iceandfire:chared_stone":1,"iceandfire:lightning_lily":2,"minecraft:diamond_ore":2,"minecraft:yellow_wall_banner":2,"minecraft:oak_door":4,"minecraft:lever":2,"minecraft:ladder":2,"minecraft:sandstone":7,"minecraft:oak_trapdoor":2,"minecraft:furnace":2,"minecraft:carrots":22,"iceandfire:copper_ore":3,"minecraft:gold_block":1,"minecraft:bookshelf":6,"minecraft:lime_wall_banner":1,"minecraft:lantern":4,"minecraft:stripped_oak_log":20,"minecraft:stone":417,"chisel:planks/oak/braced_planks":105,"minecraft:redstone_wall_torch":3,"minecraft:scaffolding":2,"minecraft:soul_torch":1,"travelersbackpack:standard":2,"minecraft:crafting_table":4,"chisel:cobblestone/extra/marker":2,"chisel:marble/panel":2,"minecraft:lapis_ore":1,"minecraft:spruce_stairs":23,"minecraft:birch_planks":2,"minecraft:cactus":1,"iceandfire:ash":46,"minecraft:yellow_bed":6,"minecraft:grass_path":2,"minecraft:potted_azure_bluet":1,"minecraft:coal_ore":63,"minecraft:flower_pot":5,"minecraft:cracked_stone_bricks":8,"minecraft:potted_white_tulip":1,"minecraft:mossy_stone_bricks":11,"minecraft:birch_fence":1},"minecraft:killed":{"minecraft:cave_spider":12,"alexsmobs:lobster":7,"iceandfire:gorgon":1,"minecraft:skeleton":28,"minecraft:chicken":7,"minecraft:pillager":18,"minecraft:zombie":33,"minecraft:cow":12,"alexsmobs:raccoon":1,"minecraft:vindicator":2,"minecraft:husk":12,"alexsmobs:guster":5,"minecraft:spider":6,"minecraft:silverfish":2,"minecraft:pig":7,"minecraft:creeper":4,"minecraft:sheep":1,"minecraft:stray":1,"alexsmobs:tarantula_hawk":1,"minecraft:slime":6,"alexsmobs:rattlesnake":3,"minecraft:drowned":5,"iceandfire:deathworm":3,"alexsmobs:cockroach":2},"minecraft:broken":{"minecraft:wooden_shovel":1,"minecraft:iron_sword":3,"minecraft:wooden_pickaxe":1,"minecraft:shield":1,"chisel:iron_chisel":2,"minecraft:iron_axe":1,"minecraft:iron_pickaxe":5,"minecraft:iron_helmet":2,"minecraft:iron_shovel":2,"minecraft:golden_leggings":2,"minecraft:stone_pickaxe":2,"minecraft:chainmail_chestplate":1,"minecraft:leather_chestplate":1,"minecraft:leather_boots":1},"minecraft:custom":{"minecraft:interact_with_crafting_table":97,"minecraft:open_barrel":81,"minecraft:eat_cake_slice":20,"minecraft:leave_game":2,"minecraft:time_since_death":895,"minecraft:damage_blocked_by_shield":582,"minecraft:deaths":31,"minecraft:jump":8180,"minecraft:interact_with_furnace":92,"minecraft:sleep_in_bed":4,"minecraft:damage_dealt":33905,"tombstone:undead_killed":80,"minecraft:interact_with_smoker":2,"minecraft:interact_with_smithing_table":2,"minecraft:interact_with_anvil":4,"minecraft:damage_dealt_absorbed":103,"minecraft:sneak_time":32942,"minecraft:interact_with_blast_furnace":14,"tombstone:raider_killed":20,"minecraft:interact_with_stonecutter":1,"minecraft:time_since_rest":727,"minecraft:swim_one_cm":187475,"minecraft:fly_one_cm":1999967,"minecraft:open_chest":420,"minecraft:fish_caught":17,"minecraft:fall_one_cm":254060,"minecraft:sprint_one_cm":1964369,"minecraft:drop":294,"minecraft:talked_to_villager":3,"minecraft:walk_on_water_one_cm":144626,"minecraft:play_one_minute":663341,"minecraft:interact_with_loom":1,"minecraft:crouch_one_cm":91284,"minecraft:mob_kills":176,"minecraft:climb_one_cm":11892,"minecraft:walk_one_cm":1414635,"minecraft:walk_under_water_one_cm":100879,"minecraft:boat_one_cm":189950,"minecraft:pot_flower":9,"minecraft:damage_taken":2147483647,"minecraft:damage_absorbed":41,"minecraft:trigger_trapped_chest":26,"minecraft:minecart_one_cm":2759},"minecraft:picked_up":{"minecraft:wooden_axe":2,"minecraft:birch_door":1,"minecraft:iron_chestplate":2,"minecraft:flower_pot":20,"minecraft:anvil":3,"iceandfire:copper_ore":3,"apotheosis:rare_tome":1,"minecraft:lead":8,"minecraft:magenta_carpet":14,"minecraft:diamond_sword":1,"minecraft:oak_stairs":37,"minecraft:enchanted_book":1,"iceandfire:manuscript":4,"minecraft:string":47,"chisel:marble/cuts":1,"travelersbackpack:creeper":9,"minecraft:pufferfish":2,"minecraft:beetroot":9,"minecraft:gold_nugget":280,"minecraft:spruce_planks":5,"chisel:marble/array":1,"minecraft:enchanted_golden_apple":1,"minecraft:jukebox":1,"minecraft:acacia_log":29,"minecraft:yellow_banner":10,"iceandfire:lightning_lily":3,"minecraft:stone_sword":2,"evilcraft:box_of_eternal_closure":6,"minecraft:red_tulip":5,"minecraft:carved_pumpkin":1,"minecraft:birch_log":5,"minecraft:feather":7,"minecraft:smoker":3,"chisel:planks/oak/braced_planks":105,"alexsmobs:cooked_kangaroo_meat":1,"minecraft:map":1,"minecraft:lantern":10,"minecraft:chipped_anvil":1,"minecraft:glowstone_dust":4,"iceandfire:dragon_skull_fire":3,"apotheosis:null_book":2,"sophisticatedbackpacks:iron_backpack":1,"iceandfire:stymphalian_bird_feather":2,"minecraft:ink_sac":1,"minecraft:trapped_chest":2,"minecraft:barrel":5,"iceandfire:chared_cobblestone":3,"minecraft:blue_terracotta":1,"iceandfire:lectern":2,"minecraft:lever":6,"minecraft:granite":20,"minecraft:bread":7,"minecraft:golden_horse_armor":1,"minecraft:chainmail_helmet":3,"iceandfire:gorgon_head":1,"minecraft:crafting_table":6,"iceandfire:dragon_skull_lightning":3,"minecraft:coarse_dirt":2,"apotheosis:weapon_book":2,"minecraft:leather_leggings":1,"minecraft:cornflower":1,"chisel:marble/tiles_large":175,"minecraft:flint_and_steel":1,"minecraft:iron_shovel":1,"iceandfire:bestiary":3,"minecraft:cracked_stone_bricks":7,"minecraft:beef":24,"minecraft:poppy":13,"minecraft:minecart":1,"minecraft:chest":6,"minecraft:birch_sapling":1,"minecraft:egg":3,"minecraft:sandstone":8,"minecraft:oak_door":10,"minecraft:spruce_fence":2,"minecraft:carrot":102,"minecraft:redstone":23,"minecraft:tnt":6,"minecraft:diamond_chestplate":1,"minecraft:beetroot_seeds":23,"chisel:marble/layers":2,"minecraft:diamond_boots":1,"minecraft:gold_ingot":10,"minecraft:mutton":1,"minecraft:rail":10,"minecraft:white_wool":16,"minecraft:oxeye_daisy":1,"minecraft:stripped_oak_log":21,"minecraft:birch_leaves":3,"evilcraft:environmental_accumulation_core":1,"alexsmobs:acacia_blossom":2,"minecraft:oak_log":280,"minecraft:stone_bricks":148,"minecraft:apple":12,"alexsmobs:cockroach_wing_fragment":1,"minecraft:stone_pickaxe":1,"minecraft:iron_ore":192,"tombstone:bag_of_seeds":2,"chisel:marble/panel":2,"minecraft:iron_sword":7,"minecraft:dark_oak_stairs":10,"iceandfire:chared_stone":2,"iceandfire:copper_nugget":50,"chisel:marble/raw":578,"minecraft:gravel":5,"minecraft:spruce_log":126,"chisel:planks/oak/log_cabin":1,"travelersbackpack:standard":4,"minecraft:slime_ball":9,"minecraft:painting":8,"chisel:cobblestone/extra/marker":19,"minecraft:baked_potato":20,"minecraft:wheat":131,"alexsmobs:maraca":2,"minecraft:redstone_block":8,"minecraft:potion":1,"minecraft:stone_brick_stairs":34,"minecraft:iron_leggings":1,"minecraft:sticky_piston":11,"minecraft:zombie_head":4,"minecraft:experience_bottle":2,"minecraft:red_sand":3,"minecraft:bucket":2,"minecraft:white_tulip":4,"minecraft:rose_bush":2,"minecraft:redstone_torch":3,"minecraft:iron_pickaxe":5,"alexsmobs:raccoon_tail":3,"minecraft:furnace":2,"minecraft:iron_boots":4,"minecraft:stick":56,"minecraft:torch":65,"minecraft:spruce_stairs":24,"minecraft:porkchop":16,"minecraft:diorite":18,"tombstone:grave_dust":17,"apotheosis:uncommon_tome":1,"minecraft:cactus":1,"minecraft:rotten_flesh":72,"alexsmobs:emu_egg":2,"evilcraft:condensed_blood":11,"minecraft:obsidian":8,"minecraft:cod":20,"minecraft:cobblestone":395,"minecraft:enchanting_table":2,"minecraft:repeater":6,"minecraft:andesite":16,"minecraft:orange_carpet":17,"minecraft:golden_leggings":1,"minecraft:potato":96,"evilcraft:flesh_humanoid":3,"minecraft:lapis_lazuli":10,"minecraft:dirt":418,"minecraft:name_tag":2,"minecraft:glass":12,"minecraft:bone":32,"minecraft:acacia_planks":18,"minecraft:bow":3,"minecraft:wheat_seeds":316,"minecraft:mossy_stone_bricks":21,"minecraft:bamboo":2,"minecraft:oak_planks":252,"chisel:planks/oak/crude_vertical_planks":19,"minecraft:poisonous_potato":1,"minecraft:sand":187,"minecraft:lily_of_the_valley":3,"minecraft:dark_prismarine":7,"minecraft:diamond":2,"alexsmobs:rattlesnake_rattle":3,"iceandfire:chared_grass_path":4,"minecraft:bone_meal":6,"minecraft:golden_apple":2,"minecraft:spruce_sign":8,"minecraft:emerald":16,"minecraft:oak_sapling":94,"iceandfire:silver_nugget":48,"minecraft:oak_leaves":146,"minecraft:fishing_rod":1,"minecraft:charcoal":20,"minecraft:azure_bluet":2,"minecraft:chicken":27,"minecraft:ladder":7,"minecraft:brown_mushroom":1,"alexsmobs:roadrunner_feather":3,"minecraft:gold_block":1,"minecraft:shield":2,"minecraft:oak_trapdoor":3,"minecraft:iron_axe":3,"minecraft:item_frame":32,"minecraft:birch_fence":1,"minecraft:blue_orchid":2,"apotheosis:scrap_tome":2,"apotheosis:armor_feet_book":2,"minecraft:player_head":7,"minecraft:observer":1,"minecraft:light_gray_wool":20,"minecraft:sugar_cane":27,"iceandfire:podium_acacia":2,"minecraft:spruce_trapdoor":6,"iceandfire:dragonbone":91,"evilcraft:origins_of_darkness":1,"apotheosis:common_tome":2,"minecraft:stone_button":1,"iceandfire:silver_ingot":1,"minecraft:arrow":31,"minecraft:pink_tulip":3,"minecraft:saddle":2,"minecraft:skeleton_skull":7,"minecraft:salmon":22,"minecraft:cut_sandstone":4,"minecraft:leather":13,"minecraft:birch_planks":1,"minecraft:crimson_fungus":1,"minecraft:chainmail_chestplate":2,"artifacts:cloud_in_a_bottle":1,"minecraft:yellow_bed":6,"minecraft:gunpowder":41,"minecraft:cobblestone_wall":8,"minecraft:cobblestone_stairs":1,"minecraft:cooked_mutton":1,"minecraft:iron_ingot":13,"minecraft:acacia_sapling":15,"minecraft:book":48,"minecraft:scaffolding":2,"minecraft:oak_slab":50,"minecraft:pumpkin":4,"minecraft:stone_brick_slab":3,"iceandfire:ash":89,"minecraft:soul_torch":2,"minecraft:blast_furnace":2,"minecraft:gold_ore":44,"minecraft:spider_eye":9,"minecraft:lime_banner":1,"minecraft:iron_helmet":3,"tombstone:decorative_grave_normal":1,"tombstone:magic_scroll":3,"minecraft:damaged_anvil":4,"minecraft:coal":63}},"DataVersion":2586}