{"stats":{"minecraft:killed_by":{"iceandfire:cyclops":1,"minecraft:cave_spider":1,"iceandfire:fire_dragon":2,"minecraft:husk":2,"minecraft:player":2,"iceandfire:deathworm":2,"minecraft:enderman":1,"iceandfire:gorgon":4,"minecraft:skeleton":2},"minecraft:broken":{"minecraft:iron_shovel":1,"minecraft:wooden_shovel":1,"minecraft:golden_leggings":2,"minecraft:stone_pickaxe":2,"minecraft:iron_sword":2,"minecraft:leather_chestplate":1,"minecraft:wooden_pickaxe":1,"chisel:iron_chisel":2,"minecraft:leather_boots":1,"minecraft:iron_pickaxe":3,"minecraft:iron_helmet":1},"minecraft:used":{"minecraft:iron_shovel":419,"minecraft:ladder":7,"minecraft:poppy":1,"minecraft:shield":21,"minecraft:chest":13,"minecraft:iron_sword":635,"minecraft:player_head":6,"chisel:marble/panel":2,"minecraft:acacia_sapling":5,"minecraft:obsidian":2,"minecraft:azure_bluet":1,"chisel:marble/zag":2,"minecraft:glass":5,"minecraft:lava_bucket":2,"iceandfire:lightning_lily":2,"minecraft:lantern":4,"chisel:marble/layers":2,"chisel:marble/raw":114,"minecraft:item_frame":1,"carryon:tile_item":7,"minecraft:scaffolding":1,"minecraft:oak_sapling":90,"minecraft:furnace":5,"minecraft:cooked_cod":7,"minecraft:gold_block":1,"minecraft:potato":22,"minecraft:dark_oak_stairs":2,"minecraft:damaged_anvil":1,"chisel:planks/oak/log_cabin":1,"minecraft:stone_pickaxe":244,"minecraft:oak_planks":257,"minecraft:wooden_pickaxe":90,"minecraft:sandstone":2,"minecraft:sugar_cane":11,"chisel:planks/oak/braced_planks":118,"minecraft:blast_furnace":1,"minecraft:shears":151,"minecraft:redstone_torch":3,"minecraft:sticky_piston":1,"minecraft:bread":109,"minecraft:zombie_head":2,"minecraft:birch_log":5,"minecraft:oak_fence":3,"minecraft:bone_meal":45,"minecraft:oak_trapdoor":3,"minecraft:experience_bottle":6,"minecraft:enchanting_table":1,"minecraft:acacia_log":28,"minecraft:flint_and_steel":1,"minecraft:wooden_shovel":59,"minecraft:cooked_chicken":12,"minecraft:oak_door":14,"minecraft:torch":96,"minecraft:dirt":179,"alexsmobs:maraca":35,"minecraft:anvil":3,"minecraft:spruce_stairs":8,"alexsmobs:cooked_kangaroo_meat":1,"minecraft:cod_bucket":1,"minecraft:iron_hoe":30,"minecraft:stone_brick_slab":1,"minecraft:wooden_axe":16,"chisel:marble/tiles_large":26,"minecraft:iron_axe":629,"minecraft:oak_stairs":149,"chisel:marble/twisted":8,"carryon:entity_item":15,"minecraft:barrel":4,"tombstone:gift":10,"minecraft:minecart":2,"minecraft:trapped_chest":1,"minecraft:cooked_beef":9,"minecraft:acacia_planks":118,"minecraft:yellow_banner":3,"minecraft:wheat_seeds":109,"minecraft:cooked_mutton":1,"minecraft:water_bucket":45,"minecraft:baked_potato":6,"chisel:marble/prism":2,"minecraft:spruce_sign":3,"chisel:marble/array":76,"minecraft:rail":13,"minecraft:orange_carpet":9,"minecraft:tnt":1,"minecraft:crafting_table":5,"minecraft:oak_slab":244,"chisel:cobblestone/extra/marker":2,"minecraft:painting":6,"minecraft:spruce_log":31,"minecraft:magenta_carpet":9,"minecraft:smoker":3,"chisel:planks/oak/crude_vertical_planks":1,"minecraft:oak_log":221,"minecraft:flower_pot":7,"minecraft:wooden_hoe":63,"minecraft:apple":6,"travelersbackpack:creeper":6,"minecraft:iron_pickaxe":837,"chisel:marble/cuts":5,"tombstone:magic_scroll":1,"minecraft:stone_axe":12,"minecraft:fishing_rod":63,"minecraft:cobblestone":26,"travelersbackpack:standard":17,"minecraft:cooked_porkchop":1,"minecraft:bucket":52,"minecraft:glass_pane":20,"minecraft:yellow_bed":4,"alexsmobs:animal_dictionary":1},"minecraft:custom":{"minecraft:interact_with_crafting_table":89,"minecraft:open_barrel":72,"minecraft:eat_cake_slice":20,"minecraft:leave_game":2,"minecraft:time_since_death":1846,"minecraft:sprint_one_cm":1497402,"minecraft:damage_blocked_by_shield":552,"minecraft:drop":258,"minecraft:talked_to_villager":3,"minecraft:deaths":19,"minecraft:jump":6414,"minecraft:walk_on_water_one_cm":84545,"minecraft:interact_with_furnace":85,"minecraft:play_one_minute":501420,"minecraft:interact_with_loom":1,"minecraft:sleep_in_bed":4,"minecraft:damage_dealt":25652,"minecraft:crouch_one_cm":60841,"tombstone:undead_killed":61,"minecraft:interact_with_smoker":2,"minecraft:interact_with_anvil":4,"minecraft:mob_kills":140,"minecraft:climb_one_cm":11860,"minecraft:walk_one_cm":1079990,"minecraft:damage_dealt_absorbed":86,"minecraft:sneak_time":21014,"minecraft:walk_under_water_one_cm":39893,"minecraft:boat_one_cm":189950,"minecraft:interact_with_blast_furnace":8,"tombstone:raider_killed":20,"minecraft:pot_flower":2,"minecraft:time_since_rest":1503,"minecraft:damage_taken":2147483647,"minecraft:trigger_trapped_chest":12,"minecraft:minecart_one_cm":2759,"minecraft:swim_one_cm":96809,"minecraft:fly_one_cm":1585145,"minecraft:open_chest":328,"minecraft:fish_caught":17,"minecraft:fall_one_cm":188819},"minecraft:mined":{"minecraft:spruce_planks":4,"minecraft:stone_pressure_plate":1,"minecraft:cobblestone_stairs":1,"minecraft:potted_crimson_fungus":1,"minecraft:spruce_trapdoor":1,"minecraft:granite":5,"minecraft:grass_block":306,"minecraft:acacia_log":32,"iceandfire:lectern":1,"chisel:marble/tiles_large":12,"minecraft:spawner":5,"minecraft:tall_seagrass":2,"minecraft:potted_birch_sapling":1,"minecraft:glowstone":1,"minecraft:iron_ore":136,"minecraft:barrel":5,"minecraft:sticky_piston":5,"minecraft:fire":2,"minecraft:pumpkin":4,"minecraft:anvil":1,"minecraft:azure_bluet":2,"minecraft:dark_oak_stairs":8,"iceandfire:gold_pile":36,"minecraft:oak_stairs":35,"minecraft:player_head":3,"chisel:marble/cuts":1,"minecraft:tripwire":2,"minecraft:piston_head":1,"minecraft:cut_sandstone":4,"minecraft:magenta_carpet":9,"minecraft:smoker":3,"minecraft:yellow_banner":2,"iceandfire:podium_acacia":1,"minecraft:torch":10,"minecraft:blast_furnace":2,"minecraft:poppy":1,"minecraft:chest":6,"minecraft:dead_bush":2,"minecraft:glass":4,"minecraft:cobblestone":6,"minecraft:damaged_anvil":1,"minecraft:oak_planks":231,"minecraft:sugar_cane":8,"minecraft:wall_torch":13,"minecraft:spruce_sign":1,"minecraft:skeleton_skull":7,"minecraft:seagrass":1,"minecraft:repeater":3,"minecraft:blue_terracotta":1,"minecraft:birch_log":5,"minecraft:wheat":125,"minecraft:tnt":1,"minecraft:potted_poppy":1,"minecraft:grass":70,"minecraft:oak_log":230,"minecraft:beetroots":9,"minecraft:sand":87,"minecraft:dirt":88,"minecraft:oak_leaves":155,"iceandfire:lightning_lily":2,"travelersbackpack:creeper":2,"minecraft:dark_prismarine":14,"minecraft:yellow_wall_banner":1,"minecraft:oak_door":4,"minecraft:lever":2,"minecraft:ladder":2,"minecraft:spruce_fence":2,"minecraft:redstone_wire":5,"minecraft:potted_bamboo":1,"minecraft:sandstone":2,"minecraft:oak_trapdoor":2,"minecraft:furnace":2,"minecraft:carrots":22,"iceandfire:copper_ore":1,"chisel:marble/layers":2,"minecraft:acacia_wood":1,"minecraft:andesite":3,"chisel:marble/raw":428,"minecraft:gold_block":1,"minecraft:bookshelf":6,"minecraft:potatoes":23,"minecraft:lime_wall_banner":1,"minecraft:vine":3,"minecraft:rail":2,"minecraft:lantern":4,"minecraft:stripped_oak_log":20,"minecraft:stone":136,"minecraft:redstone_wall_torch":3,"chisel:planks/oak/braced_planks":10,"minecraft:oak_slab":46,"minecraft:scaffolding":1,"minecraft:redstone_block":5,"minecraft:glass_pane":8,"minecraft:potted_lily_of_the_valley":1,"minecraft:brown_carpet":1,"minecraft:soul_torch":1,"minecraft:observer":1,"travelersbackpack:standard":2,"minecraft:crafting_table":4,"minecraft:campfire":10,"chisel:marble/panel":2,"minecraft:tall_grass":20,"chisel:planks/oak/crude_vertical_planks":1,"minecraft:diorite":9,"minecraft:orange_carpet":9,"minecraft:spruce_stairs":23,"minecraft:trapped_chest":1,"minecraft:birch_leaves":4,"minecraft:spruce_log":102,"minecraft:yellow_bed":5,"minecraft:grass_path":1,"minecraft:potted_azure_bluet":1,"iceandfire:silver_pile":9,"minecraft:coal_ore":63,"minecraft:zombie_head":2,"minecraft:flower_pot":3,"minecraft:gravel":5,"minecraft:cobweb":11,"minecraft:cracked_stone_bricks":7,"minecraft:acacia_planks":8,"minecraft:potted_white_tulip":1,"minecraft:stone_bricks":116,"minecraft:mossy_stone_bricks":11,"minecraft:gold_ore":16,"minecraft:birch_fence":1},"minecraft:crafted":{"minecraft:cooked_chicken":23,"minecraft:cooked_mutton":1,"minecraft:glass":30,"minecraft:rail":16,"minecraft:oak_fence":6,"minecraft:oak_slab":60,"minecraft:wooden_shovel":1,"sophisticatedbackpacks:backpack":1,"minecraft:cooked_porkchop":12,"minecraft:wooden_pickaxe":2,"minecraft:baked_potato":12,"travelersbackpack:creeper":1,"chisel:iron_chisel":2,"minecraft:tnt":3,"minecraft:wooden_hoe":1,"minecraft:charcoal":6,"minecraft:stick":28,"minecraft:iron_ingot":105,"minecraft:iron_pickaxe":4,"minecraft:gold_ingot":5,"minecraft:redstone_torch":1,"minecraft:oak_door":9,"minecraft:furnace":3,"minecraft:glass_pane":32,"minecraft:oak_trapdoor":2,"minecraft:spruce_stairs":4,"minecraft:iron_axe":1,"minecraft:stone_pickaxe":2,"minecraft:lead":2,"minecraft:minecart":1,"minecraft:cooked_beef":23,"minecraft:cooked_cod":9,"iceandfire:copper_ingot":1,"minecraft:spruce_sign":3,"minecraft:iron_sword":1,"minecraft:stone_axe":1,"minecraft:air":1599,"alexsmobs:maraca":2,"minecraft:oak_stairs":4,"minecraft:wooden_axe":1,"minecraft:iron_shovel":2},"minecraft:dropped":{"minecraft:gold_ore":20,"minecraft:iron_sword":2,"minecraft:dark_oak_stairs":8,"chisel:marble/raw":9,"minecraft:baked_potato":24,"minecraft:crafting_table":1,"minecraft:cooked_porkchop":2,"minecraft:crossbow":1,"iceandfire:podium_acacia":1,"minecraft:lantern":1,"minecraft:cracked_stone_bricks":6,"iceandfire:gorgon_head":1,"minecraft:saddle":1,"travelersbackpack:standard":1,"minecraft:rail":12,"minecraft:cod":1,"minecraft:item_frame":15,"minecraft:cobblestone_stairs":1,"minecraft:dirt":4,"minecraft:birch_fence":1,"minecraft:stone_button":1,"minecraft:cornflower":1,"minecraft:cooked_cod":2,"minecraft:cut_sandstone":4,"minecraft:sand":46,"minecraft:iron_pickaxe":1,"apotheosis:scrap_tome":1,"minecraft:white_wool":9,"minecraft:bone":7,"minecraft:gold_ingot":3,"minecraft:oak_door":2,"minecraft:white_tulip":1,"minecraft:stone_axe":1,"minecraft:lever":2,"minecraft:cooked_chicken":3,"minecraft:rotten_flesh":28,"minecraft:oak_planks":164,"minecraft:golden_shovel":1,"minecraft:azure_bluet":1,"minecraft:salmon":1,"minecraft:carrot":25,"minecraft:acacia_sapling":10,"minecraft:birch_door":1,"apotheosis:null_book":1,"minecraft:leather_leggings":2,"chisel:cobblestone/extra/marker":17,"minecraft:iron_ore":11,"apotheosis:armor_feet_book":1,"minecraft:arrow":9,"minecraft:stone_brick_stairs":20,"minecraft:enchanting_table":1,"minecraft:egg":1,"minecraft:iron_ingot":37,"minecraft:bread":31,"minecraft:wheat_seeds":66,"minecraft:golden_horse_armor":2,"minecraft:book":27,"minecraft:iron_helmet":2,"minecraft:cobblestone":5,"minecraft:lead":4,"alexsmobs:rattlesnake_rattle":1,"minecraft:observer":1,"minecraft:apple":1,"minecraft:granite":1,"minecraft:spruce_stairs":20,"minecraft:chainmail_helmet":1,"minecraft:stick":12,"minecraft:golden_apple":1,"travelersbackpack:creeper":2,"minecraft:diorite":2,"minecraft:wooden_axe":3,"tombstone:grave_dust":1,"minecraft:potion":1,"minecraft:iron_leggings":1,"minecraft:iron_axe":1,"minecraft:string":1,"minecraft:bucket":1,"minecraft:redstone":11,"iceandfire:dragon_skull_fire":1,"minecraft:stone_brick_slab":2,"minecraft:blue_terracotta":1,"minecraft:anvil":1,"minecraft:oak_trapdoor":1,"minecraft:soul_torch":1,"alexsmobs:acacia_blossom":2,"minecraft:cobblestone_wall":14,"minecraft:light_gray_wool":18,"minecraft:iron_boots":2,"sophisticatedbackpacks:backpack":1,"minecraft:name_tag":1,"evilcraft:origins_of_darkness":1,"minecraft:spruce_fence":2,"apotheosis:weapon_book":1,"minecraft:lily_of_the_valley":2,"minecraft:potato":14,"minecraft:spruce_trapdoor":11,"minecraft:spruce_planks":3,"minecraft:andesite":1,"iceandfire:silver_ingot":1,"minecraft:mossy_stone_bricks":10,"minecraft:yellow_bed":2,"minecraft:golden_leggings":1,"minecraft:spider_eye":6,"minecraft:stone_bricks":123,"minecraft:spruce_log":89,"minecraft:slime_ball":2,"minecraft:bow":2,"minecraft:stone_pickaxe":1,"minecraft:wooden_pickaxe":1,"minecraft:dark_prismarine":7,"iceandfire:dragon_skull_lightning":1},"minecraft:killed":{"alexsmobs:lobster":4,"minecraft:cave_spider":12,"iceandfire:gorgon":1,"minecraft:spider":3,"minecraft:skeleton":22,"minecraft:chicken":3,"minecraft:pig":7,"minecraft:creeper":3,"minecraft:sheep":1,"minecraft:pillager":18,"minecraft:zombie":29,"minecraft:cow":12,"alexsmobs:tarantula_hawk":1,"minecraft:vindicator":2,"minecraft:slime":6,"alexsmobs:rattlesnake":3,"iceandfire:deathworm":3,"minecraft:husk":9,"alexsmobs:guster":3,"alexsmobs:cockroach":1},"minecraft:picked_up":{"minecraft:wooden_axe":2,"minecraft:birch_door":1,"minecraft:wheat":131,"minecraft:redstone_block":8,"minecraft:anvil":3,"minecraft:flower_pot":13,"iceandfire:copper_ore":1,"apotheosis:rare_tome":1,"minecraft:magenta_carpet":9,"minecraft:lead":8,"minecraft:oak_stairs":35,"minecraft:potion":1,"minecraft:enchanted_book":1,"minecraft:stone_brick_stairs":34,"iceandfire:manuscript":4,"minecraft:string":34,"chisel:marble/cuts":1,"travelersbackpack:creeper":4,"minecraft:iron_leggings":1,"minecraft:sticky_piston":11,"minecraft:experience_bottle":1,"minecraft:pufferfish":2,"minecraft:zombie_head":3,"minecraft:beetroot":9,"minecraft:red_sand":3,"minecraft:gold_nugget":254,"minecraft:bucket":2,"minecraft:spruce_planks":5,"minecraft:white_tulip":1,"minecraft:redstone_torch":3,"minecraft:iron_pickaxe":3,"minecraft:enchanted_golden_apple":1,"minecraft:iron_boots":2,"minecraft:furnace":2,"minecraft:stick":53,"minecraft:torch":57,"minecraft:acacia_log":29,"minecraft:spruce_stairs":24,"minecraft:porkchop":16,"tombstone:grave_dust":14,"minecraft:diorite":11,"apotheosis:uncommon_tome":1,"minecraft:yellow_banner":7,"iceandfire:lightning_lily":3,"minecraft:stone_sword":2,"minecraft:rotten_flesh":63,"alexsmobs:emu_egg":1,"evilcraft:condensed_blood":11,"minecraft:obsidian":8,"minecraft:cod":20,"minecraft:cobblestone":137,"minecraft:birch_log":5,"minecraft:enchanting_table":2,"minecraft:feather":2,"minecraft:repeater":6,"minecraft:andesite":13,"minecraft:orange_carpet":9,"minecraft:golden_leggings":1,"minecraft:smoker":3,"minecraft:potato":95,"chisel:planks/oak/braced_planks":10,"evilcraft:flesh_humanoid":2,"alexsmobs:cooked_kangaroo_meat":1,"minecraft:map":1,"minecraft:dirt":301,"minecraft:lantern":5,"minecraft:name_tag":2,"minecraft:glass":12,"minecraft:bone":24,"minecraft:acacia_planks":18,"minecraft:bow":3,"minecraft:wheat_seeds":315,"minecraft:mossy_stone_bricks":21,"minecraft:glowstone_dust":4,"minecraft:bamboo":1,"minecraft:oak_planks":250,"chisel:planks/oak/crude_vertical_planks":19,"minecraft:poisonous_potato":1,"iceandfire:dragon_skull_fire":3,"apotheosis:null_book":2,"minecraft:sand":130,"minecraft:ink_sac":1,"minecraft:lily_of_the_valley":3,"minecraft:trapped_chest":2,"minecraft:barrel":5,"minecraft:dark_prismarine":7,"minecraft:blue_terracotta":1,"iceandfire:lectern":1,"minecraft:lever":6,"alexsmobs:rattlesnake_rattle":3,"minecraft:granite":9,"minecraft:bone_meal":6,"minecraft:golden_apple":2,"minecraft:chainmail_helmet":2,"minecraft:golden_horse_armor":1,"minecraft:spruce_sign":1,"minecraft:emerald":7,"minecraft:bread":7,"iceandfire:gorgon_head":1,"minecraft:oak_sapling":92,"iceandfire:silver_nugget":48,"minecraft:oak_leaves":146,"iceandfire:dragon_skull_lightning":3,"minecraft:fishing_rod":1,"minecraft:charcoal":20,"minecraft:crafting_table":6,"minecraft:azure_bluet":2,"minecraft:chicken":23,"minecraft:ladder":4,"minecraft:leather_leggings":1,"apotheosis:weapon_book":2,"alexsmobs:roadrunner_feather":1,"minecraft:gold_block":1,"minecraft:shield":1,"minecraft:cornflower":1,"chisel:marble/tiles_large":12,"minecraft:oak_trapdoor":3,"minecraft:iron_axe":3,"minecraft:flint_and_steel":1,"minecraft:item_frame":27,"minecraft:birch_fence":1,"minecraft:cracked_stone_bricks":6,"iceandfire:bestiary":1,"apotheosis:scrap_tome":2,"apotheosis:armor_feet_book":2,"minecraft:beef":24,"minecraft:player_head":7,"minecraft:observer":1,"minecraft:poppy":2,"minecraft:light_gray_wool":20,"iceandfire:podium_acacia":1,"minecraft:minecart":1,"minecraft:sugar_cane":19,"minecraft:chest":6,"minecraft:birch_sapling":1,"minecraft:spruce_trapdoor":6,"minecraft:egg":1,"minecraft:sandstone":3,"iceandfire:dragonbone":91,"minecraft:oak_door":10,"evilcraft:origins_of_darkness":1,"minecraft:spruce_fence":2,"apotheosis:common_tome":2,"minecraft:stone_button":1,"minecraft:carrot":102,"minecraft:redstone":23,"minecraft:tnt":6,"iceandfire:silver_ingot":1,"minecraft:arrow":24,"minecraft:diamond_chestplate":1,"minecraft:beetroot_seeds":23,"chisel:marble/layers":2,"minecraft:diamond_boots":1,"minecraft:gold_ingot":10,"minecraft:saddle":2,"minecraft:mutton":1,"minecraft:skeleton_skull":7,"minecraft:white_wool":16,"minecraft:rail":10,"minecraft:stripped_oak_log":20,"minecraft:birch_leaves":3,"minecraft:salmon":22,"minecraft:leather":13,"minecraft:cut_sandstone":4,"alexsmobs:acacia_blossom":2,"minecraft:crimson_fungus":1,"minecraft:oak_log":230,"minecraft:chainmail_chestplate":1,"artifacts:cloud_in_a_bottle":1,"minecraft:yellow_bed":5,"minecraft:cobblestone_wall":8,"minecraft:gunpowder":37,"minecraft:cobblestone_stairs":1,"minecraft:cooked_mutton":1,"minecraft:apple":10,"minecraft:stone_bricks":148,"minecraft:iron_ingot":11,"minecraft:stone_pickaxe":1,"minecraft:iron_ore":141,"tombstone:bag_of_seeds":2,"minecraft:iron_sword":5,"minecraft:acacia_sapling":15,"minecraft:dark_oak_stairs":10,"chisel:marble/panel":2,"minecraft:book":48,"minecraft:scaffolding":1,"minecraft:oak_slab":50,"minecraft:pumpkin":4,"iceandfire:ash":4,"minecraft:stone_brick_slab":3,"chisel:marble/raw":566,"minecraft:gravel":5,"minecraft:soul_torch":2,"minecraft:blast_furnace":2,"minecraft:spruce_log":126,"minecraft:gold_ore":35,"minecraft:spider_eye":8,"travelersbackpack:standard":4,"minecraft:lime_banner":1,"minecraft:slime_ball":9,"minecraft:iron_helmet":3,"minecraft:painting":6,"chisel:cobblestone/extra/marker":17,"minecraft:baked_potato":20,"tombstone:magic_scroll":2,"minecraft:damaged_anvil":1,"minecraft:coal":63}},"DataVersion":2586}