{"stats":{"minecraft:custom":{"minecraft:mob_kills":66,"minecraft:interact_with_crafting_table":19,"minecraft:open_barrel":5,"minecraft:leave_game":3,"minecraft:time_since_death":114953,"minecraft:climb_one_cm":1029,"minecraft:sprint_one_cm":250131,"minecraft:walk_one_cm":402273,"minecraft:drop":110,"minecraft:talked_to_villager":10,"minecraft:sneak_time":8574,"minecraft:deaths":5,"minecraft:walk_under_water_one_cm":5787,"minecraft:boat_one_cm":41074,"minecraft:jump":1567,"minecraft:interact_with_blast_furnace":3,"minecraft:walk_on_water_one_cm":14162,"minecraft:enchant_item":4,"minecraft:interact_with_furnace":81,"tombstone:raider_killed":3,"minecraft:traded_with_villager":1,"minecraft:play_one_minute":181496,"minecraft:time_since_rest":114896,"minecraft:damage_absorbed":134,"minecraft:damage_taken":2695,"minecraft:trigger_trapped_chest":4,"minecraft:damage_dealt":11902,"minecraft:swim_one_cm":7472,"minecraft:fly_one_cm":351161,"minecraft:open_chest":153,"minecraft:crouch_one_cm":23971,"tombstone:undead_killed":30,"minecraft:interact_with_smoker":2,"minecraft:fall_one_cm":27230,"minecraft:inspect_dispenser":1,"minecraft:horse_one_cm":2888},"minecraft:killed_by":{"iceandfire:cyclops":1,"minecraft:enderman":1,"iceandfire:sea_serpent":3},"minecraft:dropped":{"minecraft:gold_ore":4,"minecraft:bread":17,"minecraft:dark_oak_stairs":3,"minecraft:wheat_seeds":335,"minecraft:oak_log":36,"chisel:marble/raw":4,"minecraft:glass_bottle":1,"minecraft:diamond":13,"minecraft:oak_fence":6,"minecraft:cobblestone":95,"artifacts:universal_attractor":2,"minecraft:acacia_log":60,"minecraft:coal":36,"minecraft:gray_wool":3,"iceandfire:pixie_jar_empty":1,"minecraft:torch":2,"tombstone:grave_dust":5,"minecraft:iron_leggings":1,"minecraft:gold_nugget":3,"minecraft:iron_pickaxe":2,"minecraft:chipped_anvil":1,"minecraft:string":9,"minecraft:white_wool":2,"minecraft:dandelion":1,"minecraft:bone":2,"minecraft:furnace":1,"alexsmobs:acacia_blossom":4,"minecraft:stone_sword":2,"minecraft:rotten_flesh":19,"minecraft:iron_boots":1,"minecraft:oak_planks":24,"iceandfire:silver_ore":1,"evilcraft:poison_sac":3,"evilcraft:flesh_humanoid":1,"iceandfire:copper_ore":5,"minecraft:salmon":1,"minecraft:flint_and_steel":1,"minecraft:cobblestone_slab":2,"minecraft:stone":960,"minecraft:diamond_pickaxe":1,"minecraft:iron_chestplate":1,"evilcraft:ender_tear":1,"minecraft:acacia_sapling":32,"minecraft:oak_sapling":355,"minecraft:spruce_log":57,"minecraft:iron_ore":4,"minecraft:wooden_pickaxe":1,"iceandfire:manuscript":2},"minecraft:used":{"alexsmobs:emu_egg":1,"minecraft:acacia_log":67,"minecraft:stone_sword":53,"minecraft:flint_and_steel":24,"minecraft:chest":7,"minecraft:spruce_planks":2,"minecraft:torch":60,"minecraft:dirt":4,"minecraft:mutton":1,"minecraft:anvil":1,"minecraft:carrot":78,"iceandfire:myrmex_desert_resin_glass":1,"minecraft:wooden_axe":38,"minecraft:iron_axe":747,"evilcraft:box_of_eternal_closure":2,"minecraft:slime_spawn_egg":1,"minecraft:bow":5,"minecraft:furnace":1,"tombstone:gift":3,"minecraft:potato":102,"minecraft:acacia_planks":4,"minecraft:enchanted_golden_apple":1,"minecraft:spider_spawn_egg":1,"minecraft:wheat_seeds":25,"minecraft:acacia_boat":2,"minecraft:wooden_pickaxe":5,"minecraft:white_wool":1,"minecraft:crafting_table":3,"minecraft:purple_terracotta":2,"iceandfire:silver_axe":130,"minecraft:spruce_log":1219,"minecraft:oak_log":1141,"minecraft:diamond_pickaxe":437,"minecraft:bread":25,"minecraft:string":1,"minecraft:iron_pickaxe":247,"minecraft:spruce_sapling":167,"minecraft:diamond_sword":134,"minecraft:cobblestone":37,"minecraft:potion":1,"minecraft:bone_meal":45},"minecraft:broken":{"minecraft:iron_axe":8,"minecraft:iron_pickaxe":1,"minecraft:wooden_axe":1,"iceandfire:silver_axe":1},"minecraft:killed":{"minecraft:cave_spider":2,"minecraft:spider":17,"minecraft:slime":4,"minecraft:skeleton":8,"minecraft:drowned":1,"alexsmobs:centipede_head":1,"artifacts:mimic":1,"minecraft:creeper":2,"minecraft:pillager":3,"minecraft:zombie":21,"alexsmobs:gazelle":2,"minecraft:enderman":1,"minecraft:cow":1},"minecraft:picked_up":{"minecraft:crafting_table":1,"minecraft:iron_chestplate":1,"minecraft:wheat":22,"iceandfire:copper_ore":4,"minecraft:string":59,"evilcraft:ender_tear":1,"evilcraft:poison_sac":3,"minecraft:flint_and_steel":1,"minecraft:iron_leggings":1,"iceandfire:bestiary":1,"minecraft:gold_nugget":210,"minecraft:beef":1,"minecraft:cobblestone_slab":2,"minecraft:iron_pickaxe":4,"minecraft:chest":1,"minecraft:iron_boots":1,"minecraft:furnace":1,"minecraft:stick":270,"artifacts:universal_attractor":3,"minecraft:oak_fence":6,"minecraft:torch":9,"minecraft:acacia_log":74,"iceandfire:silver_ore":9,"tombstone:grave_dust":8,"minecraft:diorite":10,"minecraft:carrot":296,"minecraft:redstone":41,"minecraft:purple_terracotta":1,"minecraft:dark_oak_planks":1,"minecraft:stone_sword":1,"minecraft:arrow":8,"minecraft:rotten_flesh":40,"minecraft:hay_block":27,"alexsmobs:emu_egg":1,"minecraft:mutton":1,"minecraft:cod":1,"minecraft:white_wool":3,"minecraft:cobblestone":606,"minecraft:andesite":23,"minecraft:salmon":1,"alexsmobs:acacia_blossom":4,"iceandfire:myrmex_desert_resin_glass":1,"minecraft:potato":370,"minecraft:flint":1,"minecraft:oak_log":1529,"minecraft:acacia_boat":1,"minecraft:lapis_lazuli":22,"minecraft:dirt":6,"minecraft:bone":5,"minecraft:chipped_anvil":1,"minecraft:acacia_planks":17,"minecraft:apple":26,"iceandfire:pixie_jar_empty":1,"minecraft:bow":1,"minecraft:wheat_seeds":424,"minecraft:iron_ore":57,"minecraft:acacia_sapling":32,"minecraft:dark_oak_stairs":3,"iceandfire:copper_nugget":8,"chisel:marble/raw":4,"minecraft:dandelion":1,"minecraft:poisonous_potato":1,"minecraft:gravel":5,"minecraft:spruce_sapling":209,"minecraft:spruce_log":1276,"minecraft:gold_ore":9,"minecraft:spider_eye":31,"travelersbackpack:fox":2,"minecraft:slime_ball":2,"minecraft:diamond":39,"minecraft:granite":2,"minecraft:gray_wool":3,"minecraft:oak_sapling":419,"minecraft:coal":150},"minecraft:mined":{"minecraft:dark_oak_planks":2,"minecraft:diamond_ore":39,"minecraft:oak_sapling":36,"iceandfire:silver_ore":9,"iceandfire:copper_pile":1,"travelersbackpack:fox":1,"minecraft:granite":13,"minecraft:acacia_log":74,"minecraft:grass_block":2,"minecraft:spruce_leaves":41,"minecraft:spawner":3,"minecraft:hay_block":28,"minecraft:redstone_ore":9,"minecraft:spruce_sapling":22,"minecraft:furnace":1,"minecraft:carrots":93,"iceandfire:copper_ore":3,"minecraft:iron_ore":56,"minecraft:fire":4,"minecraft:andesite":21,"chisel:marble/raw":4,"minecraft:dark_oak_stairs":1,"minecraft:potatoes":102,"minecraft:vine":1,"iceandfire:gold_pile":18,"minecraft:cobblestone_slab":1,"minecraft:stone":367,"minecraft:white_wool":3,"minecraft:tripwire":1,"iceandfire:pixie_jar_empty":1,"minecraft:smoker":1,"minecraft:oak_fence":1,"iceandfire:myrmex_desert_resin_glass":1,"minecraft:crafting_table":1,"minecraft:torch":6,"minecraft:chest":1,"minecraft:tall_grass":5,"minecraft:cobblestone":4,"minecraft:lapis_ore":3,"minecraft:diorite":9,"minecraft:wall_torch":3,"minecraft:wheat":24,"minecraft:spruce_log":1285,"minecraft:tnt":1,"minecraft:grass":46,"minecraft:oak_log":1620,"minecraft:coal_ore":123,"minecraft:gravel":6,"minecraft:dirt":3,"minecraft:acacia_planks":4,"minecraft:gold_ore":9,"minecraft:chipped_anvil":1,"minecraft:oak_leaves":125},"minecraft:crafted":{"minecraft:furnace":1,"minecraft:stone":960,"minecraft:iron_boots":1,"minecraft:chest":2,"iceandfire:silver_axe":1,"minecraft:diamond_sword":1,"minecraft:spruce_planks":24,"minecraft:air":723,"minecraft:diamond_pickaxe":2,"minecraft:stick":4,"minecraft:iron_ingot":21,"minecraft:stone_sword":1,"minecraft:gold_ingot":23,"minecraft:iron_leggings":1}},"DataVersion":2586}