{"stats":{"minecraft:used":{"minecraft:stone_pickaxe":131,"minecraft:wooden_pickaxe":14,"minecraft:iron_sword":2,"minecraft:torch":2,"minecraft:dirt":17,"minecraft:crafting_table":6,"minecraft:blast_furnace":1,"minecraft:wooden_axe":22,"minecraft:diamond_pickaxe":340,"minecraft:iron_axe":1,"minecraft:oak_button":4,"minecraft:iron_pickaxe":250,"minecraft:cobblestone":1,"minecraft:oak_sapling":1,"minecraft:furnace":2,"alexsmobs:animal_dictionary":1},"minecraft:picked_up":{"minecraft:crafting_table":4,"iceandfire:copper_ore":2,"minecraft:andesite":21,"minecraft:flint":1,"minecraft:oak_log":31,"minecraft:lapis_lazuli":13,"minecraft:dirt":25,"minecraft:bone":1,"minecraft:iron_ingot":3,"minecraft:iron_ore":96,"minecraft:furnace":2,"minecraft:gravel":3,"iceandfire:silver_ore":10,"minecraft:blast_furnace":1,"minecraft:diorite":20,"minecraft:redstone":29,"minecraft:gold_ore":8,"alexsmobs:animal_dictionary":1,"minecraft:arrow":2,"minecraft:diamond":34,"minecraft:granite":13,"minecraft:oak_sapling":1,"minecraft:coal":102,"minecraft:cobblestone":434},"minecraft:mined":{"minecraft:diamond_ore":34,"iceandfire:silver_ore":10,"minecraft:crafting_table":4,"minecraft:granite":13,"minecraft:blast_furnace":1,"minecraft:grass_block":1,"minecraft:tall_grass":2,"minecraft:lapis_ore":2,"minecraft:diorite":20,"minecraft:redstone_ore":6,"minecraft:furnace":2,"iceandfire:copper_ore":2,"minecraft:iron_ore":96,"minecraft:andesite":21,"minecraft:birch_leaves":1,"minecraft:grass":1,"minecraft:oak_log":30,"minecraft:coal_ore":75,"minecraft:gravel":4,"minecraft:dirt":13,"minecraft:stone":435,"minecraft:gold_ore":8,"minecraft:oak_leaves":4},"minecraft:crafted":{"minecraft:wooden_sword":1,"minecraft:smooth_stone":3,"minecraft:oak_planks":124,"minecraft:crafting_table":4,"minecraft:wooden_pickaxe":2,"minecraft:iron_sword":1,"minecraft:furnace":3,"minecraft:blast_furnace":1,"minecraft:stone":7,"minecraft:air":0,"minecraft:iron_boots":1,"minecraft:iron_chestplate":1,"minecraft:diamond_pickaxe":1,"minecraft:iron_axe":1,"minecraft:stick":24,"minecraft:oak_stairs":4,"minecraft:iron_ingot":38,"minecraft:iron_pickaxe":1,"minecraft:stone_pickaxe":1,"minecraft:wooden_axe":2,"minecraft:iron_leggings":1,"minecraft:oak_button":4,"minecraft:torch":12},"minecraft:custom":{"minecraft:interact_with_furnace":22,"minecraft:mob_kills":3,"minecraft:interact_with_crafting_table":17,"minecraft:play_one_minute":62510,"minecraft:leave_game":2,"minecraft:time_since_death":40771,"minecraft:time_since_rest":40807,"minecraft:sprint_one_cm":26098,"minecraft:damage_taken":552,"minecraft:walk_one_cm":62965,"minecraft:drop":2,"minecraft:damage_dealt":383,"minecraft:swim_one_cm":7308,"minecraft:fly_one_cm":41949,"minecraft:crouch_one_cm":7194,"minecraft:deaths":2,"minecraft:sneak_time":3521,"minecraft:walk_under_water_one_cm":1048,"minecraft:jump":257,"minecraft:interact_with_blast_furnace":4,"minecraft:walk_on_water_one_cm":2933,"minecraft:fall_one_cm":7566},"minecraft:killed_by":{"minecraft:skeleton":1,"minecraft:creeper":1},"minecraft:killed":{"minecraft:spider":1,"minecraft:skeleton":1,"alexsmobs:fly":1},"minecraft:dropped":{"alexsmobs:animal_dictionary":1,"minecraft:oak_stairs":4},"minecraft:broken":{"minecraft:stone_pickaxe":1,"minecraft:iron_pickaxe":1}},"DataVersion":2586}