{"stats":{"minecraft:crafted":{"minecraft:furnace":1,"minecraft:stone":960,"minecraft:iron_boots":1,"minecraft:chest":2,"iceandfire:silver_axe":1,"minecraft:diamond_sword":1,"minecraft:spruce_planks":24,"minecraft:air":733,"minecraft:diamond_pickaxe":2,"minecraft:stick":4,"minecraft:iron_ingot":21,"minecraft:stone_sword":1,"minecraft:gold_ingot":23,"minecraft:iron_leggings":1},"minecraft:used":{"minecraft:acacia_log":67,"minecraft:stone_sword":53,"minecraft:flint_and_steel":24,"minecraft:chest":7,"minecraft:spruce_planks":2,"minecraft:torch":122,"minecraft:dirt":4,"minecraft:mutton":1,"minecraft:anvil":2,"minecraft:carrot":78,"iceandfire:myrmex_desert_resin_glass":1,"minecraft:wooden_axe":38,"minecraft:iron_axe":747,"evilcraft:box_of_eternal_closure":2,"minecraft:slime_spawn_egg":1,"minecraft:bow":8,"minecraft:furnace":1,"tombstone:gift":3,"minecraft:enchanted_golden_apple":1,"minecraft:potato":102,"minecraft:acacia_planks":4,"minecraft:spider_spawn_egg":1,"minecraft:wheat_seeds":25,"minecraft:acacia_boat":2,"minecraft:wooden_pickaxe":5,"minecraft:diamond_axe":1,"minecraft:white_wool":1,"minecraft:crafting_table":3,"minecraft:crossbow":1,"minecraft:purple_terracotta":2,"iceandfire:silver_axe":130,"minecraft:spruce_log":1300,"minecraft:oak_log":1141,"minecraft:diamond_pickaxe":1469,"minecraft:bread":35,"minecraft:string":1,"minecraft:iron_pickaxe":247,"minecraft:spruce_sapling":167,"minecraft:diamond_sword":201,"minecraft:cobblestone":86,"minecraft:potion":1,"minecraft:bone_meal":45,"alexsmobs:emu_egg":1},"minecraft:dropped":{"iceandfire:chared_stone":9,"minecraft:gold_ore":4,"minecraft:bread":17,"minecraft:dark_oak_stairs":3,"minecraft:wheat_seeds":335,"minecraft:oak_log":36,"chisel:marble/raw":4,"minecraft:glass_bottle":1,"minecraft:diamond":135,"minecraft:oak_fence":6,"minecraft:cobblestone":295,"minecraft:granite":7,"minecraft:cracked_stone_bricks":1,"artifacts:universal_attractor":2,"minecraft:acacia_log":60,"minecraft:coal":36,"minecraft:flint":1,"minecraft:dirt":13,"minecraft:gray_wool":3,"minecraft:diorite":1,"iceandfire:pixie_jar_empty":1,"minecraft:torch":3,"tombstone:grave_dust":7,"minecraft:iron_leggings":1,"minecraft:gold_nugget":3,"minecraft:iron_pickaxe":2,"minecraft:chipped_anvil":1,"minecraft:string":81,"minecraft:white_wool":2,"minecraft:redstone":40,"minecraft:dandelion":1,"minecraft:bone":2,"minecraft:furnace":1,"alexsmobs:acacia_blossom":4,"minecraft:stone_sword":2,"tombstone:gift":1,"minecraft:rotten_flesh":58,"minecraft:iron_boots":1,"minecraft:oak_planks":24,"iceandfire:silver_ore":1,"evilcraft:poison_sac":3,"minecraft:salmon":1,"evilcraft:flesh_humanoid":1,"iceandfire:copper_ore":5,"minecraft:flint_and_steel":1,"minecraft:potato":1,"minecraft:cobblestone_slab":2,"minecraft:stone":960,"iceandfire:chared_cobblestone":13,"minecraft:iron_chestplate":1,"minecraft:diamond_pickaxe":1,"evilcraft:ender_tear":1,"minecraft:andesite":7,"minecraft:acacia_sapling":32,"minecraft:oak_sapling":355,"minecraft:stone_bricks":1,"minecraft:diamond_boots":1,"minecraft:spruce_log":57,"minecraft:iron_ore":4,"minecraft:wooden_pickaxe":1,"iceandfire:manuscript":2},"minecraft:killed_by":{"iceandfire:cyclops":1,"minecraft:pillager":1,"minecraft:enderman":1,"iceandfire:sea_serpent":3},"minecraft:killed":{"minecraft:cave_spider":21,"minecraft:spider":17,"minecraft:slime":4,"minecraft:skeleton":10,"minecraft:silverfish":2,"alexsmobs:centipede_head":1,"minecraft:drowned":1,"artifacts:mimic":3,"minecraft:creeper":2,"minecraft:pillager":3,"minecraft:zombie":26,"alexsmobs:gazelle":2,"minecraft:enderman":1,"minecraft:cow":1},"minecraft:mined":{"minecraft:dark_oak_planks":2,"minecraft:diamond_ore":92,"minecraft:oak_sapling":36,"iceandfire:silver_ore":19,"minecraft:mossy_cobblestone":5,"iceandfire:copper_pile":1,"travelersbackpack:fox":2,"minecraft:granite":37,"minecraft:acacia_log":74,"minecraft:grass_block":2,"minecraft:spruce_leaves":41,"minecraft:spawner":10,"minecraft:hay_block":28,"minecraft:redstone_ore":24,"minecraft:carrots":93,"minecraft:spruce_sapling":22,"minecraft:furnace":1,"iceandfire:copper_ore":5,"minecraft:iron_ore":87,"minecraft:fire":4,"minecraft:andesite":38,"chisel:marble/raw":15,"minecraft:fletching_table":2,"minecraft:dark_oak_stairs":1,"minecraft:potatoes":102,"minecraft:vine":5,"iceandfire:gold_pile":18,"minecraft:cobblestone_slab":1,"minecraft:stone":1092,"minecraft:white_wool":3,"iceandfire:chared_cobblestone":13,"minecraft:tripwire":1,"iceandfire:pixie_jar_empty":1,"minecraft:smoker":1,"minecraft:oak_fence":1,"iceandfire:myrmex_desert_resin_glass":1,"minecraft:crafting_table":1,"minecraft:torch":7,"minecraft:emerald_ore":3,"minecraft:chest":1,"minecraft:tall_grass":5,"minecraft:cobblestone":9,"minecraft:lapis_ore":3,"minecraft:diorite":32,"minecraft:wall_torch":6,"minecraft:wheat":24,"minecraft:spruce_log":1366,"minecraft:tnt":1,"minecraft:red_wall_banner":1,"minecraft:grass":46,"minecraft:coal_ore":167,"minecraft:oak_log":1620,"minecraft:gravel":20,"minecraft:dirt":31,"minecraft:lodestone":1,"minecraft:cracked_stone_bricks":2,"minecraft:acacia_planks":4,"minecraft:stone_bricks":3,"minecraft:gold_ore":15,"minecraft:chipped_anvil":1,"minecraft:oak_leaves":125,"minecraft:infested_stone":2,"iceandfire:chared_stone":9},"minecraft:broken":{"minecraft:iron_axe":8,"minecraft:iron_pickaxe":1,"minecraft:wooden_axe":1,"iceandfire:silver_axe":1},"minecraft:custom":{"minecraft:interact_with_anvil":1,"minecraft:mob_kills":96,"minecraft:interact_with_crafting_table":20,"minecraft:open_barrel":5,"minecraft:leave_game":3,"minecraft:time_since_death":16215,"minecraft:climb_one_cm":1332,"minecraft:sprint_one_cm":281130,"minecraft:walk_one_cm":480239,"minecraft:drop":139,"minecraft:talked_to_villager":10,"minecraft:sneak_time":13317,"minecraft:deaths":6,"minecraft:walk_under_water_one_cm":16048,"minecraft:boat_one_cm":41074,"minecraft:jump":1880,"minecraft:interact_with_blast_furnace":3,"minecraft:walk_on_water_one_cm":38040,"minecraft:enchant_item":4,"minecraft:interact_with_furnace":81,"tombstone:raider_killed":3,"minecraft:traded_with_villager":1,"minecraft:play_one_minute":226186,"minecraft:time_since_rest":14454,"minecraft:damage_absorbed":134,"minecraft:damage_taken":3441,"minecraft:trigger_trapped_chest":4,"minecraft:damage_dealt":17211,"minecraft:swim_one_cm":14771,"minecraft:fly_one_cm":396370,"minecraft:open_chest":183,"minecraft:crouch_one_cm":35612,"tombstone:undead_killed":37,"minecraft:interact_with_smoker":2,"minecraft:fall_one_cm":31915,"minecraft:inspect_dispenser":1,"minecraft:horse_one_cm":13474},"minecraft:picked_up":{"minecraft:iron_chestplate":1,"minecraft:crafting_table":1,"minecraft:wheat":22,"iceandfire:copper_ore":6,"minecraft:string":154,"evilcraft:ender_tear":1,"evilcraft:poison_sac":3,"minecraft:flint_and_steel":1,"minecraft:iron_leggings":1,"minecraft:cracked_stone_bricks":3,"iceandfire:bestiary":1,"minecraft:gold_nugget":210,"minecraft:beef":1,"minecraft:cobblestone_slab":2,"minecraft:iron_pickaxe":4,"minecraft:chest":1,"minecraft:iron_boots":1,"minecraft:furnace":1,"minecraft:stick":276,"artifacts:universal_attractor":3,"minecraft:oak_fence":6,"minecraft:torch":18,"minecraft:acacia_log":74,"iceandfire:silver_ore":19,"tombstone:grave_dust":8,"minecraft:diorite":11,"minecraft:carrot":296,"minecraft:redstone":98,"minecraft:purple_terracotta":1,"minecraft:dark_oak_planks":1,"minecraft:stone_sword":1,"minecraft:arrow":18,"minecraft:rotten_flesh":61,"minecraft:hay_block":27,"alexsmobs:emu_egg":1,"minecraft:mutton":1,"minecraft:cod":1,"minecraft:white_wool":3,"minecraft:cobblestone":1131,"minecraft:andesite":33,"minecraft:salmon":1,"alexsmobs:acacia_blossom":4,"iceandfire:myrmex_desert_resin_glass":1,"minecraft:potato":370,"minecraft:flint":2,"minecraft:oak_log":1529,"minecraft:acacia_boat":1,"minecraft:lapis_lazuli":22,"minecraft:dirt":19,"tombstone:gift":1,"minecraft:bone":8,"minecraft:chipped_anvil":1,"minecraft:acacia_planks":17,"minecraft:apple":26,"minecraft:stone_bricks":1,"iceandfire:pixie_jar_empty":1,"minecraft:bow":1,"minecraft:wheat_seeds":424,"minecraft:iron_ore":88,"minecraft:fletching_table":1,"artifacts:steadfast_spikes":1,"minecraft:acacia_sapling":32,"minecraft:dark_oak_stairs":3,"iceandfire:chared_stone":9,"iceandfire:copper_nugget":8,"chisel:marble/raw":4,"minecraft:dandelion":1,"minecraft:poisonous_potato":1,"minecraft:gravel":18,"minecraft:red_banner":1,"minecraft:spruce_sapling":217,"minecraft:spruce_log":1352,"minecraft:gold_ore":15,"minecraft:spider_eye":43,"iceandfire:chared_cobblestone":13,"artifacts:plastic_drinking_hat":1,"travelersbackpack:fox":3,"minecraft:slime_ball":2,"minecraft:diamond":213,"minecraft:granite":9,"minecraft:gray_wool":3,"minecraft:emerald":3,"minecraft:lodestone":1,"tombstone:magic_scroll":1,"minecraft:oak_sapling":419,"minecraft:coal":192}},"DataVersion":2586}