{"stats":{"minecraft:crafted":{"minecraft:stone":960,"minecraft:iron_boots":1,"minecraft:chest":2,"iceandfire:silver_axe":1,"minecraft:diamond_axe":1,"minecraft:spruce_planks":24,"minecraft:diamond_pickaxe":2,"minecraft:stick":4,"minecraft:iron_ingot":39,"minecraft:stone_sword":1,"minecraft:gold_ingot":60,"minecraft:furnace":1,"minecraft:netherite_scrap":34,"minecraft:golden_helmet":1,"iceandfire:copper_ingot":2,"minecraft:diamond_sword":1,"minecraft:air":1049,"minecraft:iron_leggings":1},"minecraft:used":{"minecraft:chest":7,"minecraft:soul_sand":6,"minecraft:mutton":1,"minecraft:carrot":157,"minecraft:obsidian":14,"minecraft:slime_spawn_egg":1,"minecraft:bow":41,"minecraft:furnace":1,"minecraft:potato":102,"minecraft:spider_spawn_egg":1,"minecraft:wooden_pickaxe":5,"minecraft:diamond_axe":75,"minecraft:white_wool":1,"minecraft:sand":1,"minecraft:crossbow":1,"minecraft:purple_terracotta":2,"iceandfire:silver_axe":130,"minecraft:creeper_spawn_egg":1,"minecraft:bread":38,"minecraft:string":1,"minecraft:diamond_sword":273,"minecraft:bone_meal":45,"minecraft:stone_sword":53,"minecraft:acacia_log":67,"minecraft:flint_and_steel":25,"minecraft:spruce_planks":2,"minecraft:netherrack":35,"minecraft:torch":163,"minecraft:dirt":28,"minecraft:anvil":2,"minecraft:spruce_fence":2,"iceandfire:myrmex_desert_resin_glass":1,"minecraft:wooden_axe":38,"minecraft:iron_axe":747,"evilcraft:box_of_eternal_closure":2,"minecraft:golden_carrot":9,"tombstone:gift":3,"minecraft:acacia_planks":4,"minecraft:enchanted_golden_apple":1,"minecraft:wheat_seeds":25,"minecraft:acacia_boat":2,"minecraft:fletching_table":1,"minecraft:crafting_table":3,"minecraft:spruce_log":3355,"minecraft:oak_log":1141,"minecraft:diamond_pickaxe":4021,"minecraft:iron_pickaxe":496,"minecraft:spruce_sapling":339,"minecraft:cobblestone":86,"minecraft:potion":1,"minecraft:bucket":1,"alexsmobs:emu_egg":1},"minecraft:dropped":{"iceandfire:chared_stone":9,"minecraft:gold_ore":4,"minecraft:dark_oak_stairs":3,"minecraft:oak_log":36,"chisel:marble/raw":4,"minecraft:glass_bottle":1,"minecraft:diamond":135,"minecraft:iron_horse_armor":1,"minecraft:cracked_stone_bricks":1,"artifacts:universal_attractor":2,"minecraft:flint":1,"minecraft:dirt":17,"iceandfire:pixie_jar_empty":1,"minecraft:crimson_roots":1,"minecraft:gold_nugget":6,"minecraft:iron_pickaxe":2,"minecraft:white_wool":2,"minecraft:gold_ingot":17,"minecraft:bone":2,"minecraft:white_tulip":3,"minecraft:blackstone":152,"minecraft:nether_brick":14,"tombstone:gift":1,"minecraft:rotten_flesh":60,"minecraft:oak_planks":24,"evilcraft:poison_sac":3,"iceandfire:copper_ore":5,"evilcraft:flesh_humanoid":1,"minecraft:salmon":1,"minecraft:acacia_sapling":32,"minecraft:iron_ore":4,"minecraft:netherrack":1308,"iceandfire:manuscript":2,"minecraft:bread":17,"minecraft:wheat_seeds":336,"minecraft:oak_fence":6,"minecraft:cobblestone":295,"minecraft:granite":7,"minecraft:acacia_log":60,"minecraft:coal":36,"minecraft:gray_wool":3,"minecraft:diorite":1,"minecraft:torch":3,"minecraft:nether_wart_block":1,"minecraft:rose_bush":2,"tombstone:grave_dust":7,"minecraft:iron_leggings":1,"minecraft:chipped_anvil":1,"minecraft:string":81,"minecraft:spruce_sapling":89,"minecraft:dandelion":1,"minecraft:redstone":40,"minecraft:pink_tulip":3,"minecraft:furnace":1,"alexsmobs:acacia_blossom":4,"minecraft:stone_sword":2,"iceandfire:silver_ore":1,"minecraft:iron_boots":1,"minecraft:flint_and_steel":1,"minecraft:cobblestone_slab":2,"minecraft:potato":1,"minecraft:stone":960,"iceandfire:chared_cobblestone":13,"minecraft:spruce_planks":2,"evilcraft:ender_tear":1,"minecraft:diamond_pickaxe":1,"minecraft:iron_chestplate":1,"minecraft:andesite":7,"minecraft:oak_sapling":355,"minecraft:stone_bricks":1,"minecraft:diamond_boots":1,"minecraft:spruce_log":57,"minecraft:wooden_pickaxe":1,"minecraft:red_tulip":3,"minecraft:magma_block":16},"minecraft:killed_by":{"iceandfire:cyclops":1,"minecraft:pillager":1,"iceandfire:sea_serpent":3,"minecraft:husk":1,"minecraft:enderman":1},"minecraft:killed":{"minecraft:cave_spider":21,"minecraft:spider":17,"minecraft:skeleton":11,"minecraft:silverfish":2,"alexsmobs:centipede_head":1,"artifacts:mimic":3,"minecraft:piglin":2,"minecraft:creeper":2,"alexsmobs:crimson_mosquito":17,"minecraft:pillager":3,"minecraft:zombie":26,"minecraft:cow":1,"minecraft:slime":4,"minecraft:drowned":1,"minecraft:husk":2,"minecraft:hoglin":2,"alexsmobs:gazelle":2,"minecraft:enderman":1},"minecraft:mined":{"minecraft:dark_oak_planks":2,"minecraft:spruce_planks":1,"minecraft:oak_sapling":36,"iceandfire:copper_pile":1,"minecraft:granite":37,"minecraft:acacia_log":74,"minecraft:grass_block":8,"minecraft:spawner":10,"minecraft:magma_block":16,"minecraft:glowstone":10,"minecraft:iron_ore":87,"minecraft:fire":4,"minecraft:fletching_table":2,"minecraft:dark_oak_stairs":1,"minecraft:red_tulip":4,"iceandfire:gold_pile":29,"minecraft:pink_tulip":3,"minecraft:tripwire":1,"iceandfire:chared_cobblestone":13,"minecraft:blackstone":100,"minecraft:smoker":1,"minecraft:crimson_nylium":19,"iceandfire:myrmex_desert_resin_glass":1,"minecraft:torch":7,"minecraft:chest":1,"minecraft:nether_quartz_ore":392,"minecraft:cobblestone":9,"minecraft:wall_torch":7,"minecraft:nether_wart_block":1,"minecraft:wheat":24,"minecraft:tnt":1,"minecraft:grass":53,"minecraft:oak_log":1620,"minecraft:sand":1,"minecraft:dirt":32,"minecraft:netherrack":2149,"minecraft:ancient_debris":35,"minecraft:oak_leaves":125,"iceandfire:chared_stone":9,"minecraft:nether_gold_ore":81,"minecraft:diamond_ore":92,"iceandfire:silver_ore":19,"minecraft:mossy_cobblestone":5,"travelersbackpack:fox":3,"minecraft:spruce_leaves":55,"minecraft:hay_block":28,"minecraft:redstone_ore":24,"minecraft:spruce_sapling":30,"minecraft:furnace":1,"minecraft:carrots":169,"iceandfire:copper_ore":5,"minecraft:andesite":38,"chisel:marble/raw":15,"minecraft:potatoes":102,"minecraft:cobblestone_slab":1,"minecraft:vine":5,"minecraft:white_tulip":3,"minecraft:stone":1092,"minecraft:white_wool":3,"iceandfire:pixie_jar_empty":1,"minecraft:oak_fence":1,"minecraft:crafting_table":1,"minecraft:emerald_ore":5,"minecraft:rose_bush":2,"minecraft:tall_grass":6,"minecraft:lapis_ore":3,"minecraft:diorite":32,"minecraft:spruce_log":3452,"minecraft:red_wall_banner":1,"minecraft:coal_ore":167,"minecraft:gravel":24,"minecraft:lodestone":1,"minecraft:cracked_stone_bricks":2,"minecraft:acacia_planks":4,"minecraft:stone_bricks":3,"minecraft:chipped_anvil":1,"minecraft:gold_ore":15,"minecraft:infested_stone":2},"minecraft:broken":{"minecraft:diamond_pickaxe":2,"minecraft:wooden_axe":1,"minecraft:diamond_axe":1,"minecraft:iron_axe":8,"minecraft:iron_pickaxe":2,"iceandfire:silver_axe":1},"minecraft:custom":{"minecraft:interact_with_crafting_table":25,"minecraft:open_barrel":5,"minecraft:leave_game":3,"minecraft:time_since_death":1372,"minecraft:sprint_one_cm":467963,"minecraft:drop":205,"minecraft:talked_to_villager":10,"minecraft:deaths":7,"minecraft:jump":2870,"minecraft:walk_on_water_one_cm":39162,"minecraft:enchant_item":4,"minecraft:interact_with_furnace":82,"minecraft:traded_with_villager":1,"minecraft:play_one_minute":316186,"minecraft:damage_dealt":20705,"minecraft:player_kills":1,"minecraft:crouch_one_cm":51653,"tombstone:undead_killed":40,"minecraft:interact_with_smoker":4,"minecraft:inspect_dispenser":1,"minecraft:horse_one_cm":13474,"minecraft:mob_kills":121,"minecraft:interact_with_anvil":1,"minecraft:climb_one_cm":1351,"minecraft:walk_one_cm":738493,"minecraft:sneak_time":18968,"minecraft:walk_under_water_one_cm":16651,"minecraft:boat_one_cm":41074,"minecraft:interact_with_blast_furnace":26,"tombstone:raider_killed":3,"minecraft:interact_with_stonecutter":1,"minecraft:time_since_rest":1158,"minecraft:damage_taken":4281,"minecraft:damage_absorbed":134,"minecraft:trigger_trapped_chest":4,"minecraft:swim_one_cm":16522,"minecraft:fly_one_cm":628638,"minecraft:open_chest":230,"minecraft:fall_one_cm":55484},"minecraft:picked_up":{"minecraft:iron_chestplate":1,"minecraft:wheat":22,"iceandfire:copper_ore":6,"minecraft:lead":3,"minecraft:diamond_sword":1,"minecraft:nether_brick":14,"minecraft:string":154,"evilcraft:ender_tear":1,"minecraft:iron_leggings":1,"alexsmobs:blood_sac":8,"minecraft:gold_nugget":579,"minecraft:spruce_planks":2,"minecraft:white_tulip":3,"minecraft:rose_bush":2,"minecraft:cobblestone_slab":2,"minecraft:iron_pickaxe":4,"minecraft:furnace":1,"minecraft:iron_boots":1,"artifacts:universal_attractor":3,"minecraft:stick":427,"minecraft:oak_fence":6,"minecraft:torch":20,"minecraft:acacia_log":74,"iceandfire:silver_ore":19,"minecraft:porkchop":9,"tombstone:grave_dust":8,"minecraft:diorite":11,"minecraft:stone_sword":1,"minecraft:rotten_flesh":70,"minecraft:red_tulip":3,"alexsmobs:emu_egg":1,"minecraft:cod":1,"minecraft:obsidian":1,"minecraft:cobblestone":1131,"minecraft:magma_block":16,"minecraft:andesite":33,"minecraft:potato":370,"minecraft:flint":2,"minecraft:acacia_boat":1,"minecraft:lapis_lazuli":22,"minecraft:dirt":47,"minecraft:bone":8,"minecraft:chipped_anvil":1,"minecraft:acacia_planks":17,"minecraft:bow":1,"minecraft:wheat_seeds":426,"minecraft:fletching_table":1,"minecraft:glowstone_dust":22,"minecraft:poisonous_potato":1,"minecraft:sand":1,"minecraft:spectral_arrow":14,"iceandfire:chared_cobblestone":13,"artifacts:plastic_drinking_hat":1,"minecraft:diamond":213,"minecraft:granite":9,"minecraft:emerald":5,"minecraft:oak_sapling":419,"minecraft:netherrack":1453,"minecraft:crimson_roots":1,"minecraft:crafting_table":1,"minecraft:flint_and_steel":1,"evilcraft:poison_sac":3,"minecraft:blackstone":152,"iceandfire:bestiary":1,"minecraft:cracked_stone_bricks":3,"minecraft:beef":1,"minecraft:chest":1,"minecraft:spruce_fence":2,"minecraft:carrot":575,"minecraft:redstone":98,"minecraft:purple_terracotta":1,"minecraft:dark_oak_planks":1,"minecraft:arrow":18,"minecraft:hay_block":27,"minecraft:pink_tulip":3,"minecraft:gold_ingot":6,"minecraft:mutton":1,"minecraft:white_wool":3,"minecraft:salmon":1,"minecraft:leather":11,"alexsmobs:acacia_blossom":4,"iceandfire:myrmex_desert_resin_glass":1,"minecraft:oak_log":1529,"minecraft:ancient_debris":34,"minecraft:nether_wart_block":1,"alexsmobs:mosquito_proboscis":2,"tombstone:gift":1,"minecraft:apple":26,"minecraft:stone_bricks":1,"iceandfire:pixie_jar_empty":1,"minecraft:iron_ore":88,"artifacts:steadfast_spikes":1,"minecraft:acacia_sapling":32,"minecraft:soul_sand":6,"minecraft:dark_oak_stairs":3,"iceandfire:chared_stone":9,"iceandfire:copper_nugget":16,"chisel:marble/raw":4,"minecraft:quartz":71,"minecraft:dandelion":1,"minecraft:gravel":18,"minecraft:spruce_sapling":470,"minecraft:red_banner":1,"minecraft:spruce_log":3441,"minecraft:gold_ore":15,"minecraft:spider_eye":43,"travelersbackpack:fox":4,"minecraft:slime_ball":2,"minecraft:gray_wool":3,"minecraft:lodestone":1,"tombstone:magic_scroll":1,"minecraft:coal":192}},"DataVersion":2586}