{"stats":{"minecraft:killed":{"minecraft:cave_spider":21,"minecraft:witch":2,"minecraft:spider":22,"minecraft:skeleton":40,"minecraft:silverfish":4,"alexsmobs:centipede_head":1,"alexsmobs:kangaroo":1,"artifacts:mimic":5,"minecraft:piglin":2,"alexsmobs:grizzly_bear":1,"alexsmobs:seal":2,"minecraft:creeper":2,"alexsmobs:crimson_mosquito":17,"minecraft:sheep":1,"minecraft:pillager":3,"minecraft:zombie":46,"minecraft:cow":1,"alexsmobs:raccoon":5,"minecraft:slime":4,"alexsmobs:rattlesnake":2,"minecraft:phantom":7,"iceandfire:siren":1,"minecraft:drowned":1,"minecraft:husk":2,"minecraft:hoglin":2,"alexsmobs:gazelle":3,"minecraft:enderman":1},"minecraft:mined":{"minecraft:dark_oak_planks":2,"minecraft:spruce_planks":1,"minecraft:oak_sapling":36,"iceandfire:copper_pile":1,"minecraft:cobblestone_stairs":1,"minecraft:granite":55,"minecraft:acacia_log":74,"minecraft:grass_block":46,"minecraft:spawner":18,"minecraft:magma_block":16,"minecraft:glowstone":10,"minecraft:mossy_cobblestone_stairs":1,"minecraft:iron_ore":87,"minecraft:fire":8,"minecraft:fletching_table":2,"minecraft:dark_oak_stairs":1,"minecraft:red_tulip":4,"iceandfire:gold_pile":38,"minecraft:pink_tulip":3,"minecraft:tripwire":1,"iceandfire:chared_cobblestone":13,"minecraft:cut_sandstone":3,"minecraft:blackstone":100,"minecraft:smoker":1,"minecraft:crimson_nylium":19,"minecraft:orange_terracotta":2,"minecraft:yellow_banner":2,"iceandfire:myrmex_desert_resin_glass":1,"minecraft:torch":11,"minecraft:chest":2,"minecraft:nether_quartz_ore":392,"minecraft:cobblestone":15,"minecraft:damaged_anvil":1,"minecraft:oak_planks":5,"minecraft:wall_torch":13,"minecraft:spruce_sign":1,"minecraft:nether_wart_block":1,"minecraft:wheat":24,"minecraft:tnt":7,"minecraft:grass":124,"minecraft:oak_log":1636,"minecraft:sand":1,"minecraft:dirt":35,"minecraft:netherrack":2149,"minecraft:ancient_debris":35,"chisel:stone_bricks/tiles_large":17,"minecraft:oak_leaves":131,"iceandfire:chared_stone":9,"minecraft:nether_gold_ore":81,"minecraft:diamond_ore":96,"minecraft:crying_obsidian":1,"minecraft:yellow_wall_banner":8,"iceandfire:silver_ore":19,"minecraft:mossy_cobblestone":5,"travelersbackpack:fox":4,"evilcraft:environmental_accumulator":1,"minecraft:spruce_leaves":55,"minecraft:sandstone":17,"minecraft:hay_block":52,"minecraft:redstone_ore":25,"minecraft:spruce_sapling":30,"minecraft:furnace":1,"minecraft:carrots":169,"iceandfire:copper_ore":5,"minecraft:andesite":64,"chisel:marble/raw":19,"minecraft:gold_block":1,"minecraft:potatoes":102,"minecraft:cobblestone_slab":1,"minecraft:vine":11,"minecraft:stone":1318,"minecraft:white_tulip":3,"minecraft:white_wool":3,"iceandfire:pixie_jar_empty":1,"minecraft:glass_pane":2,"minecraft:stone_brick_slab":7,"minecraft:polished_granite":1,"minecraft:oak_fence":1,"minecraft:crafting_table":1,"minecraft:emerald_ore":11,"minecraft:rose_bush":3,"minecraft:andesite_slab":1,"minecraft:lectern":3,"minecraft:campfire":12,"minecraft:stone_slab":1,"minecraft:tall_grass":11,"minecraft:lapis_ore":3,"minecraft:diorite":33,"minecraft:red_terracotta":3,"minecraft:spruce_log":3452,"minecraft:red_wall_banner":1,"minecraft:coal_ore":226,"minecraft:gravel":24,"minecraft:lodestone":1,"minecraft:cracked_stone_bricks":2,"minecraft:terracotta":3,"minecraft:acacia_planks":4,"minecraft:stone_bricks":104,"minecraft:chipped_anvil":1,"minecraft:gold_ore":15,"minecraft:infested_stone":10},"minecraft:custom":{"minecraft:interact_with_crafting_table":25,"minecraft:open_barrel":27,"minecraft:eat_cake_slice":4,"minecraft:leave_game":7,"minecraft:time_since_death":141050,"minecraft:sprint_one_cm":837397,"minecraft:damage_blocked_by_shield":280,"minecraft:drop":294,"minecraft:talked_to_villager":14,"minecraft:deaths":12,"minecraft:jump":6562,"minecraft:walk_on_water_one_cm":63748,"minecraft:enchant_item":4,"minecraft:interact_with_furnace":122,"minecraft:traded_with_villager":1,"minecraft:play_one_minute":493565,"minecraft:sleep_in_bed":1,"minecraft:damage_dealt":40748,"minecraft:player_kills":1,"minecraft:crouch_one_cm":103258,"tombstone:undead_killed":96,"minecraft:interact_with_smoker":4,"minecraft:inspect_dispenser":1,"minecraft:horse_one_cm":13474,"minecraft:interact_with_anvil":2,"minecraft:mob_kills":209,"minecraft:climb_one_cm":17720,"minecraft:walk_one_cm":1140528,"minecraft:damage_dealt_absorbed":283,"minecraft:sneak_time":33577,"minecraft:walk_under_water_one_cm":31071,"minecraft:boat_one_cm":41074,"minecraft:interact_with_blast_furnace":28,"tombstone:raider_killed":12,"minecraft:interact_with_stonecutter":1,"minecraft:time_since_rest":94309,"minecraft:damage_absorbed":550,"minecraft:damage_taken":9105,"minecraft:trigger_trapped_chest":4,"tombstone:cast_on_ally":0,"minecraft:swim_one_cm":50433,"minecraft:fly_one_cm":1185947,"minecraft:open_chest":326,"minecraft:fall_one_cm":130468},"minecraft:used":{"minecraft:iron_shovel":40,"minecraft:dispenser":1,"minecraft:chest":7,"minecraft:shield":7,"minecraft:zombie_spawn_egg":1,"minecraft:soul_sand":6,"minecraft:mutton":1,"minecraft:skeleton_spawn_egg":1,"minecraft:carrot":157,"minecraft:obsidian":15,"minecraft:milk_bucket":4,"chisel:stone_bricks/tiles_large":73,"minecraft:stone_bricks":866,"minecraft:slime_spawn_egg":1,"carryon:tile_item":1,"minecraft:bow":81,"minecraft:hay_block":2,"minecraft:furnace":1,"minecraft:potato":102,"minecraft:spider_spawn_egg":1,"minecraft:oak_planks":50,"minecraft:ender_pearl":3,"minecraft:wooden_pickaxe":5,"minecraft:sandstone":15,"tombstone:scroll_of_true_sight":1,"minecraft:diamond_axe":123,"minecraft:white_wool":1,"minecraft:golden_apple":8,"minecraft:sand":1,"minecraft:crossbow":2,"iceandfire:silver_axe":130,"minecraft:purple_terracotta":2,"minecraft:creeper_spawn_egg":1,"minecraft:string":1,"minecraft:bread":57,"minecraft:lectern":2,"minecraft:diamond_sword":685,"minecraft:bone_meal":45,"minecraft:experience_bottle":1,"minecraft:stone_sword":53,"minecraft:acacia_log":67,"minecraft:flint_and_steel":25,"minecraft:spruce_planks":2,"minecraft:netherrack":35,"minecraft:torch":301,"minecraft:dirt":29,"minecraft:anvil":3,"minecraft:spruce_fence":2,"iceandfire:myrmex_desert_resin_glass":1,"minecraft:stone_brick_slab":13,"minecraft:wooden_axe":38,"minecraft:iron_axe":747,"evilcraft:box_of_eternal_closure":2,"minecraft:golden_carrot":33,"tombstone:gift":5,"minecraft:orange_terracotta":1,"minecraft:acacia_planks":4,"minecraft:enchanted_golden_apple":1,"minecraft:wheat_seeds":25,"minecraft:yellow_banner":9,"minecraft:acacia_boat":2,"minecraft:water_bucket":16,"minecraft:cut_sandstone":3,"minecraft:spruce_sign":35,"minecraft:fletching_table":1,"iceandfire:dragon_skull_lightning":1,"minecraft:crafting_table":3,"minecraft:spruce_log":3355,"tombstone:bag_of_seeds":1,"minecraft:oak_log":1157,"minecraft:diamond_pickaxe":4160,"minecraft:apple":1,"minecraft:iron_pickaxe":903,"minecraft:spruce_sapling":339,"minecraft:cobblestone":89,"minecraft:potion":2,"minecraft:bucket":20,"alexsmobs:emu_egg":1},"minecraft:picked_up":{"minecraft:iron_chestplate":1,"minecraft:wheat":22,"minecraft:anvil":2,"iceandfire:copper_ore":8,"minecraft:stone_slab":1,"minecraft:lead":3,"minecraft:diamond_sword":3,"minecraft:potion":2,"minecraft:nether_brick":14,"minecraft:string":177,"evilcraft:ender_tear":1,"minecraft:iron_leggings":1,"minecraft:experience_bottle":1,"alexsmobs:blood_sac":8,"minecraft:gold_nugget":640,"minecraft:spruce_planks":4,"minecraft:white_tulip":3,"minecraft:rose_bush":3,"minecraft:cobblestone_slab":2,"minecraft:iron_pickaxe":5,"alexsmobs:raccoon_tail":2,"minecraft:furnace":1,"minecraft:iron_boots":3,"minecraft:stick":464,"artifacts:universal_attractor":3,"minecraft:oak_fence":6,"minecraft:torch":32,"minecraft:acacia_log":74,"iceandfire:silver_ore":19,"minecraft:porkchop":9,"tombstone:grave_dust":10,"minecraft:diorite":13,"minecraft:yellow_banner":10,"minecraft:zombie_spawn_egg":1,"minecraft:stone_sword":1,"minecraft:cactus":5,"minecraft:rotten_flesh":149,"minecraft:red_tulip":3,"alexsmobs:emu_egg":1,"minecraft:obsidian":1,"minecraft:cod":1,"minecraft:cobblestone":1517,"minecraft:magma_block":16,"minecraft:andesite":85,"minecraft:potato":370,"minecraft:flint":2,"minecraft:acacia_boat":1,"minecraft:lapis_lazuli":22,"minecraft:dirt":89,"minecraft:bone":63,"minecraft:chipped_anvil":1,"minecraft:acacia_planks":17,"minecraft:bow":1,"minecraft:wheat_seeds":435,"minecraft:fletching_table":1,"minecraft:glowstone_dust":22,"minecraft:oak_planks":5,"chisel:stone_bricks/tiles_large":17,"minecraft:poisonous_potato":1,"iceandfire:shiny_scales":8,"minecraft:sand":1,"minecraft:spectral_arrow":14,"iceandfire:chared_cobblestone":13,"artifacts:plastic_drinking_hat":1,"minecraft:skeleton_spawn_egg":1,"minecraft:dispenser":1,"minecraft:diamond":225,"alexsmobs:rattlesnake_rattle":1,"minecraft:granite":43,"minecraft:spruce_sign":19,"minecraft:emerald":15,"minecraft:bread":27,"minecraft:oak_sapling":419,"minecraft:netherrack":1453,"minecraft:crimson_roots":1,"minecraft:diamond_pickaxe":3,"iceandfire:dragon_skull_lightning":3,"minecraft:charcoal":20,"minecraft:crafting_table":1,"minecraft:gold_block":1,"minecraft:flint_and_steel":1,"evilcraft:poison_sac":3,"minecraft:compass":1,"minecraft:iron_shovel":1,"minecraft:blackstone":152,"minecraft:cracked_stone_bricks":3,"iceandfire:bestiary":1,"minecraft:beef":1,"minecraft:lectern":3,"minecraft:chest":2,"minecraft:phantom_membrane":2,"minecraft:sandstone":18,"iceandfire:dragonbone":53,"minecraft:spruce_fence":2,"minecraft:carrot":575,"minecraft:redstone":108,"minecraft:stone_pressure_plate":3,"minecraft:purple_terracotta":1,"minecraft:dark_oak_planks":1,"iceandfire:dragon_skull_ice":1,"minecraft:tnt":9,"minecraft:arrow":69,"minecraft:diamond_chestplate":1,"minecraft:hay_block":51,"minecraft:pink_tulip":3,"minecraft:gold_ingot":7,"minecraft:mutton":1,"minecraft:white_wool":5,"minecraft:air":0,"evilcraft:environmental_accumulation_core":1,"minecraft:salmon":1,"minecraft:cut_sandstone":4,"minecraft:leather":11,"alexsmobs:acacia_blossom":4,"iceandfire:myrmex_desert_resin_glass":1,"minecraft:oak_log":1545,"minecraft:ancient_debris":34,"minecraft:nether_wart_block":1,"alexsmobs:mosquito_proboscis":2,"tombstone:gift":1,"minecraft:orange_terracotta":1,"minecraft:apple":26,"minecraft:stone_bricks":99,"iceandfire:pixie_jar_empty":1,"minecraft:iron_ingot":7,"minecraft:iron_ore":88,"artifacts:kitty_slippers":1,"tombstone:bag_of_seeds":1,"artifacts:steadfast_spikes":2,"minecraft:glass_bottle":1,"minecraft:acacia_sapling":33,"minecraft:soul_sand":6,"minecraft:dark_oak_stairs":3,"minecraft:oak_slab":8,"iceandfire:chared_stone":9,"iceandfire:copper_nugget":16,"minecraft:stone_brick_slab":7,"chisel:marble/raw":4,"minecraft:quartz":71,"minecraft:dandelion":1,"minecraft:gravel":18,"minecraft:spruce_sapling":470,"minecraft:red_banner":1,"minecraft:spruce_log":3441,"minecraft:gold_ore":15,"minecraft:crying_obsidian":1,"minecraft:spider_eye":49,"minecraft:leather_helmet":1,"travelersbackpack:fox":5,"travelersbackpack:standard":1,"minecraft:slime_ball":2,"minecraft:chainmail_leggings":2,"minecraft:iron_helmet":1,"minecraft:diamond_axe":1,"minecraft:gray_wool":3,"minecraft:lodestone":1,"tombstone:magic_scroll":2,"minecraft:coal":248},"minecraft:dropped":{"iceandfire:chared_stone":9,"minecraft:gold_ore":4,"minecraft:porkchop":9,"minecraft:dark_oak_stairs":3,"minecraft:diamond_axe":1,"minecraft:oak_log":36,"chisel:marble/raw":4,"minecraft:glass_bottle":3,"minecraft:diamond":135,"minecraft:iron_horse_armor":1,"minecraft:cracked_stone_bricks":1,"travelersbackpack:standard":1,"artifacts:universal_attractor":2,"minecraft:flint":1,"iceandfire:copper_ingot":2,"minecraft:dirt":58,"iceandfire:pixie_jar_empty":1,"minecraft:crimson_roots":1,"minecraft:cut_sandstone":1,"minecraft:gold_nugget":20,"minecraft:phantom_membrane":1,"minecraft:iron_pickaxe":2,"alexsmobs:raccoon_tail":2,"minecraft:white_wool":4,"minecraft:gold_ingot":17,"minecraft:bone":9,"minecraft:white_tulip":3,"minecraft:compass":2,"minecraft:blackstone":152,"minecraft:nether_brick":14,"tombstone:gift":1,"minecraft:rotten_flesh":117,"minecraft:oak_planks":24,"evilcraft:poison_sac":3,"iceandfire:copper_ore":9,"minecraft:salmon":1,"evilcraft:flesh_humanoid":2,"minecraft:acacia_sapling":32,"minecraft:chest":1,"minecraft:iron_ore":4,"minecraft:crying_obsidian":1,"minecraft:netherrack":1308,"iceandfire:manuscript":2,"minecraft:bread":17,"minecraft:oak_slab":8,"minecraft:wheat_seeds":345,"minecraft:tnt":2,"minecraft:oak_fence":6,"minecraft:cobblestone":614,"alexsmobs:rattlesnake_rattle":1,"minecraft:granite":41,"minecraft:acacia_log":60,"minecraft:coal":48,"minecraft:golden_apple":3,"minecraft:stick":4,"minecraft:gray_wool":3,"minecraft:diorite":3,"iceandfire:copper_nugget":8,"minecraft:torch":5,"minecraft:nether_wart_block":1,"minecraft:rose_bush":3,"tombstone:grave_dust":9,"minecraft:potion":1,"minecraft:iron_leggings":1,"minecraft:chipped_anvil":1,"minecraft:cactus":5,"minecraft:string":104,"minecraft:bucket":3,"minecraft:spruce_sapling":89,"minecraft:stone_brick_slab":1,"minecraft:dandelion":1,"minecraft:redstone":50,"minecraft:pink_tulip":3,"minecraft:furnace":1,"minecraft:anvil":1,"alexsmobs:acacia_blossom":4,"minecraft:stone_sword":2,"iceandfire:silver_ore":1,"minecraft:iron_boots":2,"minecraft:flint_and_steel":2,"minecraft:diamond_sword":2,"minecraft:potato":1,"minecraft:cobblestone_slab":2,"minecraft:stone":961,"minecraft:spruce_planks":4,"iceandfire:chared_cobblestone":13,"evilcraft:ender_tear":1,"minecraft:diamond_pickaxe":1,"minecraft:iron_chestplate":1,"minecraft:andesite":59,"minecraft:oak_sapling":355,"minecraft:spider_eye":6,"minecraft:stone_pressure_plate":3,"minecraft:stone_bricks":1,"minecraft:diamond_boots":1,"minecraft:spruce_log":57,"minecraft:sandstone":3,"minecraft:stone_pickaxe":2,"minecraft:wooden_pickaxe":1,"minecraft:red_tulip":3,"minecraft:magma_block":16},"minecraft:broken":{"minecraft:golden_helmet":1,"minecraft:diamond_pickaxe":2,"minecraft:wooden_axe":1,"minecraft:diamond_axe":1,"minecraft:iron_axe":8,"minecraft:iron_pickaxe":2,"iceandfire:silver_axe":1},"minecraft:crafted":{"minecraft:stone":1129,"minecraft:iron_boots":1,"minecraft:chest":2,"minecraft:stone_bricks":68,"iceandfire:silver_axe":1,"minecraft:diamond_axe":1,"minecraft:spruce_planks":24,"minecraft:diamond_pickaxe":2,"minecraft:shield":1,"minecraft:stick":4,"minecraft:iron_ingot":39,"minecraft:stone_sword":1,"minecraft:gold_ingot":71,"minecraft:furnace":1,"minecraft:netherite_scrap":34,"minecraft:golden_helmet":1,"iceandfire:copper_ingot":2,"minecraft:diamond_sword":1,"minecraft:spruce_sign":18,"minecraft:bucket":5,"minecraft:air":1855,"minecraft:golden_apple":6,"minecraft:iron_leggings":1,"minecraft:torch":32},"minecraft:killed_by":{"iceandfire:cyclops":1,"minecraft:pillager":1,"iceandfire:sea_serpent":3,"minecraft:husk":5,"minecraft:enderman":1,"minecraft:skeleton":1}},"DataVersion":2586}