{"stats":{"minecraft:killed":{"minecraft:cave_spider":21,"alexsmobs:enderiophage":15,"minecraft:cod":2,"minecraft:skeleton":231,"minecraft:chicken":4,"alexsmobs:centipede_head":2,"alexsmobs:seal":3,"minecraft:pillager":55,"minecraft:zombie":135,"alexsmobs:roadrunner":1,"iceandfire:dread_ghoul":1,"iceandfire:sea_serpent":3,"minecraft:cow":7,"alexsmobs:raccoon":6,"minecraft:vindicator":12,"alexsmobs:seagull":1,"iceandfire:siren":2,"minecraft:husk":5,"alexsmobs:guster":3,"iceandfire:ghost":7,"iceandfire:ice_dragon":3,"minecraft:enderman":2,"minecraft:witch":5,"minecraft:spider":36,"minecraft:silverfish":4,"minecraft:piglin_brute":29,"alexsmobs:kangaroo":1,"artifacts:mimic":6,"minecraft:piglin":19,"minecraft:pig":17,"alexsmobs:grizzly_bear":1,"minecraft:zombie_villager":7,"minecraft:creeper":9,"alexsmobs:crimson_mosquito":17,"minecraft:sheep":23,"minecraft:ghast":1,"minecraft:stray":2,"iceandfire:pixie":2,"minecraft:blaze":10,"alexsmobs:tasmanian_devil":1,"minecraft:slime":4,"alexsmobs:rattlesnake":4,"minecraft:phantom":7,"minecraft:llama":1,"minecraft:drowned":1,"iceandfire:deathworm":7,"iceandfire:troll":2,"minecraft:hoglin":2,"alexsmobs:gazelle":3,"alexsmobs:moose":1,"minecraft:wither_skeleton":2},"minecraft:picked_up":{"minecraft:iron_chestplate":6,"minecraft:chainmail_boots":3,"minecraft:anvil":2,"iceandfire:copper_ore":8,"artifacts:bunny_hoppers":1,"minecraft:diamond_sword":7,"minecraft:lead":3,"minecraft:stone_slab":1,"minecraft:piglin_brute_spawn_egg":1,"minecraft:enchanted_book":2,"minecraft:brewing_stand":1,"minecraft:golden_sword":3,"minecraft:music_disc_cat":1,"iceandfire:manuscript":3,"minecraft:string":206,"minecraft:diamond_leggings":1,"minecraft:gold_nugget":894,"minecraft:spruce_planks":5,"minecraft:golden_helmet":1,"artifacts:universal_attractor":3,"minecraft:acacia_log":74,"iceandfire:silver_ore":19,"minecraft:sandstone_wall":2,"alexsmobs:centipede_leg":2,"minecraft:yellow_banner":15,"minecraft:zombie_spawn_egg":1,"minecraft:stone_sword":1,"artifacts:lucky_scarf":1,"minecraft:tropical_fish":1,"iceandfire:deathworm_chitin_yellow":1,"iceandfire:fire_dragon_heart":3,"minecraft:red_tulip":3,"minecraft:netherite_chestplate":1,"minecraft:blaze_rod":16,"minecraft:snowball":37,"minecraft:birch_log":88,"iceandfire:sapphire_gem":1,"minecraft:magma_block":16,"minecraft:cooked_beef":8,"minecraft:feather":8,"minecraft:brown_wool":1,"minecraft:flint":2,"minecraft:lantern":1,"minecraft:chipped_anvil":1,"apotheosis:digger_book":1,"minecraft:diamond_helmet":1,"minecraft:glowstone_dust":25,"chisel:stone_bricks/tiles_large":17,"minecraft:chiseled_polished_blackstone":10,"iceandfire:dragonscales_sapphire":123,"iceandfire:dragon_skull_fire":5,"iceandfire:shiny_scales":20,"sophisticatedbackpacks:iron_backpack":1,"minecraft:dark_oak_log":1,"minecraft:trapped_chest":1,"minecraft:barrel":1,"iceandfire:chared_cobblestone":63,"minecraft:iron_hoe":5,"minecraft:dispenser":1,"alexsmobs:guster_eye":1,"minecraft:granite":66,"minecraft:chainmail_helmet":1,"minecraft:bread":30,"minecraft:light_gray_carpet":3,"minecraft:crimson_roots":2,"minecraft:diamond_pickaxe":3,"iceandfire:dragon_skull_lightning":3,"minecraft:crafting_table":1,"iceandfire:witherbone":3,"minecraft:nether_wart":43,"minecraft:leather_leggings":3,"iceandfire:troll_weapon_trunk_frost":1,"evilcraft:poison_sac":3,"iceandfire:frozen_splinters":2,"minecraft:flint_and_steel":1,"minecraft:white_carpet":9,"minecraft:compass":1,"minecraft:iron_shovel":4,"minecraft:cracked_stone_bricks":3,"iceandfire:bestiary":1,"minecraft:netherite_sword":2,"minecraft:beef":22,"minecraft:poppy":1,"minecraft:chest":2,"minecraft:birch_sapling":9,"minecraft:sandstone":104,"minecraft:spruce_fence":3,"iceandfire:deathworm_chitin_white":16,"minecraft:carrot":670,"minecraft:redstone":116,"minecraft:netherite_pickaxe":6,"iceandfire:dragon_skull_ice":5,"minecraft:tnt":10,"minecraft:diamond_chestplate":1,"minecraft:beetroot_seeds":2,"minecraft:diamond_boots":1,"iceandfire:dragonscales_silver":12,"minecraft:hay_block":68,"minecraft:gold_ingot":7,"minecraft:bone_block":9,"minecraft:mutton":33,"minecraft:rail":8,"minecraft:white_wool":19,"evilcraft:environmental_accumulation_core":1,"iceandfire:sea_serpent_fang":5,"alexsmobs:acacia_blossom":6,"iceandfire:myrmex_desert_resin_glass":1,"minecraft:filled_map":1,"minecraft:oak_log":1694,"minecraft:ancient_debris":34,"iceandfire:dragonscales_blue":38,"alexsmobs:mosquito_proboscis":2,"tombstone:gift":1,"iceandfire:pixie_jar_empty":1,"minecraft:apple":30,"minecraft:stone_bricks":113,"travelersbackpack:cake":1,"minecraft:kelp":1,"minecraft:iron_ore":92,"tombstone:bag_of_seeds":4,"artifacts:steadfast_spikes":2,"minecraft:glass_bottle":2,"minecraft:iron_sword":3,"minecraft:dark_oak_stairs":3,"iceandfire:chared_stone":80,"iceandfire:copper_nugget":16,"chisel:marble/raw":26,"minecraft:gravel":19,"minecraft:spruce_sapling":470,"tombstone:decorative_grave_simple":1,"minecraft:spruce_log":3444,"minecraft:crying_obsidian":2,"minecraft:leather_helmet":2,"travelersbackpack:standard":2,"minecraft:slime_ball":2,"minecraft:diamond_axe":3,"minecraft:gray_wool":5,"iceandfire:ice_dragon_flesh":7,"minecraft:oak_button":1,"minecraft:lodestone":1,"minecraft:baked_potato":26,"minecraft:melon_seeds":2,"minecraft:wheat":25,"travelersbackpack:bat":1,"minecraft:potion":3,"minecraft:nether_brick":14,"evilcraft:ender_tear":1,"minecraft:iron_leggings":6,"minecraft:purple_banner":1,"minecraft:experience_bottle":2,"iceandfire:sea_serpent_scales_bronze":10,"alexsmobs:blood_sac":8,"minecraft:bucket":2,"iceandfire:frost_lily":5,"minecraft:white_tulip":3,"minecraft:rose_bush":3,"minecraft:cobblestone_slab":2,"minecraft:iron_pickaxe":7,"alexsmobs:raccoon_tail":2,"iceandfire:dragonscales_red":14,"minecraft:iron_boots":7,"minecraft:furnace":1,"iceandfire:pixie_dust":4,"minecraft:stick":518,"minecraft:oak_fence":7,"minecraft:torch":49,"minecraft:porkchop":50,"tombstone:grave_dust":42,"minecraft:diorite":48,"minecraft:cactus":7,"minecraft:rotten_flesh":344,"alexsmobs:capsid":13,"alexsmobs:emu_egg":1,"evilcraft:condensed_blood":22,"minecraft:obsidian":2,"minecraft:cod":7,"minecraft:cobblestone":1792,"minecraft:blaze_powder":2,"minecraft:andesite":127,"minecraft:golden_leggings":1,"minecraft:potato":372,"minecraft:acacia_boat":1,"minecraft:lapis_lazuli":29,"minecraft:dirt":106,"iceandfire:dragonscales_bronze":80,"minecraft:name_tag":1,"minecraft:bone":514,"minecraft:acacia_planks":17,"minecraft:bow":7,"minecraft:wheat_seeds":456,"travelersbackpack:bee":1,"minecraft:fletching_table":1,"minecraft:powered_rail":3,"minecraft:oak_planks":14,"minecraft:poisonous_potato":1,"minecraft:sand":26,"minecraft:nether_brick_stairs":2,"minecraft:spectral_arrow":14,"iceandfire:frozen_dirt":1,"iceandfire:dragonegg_red":1,"artifacts:plastic_drinking_hat":2,"minecraft:skeleton_spawn_egg":1,"minecraft:sugar":2,"minecraft:diamond":245,"minecraft:cracked_polished_blackstone_bricks":40,"alexsmobs:rattlesnake_rattle":5,"minecraft:crossbow":5,"minecraft:golden_apple":3,"alexsmobs:moose_ribs":2,"minecraft:spruce_sign":19,"minecraft:emerald":25,"minecraft:oak_sapling":487,"minecraft:netherrack":1544,"iceandfire:silver_nugget":22,"minecraft:cocoa_beans":2,"minecraft:charcoal":22,"minecraft:chicken":4,"alexsmobs:roadrunner_feather":1,"minecraft:gold_block":12,"iceandfire:frozen_cobblestone":18,"minecraft:shield":1,"iceandfire:frozen_stone":43,"minecraft:cyan_carpet":9,"minecraft:blackstone":180,"minecraft:oak_boat":4,"minecraft:light_gray_wool":1,"minecraft:lectern":10,"minecraft:sugar_cane":9,"minecraft:phantom_membrane":2,"iceandfire:ice_dragon_heart":3,"iceandfire:dragonscales_green":9,"iceandfire:dragonbone":173,"iceandfire:deathworm_chitin_red":29,"minecraft:polished_blackstone_bricks":59,"minecraft:iron_horse_armor":1,"minecraft:stone_pressure_plate":3,"minecraft:purple_terracotta":1,"minecraft:dark_oak_planks":1,"iceandfire:silver_ingot":2,"iceandfire:sea_serpent_scales_purple":11,"minecraft:arrow":407,"minecraft:nether_bricks":4,"iceandfire:chared_dirt":10,"minecraft:pink_tulip":3,"minecraft:skeleton_skull":1,"minecraft:netherite_boots":1,"minecraft:air":0,"minecraft:basalt":5,"minecraft:golden_carrot":1,"minecraft:salmon":1,"minecraft:cut_sandstone":4,"minecraft:leather":24,"minecraft:chainmail_chestplate":3,"minecraft:cobblestone_wall":2,"iceandfire:dragonegg_gray":2,"minecraft:nether_wart_block":1,"minecraft:gunpowder":14,"minecraft:orange_terracotta":2,"minecraft:iron_ingot":27,"artifacts:kitty_slippers":2,"iceandfire:fire_dragon_flesh":20,"minecraft:acacia_sapling":37,"minecraft:soul_sand":6,"minecraft:book":3,"minecraft:oak_slab":8,"iceandfire:dragon_horn":1,"minecraft:stone_brick_slab":14,"iceandfire:ash":8,"minecraft:quartz":71,"minecraft:dandelion":1,"minecraft:red_banner":1,"minecraft:gold_ore":17,"minecraft:spider_eye":55,"travelersbackpack:fox":10,"minecraft:pumpkin_seeds":8,"minecraft:chainmail_leggings":7,"evilcraft:dark_gem":9,"minecraft:iron_helmet":5,"iceandfire:sea_serpent_scales_red":2,"tombstone:magic_scroll":5,"minecraft:black_wool":2,"minecraft:coal":550},"minecraft:mined":{"minecraft:dark_oak_planks":2,"iceandfire:copper_pile":1,"minecraft:obsidian":1,"minecraft:granite":93,"minecraft:chiseled_polished_blackstone":10,"minecraft:acacia_log":74,"minecraft:nether_wart":41,"minecraft:spawner":28,"minecraft:polished_blackstone_bricks":59,"minecraft:tall_seagrass":1,"minecraft:magma_block":17,"minecraft:mossy_cobblestone_stairs":1,"minecraft:fire":62,"minecraft:fletching_table":2,"minecraft:nether_brick_stairs":1,"iceandfire:gold_pile":63,"minecraft:pink_tulip":3,"minecraft:tripwire":1,"minecraft:cut_sandstone":10,"minecraft:smoker":1,"minecraft:crimson_nylium":19,"minecraft:soul_fire":3,"minecraft:torch":11,"minecraft:dead_bush":1,"iceandfire:sapphire_ore":1,"minecraft:sugar_cane":5,"minecraft:damaged_anvil":1,"minecraft:spruce_sign":1,"minecraft:wheat":24,"minecraft:grass":160,"tombstone:decorative_grave_simple":1,"chisel:stone_bricks/tiles_large":17,"iceandfire:silver_ore":19,"minecraft:mossy_cobblestone":5,"minecraft:nether_bricks":4,"minecraft:crimson_roots":1,"evilcraft:environmental_accumulator":1,"minecraft:redstone_ore":29,"minecraft:andesite":91,"chisel:marble/raw":36,"minecraft:potatoes":102,"minecraft:cobblestone_slab":1,"minecraft:vine":15,"iceandfire:frost_lily":2,"minecraft:bone_block":11,"minecraft:white_wool":3,"minecraft:light_gray_carpet":4,"minecraft:glass_pane":2,"minecraft:stone_brick_slab":12,"minecraft:emerald_ore":12,"minecraft:campfire":12,"minecraft:tall_grass":15,"minecraft:diorite":66,"minecraft:red_terracotta":3,"minecraft:cobblestone_wall":2,"minecraft:spruce_log":3452,"minecraft:white_carpet":9,"minecraft:red_wall_banner":1,"iceandfire:silver_pile":1,"minecraft:gravel":24,"minecraft:cobweb":8,"minecraft:acacia_planks":4,"minecraft:stone_bricks":115,"minecraft:chipped_anvil":1,"minecraft:gold_ore":17,"minecraft:infested_stone":10,"minecraft:stone_pressure_plate":1,"minecraft:spruce_planks":1,"minecraft:oak_sapling":36,"minecraft:cobblestone_stairs":1,"minecraft:brewing_stand":1,"minecraft:grass_block":51,"minecraft:cracked_polished_blackstone_bricks":40,"minecraft:gilded_blackstone":1,"minecraft:glowstone":11,"minecraft:iron_ore":87,"minecraft:dark_oak_stairs":1,"minecraft:red_tulip":4,"iceandfire:chared_cobblestone":20,"minecraft:blackstone":134,"minecraft:orange_terracotta":3,"minecraft:yellow_banner":2,"iceandfire:myrmex_desert_resin_glass":1,"iceandfire:dragon_ice_spikes":19,"minecraft:poppy":1,"minecraft:chest":2,"minecraft:nether_quartz_ore":392,"minecraft:cobblestone":15,"minecraft:oak_planks":5,"minecraft:wall_torch":13,"minecraft:seagrass":1,"minecraft:nether_wart_block":1,"minecraft:birch_log":89,"minecraft:tnt":12,"minecraft:oak_log":1785,"minecraft:sand":27,"minecraft:dirt":36,"minecraft:netherrack":2356,"minecraft:ancient_debris":35,"minecraft:oak_leaves":132,"iceandfire:chared_stone":14,"minecraft:nether_gold_ore":81,"minecraft:diamond_ore":106,"minecraft:crying_obsidian":2,"minecraft:yellow_wall_banner":13,"iceandfire:frozen_cobblestone":2,"travelersbackpack:fox":9,"iceandfire:frozen_stone":3,"minecraft:spruce_leaves":57,"minecraft:sandstone":60,"minecraft:large_fern":1,"minecraft:hay_block":67,"minecraft:spruce_sapling":30,"minecraft:furnace":1,"minecraft:carrots":197,"iceandfire:copper_ore":5,"evilcraft:dark_ore":1,"minecraft:gold_block":12,"minecraft:bookshelf":1,"minecraft:packed_ice":2,"minecraft:stone":1615,"minecraft:white_tulip":3,"iceandfire:pixie_jar_empty":1,"minecraft:basalt":7,"minecraft:polished_granite":1,"minecraft:oak_fence":1,"minecraft:crafting_table":1,"minecraft:rose_bush":3,"minecraft:andesite_slab":1,"minecraft:lectern":10,"minecraft:stone_slab":1,"minecraft:lapis_ore":3,"minecraft:ice":134,"minecraft:coal_ore":397,"evilcraft:blood_stain":1,"minecraft:cyan_carpet":2,"minecraft:lodestone":1,"minecraft:cracked_stone_bricks":2,"minecraft:terracotta":3},"minecraft:dropped":{"iceandfire:chared_stone":80,"sophisticatedbackpacks:iron_backpack":1,"minecraft:iron_sword":1,"minecraft:porkchop":11,"minecraft:lapis_lazuli":7,"minecraft:cooked_beef":8,"minecraft:glass_bottle":5,"minecraft:diamond":135,"minecraft:crossbow":5,"iceandfire:frozen_dirt":1,"travelersbackpack:iron_tier_upgrade":1,"minecraft:cracked_stone_bricks":2,"minecraft:saddle":1,"artifacts:universal_attractor":2,"minecraft:rail":8,"minecraft:leather_helmet":2,"minecraft:dirt":74,"alexsmobs:roadrunner_feather":1,"iceandfire:dragon_horn":1,"minecraft:netherite_boots":1,"minecraft:gold_nugget":58,"minecraft:bone_block":9,"minecraft:phantom_membrane":1,"minecraft:sand":3,"minecraft:sugar":2,"minecraft:iron_pickaxe":5,"alexsmobs:raccoon_tail":2,"minecraft:white_wool":16,"tombstone:familiar_receptacle":1,"minecraft:bone":382,"alexsmobs:centipede_leg":2,"minecraft:compass":2,"minecraft:nether_brick":14,"minecraft:birch_sapling":9,"minecraft:wheat":1,"minecraft:obsidian":8,"tombstone:gift":1,"minecraft:rotten_flesh":337,"minecraft:oak_planks":53,"minecraft:glowstone_dust":22,"minecraft:light_gray_carpet":3,"minecraft:blaze_powder":1,"iceandfire:copper_ore":9,"minecraft:salmon":1,"evilcraft:flesh_humanoid":3,"iceandfire:shiny_scales":9,"iceandfire:sapphire_gem":1,"alexsmobs:blood_sac":7,"minecraft:charcoal":2,"minecraft:hopper":1,"minecraft:acacia_sapling":36,"iceandfire:deathworm_chitin_white":5,"minecraft:leather_leggings":3,"minecraft:beef":7,"minecraft:piglin_brute_spawn_egg":1,"minecraft:crying_obsidian":2,"iceandfire:manuscript":2,"minecraft:enchanted_book":2,"minecraft:iron_ingot":16,"minecraft:netherite_pickaxe":5,"minecraft:wheat_seeds":362,"minecraft:tnt":2,"minecraft:netherite_chestplate":1,"minecraft:cobblestone":769,"minecraft:oak_fence":7,"minecraft:feather":8,"minecraft:iron_helmet":3,"minecraft:book":11,"alexsmobs:rattlesnake_rattle":5,"minecraft:granite":51,"minecraft:chainmail_helmet":1,"minecraft:coal":350,"minecraft:golden_apple":3,"minecraft:gray_wool":4,"minecraft:golden_carrot":1,"iceandfire:copper_nugget":8,"minecraft:rose_bush":3,"artifacts:plastic_drinking_hat":2,"minecraft:potion":3,"minecraft:chipped_anvil":1,"minecraft:iron_shovel":2,"minecraft:chainmail_leggings":5,"minecraft:string":125,"iceandfire:dragonegg_gray":1,"iceandfire:dragon_skull_fire":5,"minecraft:spruce_sapling":89,"iceandfire:frozen_cobblestone":18,"minecraft:stone_brick_slab":1,"minecraft:pink_tulip":3,"iceandfire:silver_nugget":22,"minecraft:furnace":1,"alexsmobs:acacia_blossom":6,"minecraft:stone_sword":2,"minecraft:cobblestone_wall":2,"minecraft:cocoa_beans":1,"minecraft:white_carpet":9,"minecraft:iron_boots":5,"iceandfire:dragon_skull_ice":4,"minecraft:spruce_fence":1,"minecraft:pumpkin_seeds":3,"minecraft:diamond_sword":2,"minecraft:cobblestone_slab":2,"minecraft:potato":1,"minecraft:hay_block":2,"minecraft:stone":968,"iceandfire:frozen_splinters":2,"minecraft:spruce_planks":16,"minecraft:diamond_pickaxe":1,"iceandfire:silver_ingot":2,"minecraft:stone_pressure_plate":3,"minecraft:spider_eye":61,"minecraft:stone_bricks":16,"minecraft:sandstone":89,"minecraft:bow":4,"minecraft:red_tulip":3,"minecraft:magma_block":16,"minecraft:black_wool":2,"minecraft:nether_brick_stairs":1,"minecraft:gold_ore":4,"minecraft:spruce_sign":2,"minecraft:dark_oak_stairs":3,"minecraft:diamond_axe":2,"minecraft:oak_log":121,"chisel:marble/raw":26,"travelersbackpack:bee":1,"iceandfire:chared_dirt":3,"minecraft:lantern":1,"minecraft:leather":15,"minecraft:iron_horse_armor":1,"travelersbackpack:standard":2,"minecraft:cod":5,"minecraft:flint":1,"iceandfire:copper_ingot":2,"minecraft:cracked_polished_blackstone_bricks":34,"iceandfire:pixie_jar_empty":1,"minecraft:mutton":2,"minecraft:crimson_roots":1,"minecraft:cut_sandstone":1,"minecraft:snowball":37,"iceandfire:dragonscales_red":14,"iceandfire:ash":8,"minecraft:polished_blackstone_bricks":59,"minecraft:birch_log":88,"minecraft:gold_ingot":20,"minecraft:gravel":1,"alexsmobs:capsid":10,"minecraft:white_tulip":3,"minecraft:chiseled_polished_blackstone":10,"minecraft:blackstone":180,"minecraft:purple_banner":1,"iceandfire:frozen_stone":43,"evilcraft:poison_sac":3,"minecraft:carrot":1,"minecraft:chainmail_chestplate":2,"minecraft:sandstone_wall":2,"minecraft:poppy":1,"minecraft:gunpowder":7,"apotheosis:digger_book":1,"minecraft:skeleton_skull":1,"minecraft:beetroot_seeds":2,"minecraft:melon_seeds":3,"minecraft:chainmail_boots":2,"minecraft:chest":3,"alexsmobs:moose_ribs":2,"iceandfire:frost_lily":3,"minecraft:basalt":5,"minecraft:iron_ore":8,"minecraft:arrow":273,"minecraft:powered_rail":3,"iceandfire:deathworm_chitin_yellow":1,"minecraft:netherrack":1381,"minecraft:spawner":2,"minecraft:bread":95,"iceandfire:dragonscales_sapphire":72,"minecraft:oak_slab":8,"minecraft:golden_helmet":1,"minecraft:diamond_leggings":2,"evilcraft:dark_gem":9,"minecraft:tropical_fish":1,"minecraft:acacia_log":60,"minecraft:stick":72,"chisel:stone_bricks/tiles_large":3,"minecraft:diorite":35,"minecraft:torch":78,"iceandfire:silver_sword":1,"minecraft:nether_wart_block":1,"tombstone:grave_dust":38,"minecraft:iron_leggings":6,"minecraft:iron_axe":2,"minecraft:cactus":7,"minecraft:bucket":8,"minecraft:dandelion":1,"iceandfire:dragonbone":123,"minecraft:redstone":58,"minecraft:anvil":1,"minecraft:kelp":1,"artifacts:kitty_slippers":1,"iceandfire:witherbone":3,"minecraft:light_gray_wool":1,"iceandfire:silver_ore":1,"minecraft:iron_hoe":4,"minecraft:flint_and_steel":2,"minecraft:filled_map":3,"minecraft:shield":1,"minecraft:oak_button":1,"iceandfire:copper_sword":1,"minecraft:orange_terracotta":1,"iceandfire:chared_cobblestone":63,"minecraft:iron_chestplate":7,"evilcraft:ender_tear":1,"minecraft:andesite":98,"artifacts:steadfast_spikes":1,"minecraft:golden_leggings":1,"minecraft:oak_boat":1,"minecraft:oak_sapling":422,"minecraft:golden_sword":3,"minecraft:spruce_log":60,"minecraft:diamond_boots":1,"minecraft:stone_pickaxe":2,"minecraft:wooden_pickaxe":1},"minecraft:killed_by":{"minecraft:pillager":1,"minecraft:zombie":1,"minecraft:husk":5,"iceandfire:cyclops":1,"iceandfire:sea_serpent":3,"minecraft:player":1,"minecraft:spider":1,"minecraft:enderman":1,"iceandfire:gorgon":2,"minecraft:skeleton":2},"minecraft:broken":{"minecraft:diamond_pickaxe":2,"minecraft:bow":1,"minecraft:iron_axe":8,"minecraft:iron_pickaxe":2,"iceandfire:silver_axe":1,"minecraft:golden_helmet":1,"minecraft:diamond_boots":1,"minecraft:wooden_axe":1,"minecraft:diamond_chestplate":1,"minecraft:diamond_axe":1},"minecraft:crafted":{"minecraft:blaze_powder":4,"minecraft:glass":12,"minecraft:diamond_helmet":1,"minecraft:diamond_leggings":1,"iceandfire:silver_axe":1,"minecraft:glass_bottle":9,"minecraft:diamond_axe":1,"minecraft:gold_ingot":99,"iceandfire:dragon_horn":1,"iceandfire:dragonarmor_iron_body":1,"minecraft:diamond_boots":1,"minecraft:golden_helmet":1,"minecraft:wheat":333,"minecraft:golden_apple":7,"minecraft:iron_leggings":1,"iceandfire:dragonarmor_iron_neck":1,"minecraft:oak_planks":20,"minecraft:stone":1136,"minecraft:iron_boots":1,"minecraft:chest":2,"minecraft:stone_bricks":68,"minecraft:spruce_planks":24,"minecraft:diamond_pickaxe":3,"minecraft:shield":1,"minecraft:stick":8,"minecraft:iron_ingot":57,"minecraft:stone_sword":1,"minecraft:netherite_sword":1,"iceandfire:dragon_stick":1,"minecraft:furnace":1,"apotheosis:potion_charm":1,"minecraft:netherite_scrap":34,"iceandfire:copper_ingot":2,"minecraft:diamond_sword":1,"minecraft:spruce_sign":18,"iceandfire:dragon_meal":24,"minecraft:bucket":5,"minecraft:air":1951,"minecraft:bread":111,"minecraft:oak_boat":1,"iceandfire:dragonarmor_iron_tail":1,"minecraft:torch":32,"minecraft:diamond_chestplate":1},"minecraft:custom":{"minecraft:interact_with_crafting_table":39,"minecraft:open_barrel":72,"minecraft:eat_cake_slice":4,"minecraft:leave_game":13,"minecraft:time_since_death":203912,"minecraft:damage_blocked_by_shield":440,"minecraft:deaths":18,"tombstone:tomb_raiding":1,"minecraft:jump":16049,"minecraft:enchant_item":13,"minecraft:interact_with_furnace":138,"minecraft:traded_with_villager":1,"minecraft:sleep_in_bed":1,"minecraft:damage_dealt":143383,"tombstone:undead_killed":398,"minecraft:interact_with_smoker":5,"minecraft:inspect_dispenser":3,"minecraft:horse_one_cm":13474,"minecraft:interact_with_smithing_table":3,"minecraft:interact_with_anvil":11,"minecraft:inspect_hopper":2,"minecraft:damage_dealt_absorbed":338,"minecraft:sneak_time":45627,"minecraft:interact_with_blast_furnace":29,"tombstone:raider_killed":79,"minecraft:interact_with_stonecutter":1,"minecraft:time_since_rest":203753,"tombstone:cast_on_ally":0,"minecraft:swim_one_cm":220553,"minecraft:fly_one_cm":3942966,"minecraft:open_chest":620,"minecraft:fall_one_cm":336308,"minecraft:sprint_one_cm":1793108,"minecraft:drop":741,"minecraft:talked_to_villager":26,"minecraft:interact_with_brewingstand":17,"minecraft:walk_on_water_one_cm":175894,"minecraft:play_one_minute":933736,"minecraft:player_kills":2,"minecraft:crouch_one_cm":124094,"minecraft:mob_kills":806,"minecraft:climb_one_cm":42820,"minecraft:walk_one_cm":1959229,"minecraft:walk_under_water_one_cm":115702,"minecraft:boat_one_cm":146985,"minecraft:interact_with_grindstone":4,"minecraft:damage_taken":2147483647,"minecraft:damage_absorbed":1888,"minecraft:trigger_trapped_chest":14},"minecraft:used":{"minecraft:dispenser":1,"minecraft:ladder":30,"minecraft:chest":12,"minecraft:stone":8,"minecraft:soul_sand":6,"minecraft:skeleton_spawn_egg":1,"minecraft:lava_bucket":7,"minecraft:bow":165,"minecraft:furnace":1,"minecraft:oak_sapling":1,"minecraft:potato":107,"minecraft:spider_spawn_egg":1,"minecraft:diorite":3,"minecraft:wooden_pickaxe":5,"tombstone:scroll_of_true_sight":1,"minecraft:golden_apple":25,"iceandfire:troll_weapon_trunk_frost":1,"minecraft:sand":8,"minecraft:purple_terracotta":2,"minecraft:cyan_carpet":21,"minecraft:lectern":10,"minecraft:diamond_sword":1153,"minecraft:birch_log":89,"minecraft:oak_boat":5,"minecraft:stone_sword":53,"minecraft:acacia_log":67,"minecraft:netherrack":53,"minecraft:torch":433,"minecraft:brewing_stand":1,"minecraft:anvil":3,"minecraft:oak_fence_gate":12,"minecraft:iron_axe":747,"minecraft:spawner":3,"iceandfire:dragonegg_gray":1,"tombstone:gift":5,"minecraft:trapped_chest":1,"minecraft:acacia_planks":4,"minecraft:orange_terracotta":1,"minecraft:wheat_seeds":25,"minecraft:yellow_banner":14,"minecraft:water_bucket":35,"minecraft:fletching_table":1,"iceandfire:dragon_skull_lightning":1,"iceandfire:chared_dirt":2,"minecraft:crafting_table":5,"minecraft:spruce_log":3355,"minecraft:oak_log":1320,"minecraft:diamond_pickaxe":4164,"minecraft:iron_pickaxe":916,"iceandfire:dragon_horn":24,"minecraft:spruce_sapling":339,"minecraft:cobblestone":134,"minecraft:potion":6,"minecraft:iron_shovel":40,"minecraft:shield":11,"minecraft:nether_wart":2,"minecraft:iron_sword":3,"minecraft:zombie_spawn_egg":2,"minecraft:mutton":1,"minecraft:nether_bricks":1,"minecraft:carrot":275,"minecraft:obsidian":15,"minecraft:milk_bucket":4,"minecraft:glass":7,"tombstone:decorative_grave_simple":1,"chisel:stone_bricks/tiles_large":73,"minecraft:stone_bricks":1472,"minecraft:slime_spawn_egg":1,"carryon:tile_item":1,"minecraft:hay_block":2,"minecraft:gold_block":8,"minecraft:oak_planks":63,"minecraft:ender_pearl":3,"minecraft:sandstone":15,"minecraft:diamond_axe":168,"minecraft:white_wool":1,"minecraft:crossbow":16,"iceandfire:silver_axe":130,"minecraft:creeper_spawn_egg":1,"minecraft:bread":103,"minecraft:string":1,"minecraft:air":3,"minecraft:bone_meal":45,"minecraft:experience_bottle":5,"minecraft:netherite_sword":1005,"minecraft:flint_and_steel":25,"minecraft:spruce_planks":2,"minecraft:cooked_chicken":1,"minecraft:dirt":30,"minecraft:hopper":21,"minecraft:granite":8,"minecraft:spruce_fence":140,"iceandfire:myrmex_desert_resin_glass":1,"minecraft:dark_oak_planks":4,"minecraft:stone_brick_slab":80,"minecraft:wooden_axe":38,"evilcraft:box_of_eternal_closure":2,"minecraft:golden_carrot":44,"minecraft:netherite_pickaxe":1236,"travelersbackpack:cake":1,"minecraft:enchanted_golden_apple":7,"travelersbackpack:fox":1,"minecraft:acacia_boat":2,"iceandfire:fire_dragon_flesh":1,"minecraft:glass_bottle":12,"minecraft:baked_potato":26,"minecraft:cut_sandstone":3,"minecraft:spruce_sign":36,"tombstone:bag_of_seeds":7,"minecraft:apple":12,"minecraft:cracked_polished_blackstone_bricks":6,"minecraft:bucket":31,"alexsmobs:emu_egg":1}},"DataVersion":2586}