{"stats":{"minecraft:crafted":{"minecraft:furnace":1,"minecraft:air":383,"minecraft:iron_boots":1,"minecraft:stick":4,"minecraft:iron_ingot":21,"minecraft:iron_leggings":1,"minecraft:stone_sword":1,"minecraft:gold_ingot":23},"minecraft:mined":{"iceandfire:pixie_jar_empty":1,"minecraft:dark_oak_planks":2,"minecraft:diamond_ore":13,"iceandfire:silver_ore":1,"iceandfire:copper_pile":1,"minecraft:smoker":1,"travelersbackpack:fox":1,"minecraft:oak_fence":1,"iceandfire:myrmex_desert_resin_glass":1,"minecraft:crafting_table":1,"minecraft:torch":2,"minecraft:acacia_log":6,"minecraft:grass_block":1,"minecraft:tall_grass":2,"minecraft:cobblestone":4,"minecraft:lapis_ore":3,"minecraft:wall_torch":1,"minecraft:spawner":1,"minecraft:hay_block":28,"minecraft:redstone_ore":1,"minecraft:furnace":1,"iceandfire:copper_ore":3,"minecraft:iron_ore":22,"minecraft:wheat":19,"minecraft:fire":4,"chisel:marble/raw":4,"minecraft:tnt":1,"minecraft:dark_oak_stairs":1,"minecraft:grass":10,"minecraft:coal_ore":48,"iceandfire:gold_pile":18,"minecraft:cobblestone_slab":1,"minecraft:dirt":1,"minecraft:acacia_planks":4,"minecraft:stone":115,"minecraft:white_wool":3},"minecraft:killed":{"minecraft:cave_spider":2,"minecraft:spider":1,"minecraft:slime":4,"minecraft:creeper":1,"minecraft:skeleton":5,"minecraft:pillager":3,"minecraft:zombie":13,"minecraft:drowned":1,"alexsmobs:gazelle":2,"alexsmobs:centipede_head":1,"minecraft:enderman":1,"artifacts:mimic":1,"minecraft:cow":1},"minecraft:broken":{"minecraft:wooden_axe":1},"minecraft:killed_by":{"iceandfire:cyclops":1,"minecraft:enderman":1,"iceandfire:sea_serpent":3},"minecraft:custom":{"minecraft:interact_with_furnace":10,"minecraft:mob_kills":38,"tombstone:raider_killed":3,"minecraft:interact_with_crafting_table":8,"minecraft:open_barrel":5,"minecraft:play_one_minute":68798,"minecraft:time_since_death":2255,"minecraft:climb_one_cm":889,"minecraft:time_since_rest":2198,"minecraft:sprint_one_cm":98713,"minecraft:damage_absorbed":134,"minecraft:damage_taken":2328,"minecraft:walk_one_cm":173951,"minecraft:trigger_trapped_chest":3,"minecraft:drop":47,"minecraft:damage_dealt":6851,"minecraft:swim_one_cm":7472,"minecraft:talked_to_villager":6,"minecraft:fly_one_cm":133880,"minecraft:open_chest":20,"minecraft:crouch_one_cm":11299,"minecraft:sneak_time":4153,"tombstone:undead_killed":19,"minecraft:deaths":5,"minecraft:walk_under_water_one_cm":5787,"minecraft:boat_one_cm":41074,"minecraft:jump":771,"minecraft:walk_on_water_one_cm":13940,"minecraft:interact_with_smoker":2,"minecraft:fall_one_cm":20420,"minecraft:inspect_dispenser":1},"minecraft:picked_up":{"minecraft:crafting_table":1,"minecraft:wheat":17,"minecraft:andesite":1,"iceandfire:copper_ore":3,"minecraft:salmon":1,"iceandfire:myrmex_desert_resin_glass":1,"minecraft:acacia_boat":1,"minecraft:lapis_lazuli":22,"minecraft:dirt":2,"evilcraft:poison_sac":3,"minecraft:bone":3,"minecraft:acacia_planks":17,"iceandfire:pixie_jar_empty":1,"minecraft:wheat_seeds":87,"minecraft:gold_nugget":210,"minecraft:beef":1,"minecraft:iron_ore":23,"minecraft:cobblestone_slab":2,"minecraft:iron_pickaxe":3,"minecraft:dark_oak_stairs":3,"minecraft:furnace":1,"artifacts:universal_attractor":1,"iceandfire:copper_nugget":8,"minecraft:dandelion":1,"minecraft:torch":3,"minecraft:oak_fence":2,"chisel:marble/raw":4,"minecraft:acacia_log":6,"iceandfire:silver_ore":1,"minecraft:redstone":4,"minecraft:slime_ball":2,"tombstone:grave_dust":3,"minecraft:stone_sword":1,"minecraft:purple_terracotta":1,"minecraft:dark_oak_planks":1,"travelersbackpack:fox":2,"minecraft:arrow":6,"minecraft:rotten_flesh":19,"minecraft:diamond":13,"minecraft:hay_block":27,"minecraft:granite":2,"minecraft:gray_wool":3,"alexsmobs:emu_egg":1,"minecraft:coal":75,"minecraft:mutton":1,"minecraft:cod":1,"minecraft:white_wool":3,"minecraft:cobblestone":109},"minecraft:dropped":{"minecraft:bread":17,"minecraft:dark_oak_stairs":3,"minecraft:wheat_seeds":71,"minecraft:stone_sword":2,"chisel:marble/raw":4,"minecraft:glass_bottle":1,"minecraft:oak_fence":2,"minecraft:rotten_flesh":17,"iceandfire:silver_ore":1,"evilcraft:poison_sac":3,"minecraft:salmon":1,"iceandfire:copper_ore":3,"evilcraft:flesh_humanoid":1,"minecraft:cobblestone_slab":2,"minecraft:gray_wool":3,"minecraft:torch":2,"iceandfire:pixie_jar_empty":1,"tombstone:grave_dust":5,"minecraft:gold_nugget":3,"minecraft:wooden_pickaxe":1,"minecraft:iron_pickaxe":2,"minecraft:dandelion":1,"minecraft:white_wool":2,"iceandfire:manuscript":2,"minecraft:bone":2},"minecraft:used":{"minecraft:wheat_seeds":16,"minecraft:acacia_boat":2,"minecraft:stone_sword":53,"minecraft:wooden_pickaxe":5,"minecraft:white_wool":1,"minecraft:torch":25,"minecraft:dirt":2,"minecraft:mutton":1,"minecraft:crafting_table":3,"minecraft:purple_terracotta":2,"iceandfire:myrmex_desert_resin_glass":1,"minecraft:wooden_axe":38,"minecraft:bread":12,"minecraft:iron_pickaxe":218,"minecraft:slime_spawn_egg":1,"evilcraft:box_of_eternal_closure":2,"minecraft:diamond_sword":72,"minecraft:cobblestone":35,"minecraft:potion":1,"minecraft:furnace":1,"tombstone:gift":3,"minecraft:spider_spawn_egg":1,"minecraft:enchanted_golden_apple":1,"minecraft:acacia_planks":4,"alexsmobs:emu_egg":1}},"DataVersion":2586}