{"stats":{"minecraft:custom":{"minecraft:mob_kills":44,"minecraft:interact_with_crafting_table":15,"minecraft:open_barrel":5,"minecraft:leave_game":2,"minecraft:time_since_death":97702,"minecraft:climb_one_cm":889,"minecraft:sprint_one_cm":216908,"minecraft:walk_one_cm":357648,"minecraft:drop":110,"minecraft:talked_to_villager":6,"minecraft:sneak_time":8265,"minecraft:deaths":5,"minecraft:walk_under_water_one_cm":5787,"minecraft:boat_one_cm":41074,"minecraft:jump":1329,"minecraft:interact_with_blast_furnace":3,"minecraft:walk_on_water_one_cm":13940,"minecraft:enchant_item":4,"minecraft:interact_with_furnace":81,"tombstone:raider_killed":3,"minecraft:play_one_minute":164245,"minecraft:time_since_rest":97645,"minecraft:damage_absorbed":134,"minecraft:damage_taken":2438,"minecraft:trigger_trapped_chest":4,"minecraft:damage_dealt":7785,"minecraft:swim_one_cm":7472,"minecraft:fly_one_cm":287165,"minecraft:open_chest":121,"minecraft:crouch_one_cm":23235,"tombstone:undead_killed":24,"minecraft:interact_with_smoker":2,"minecraft:fall_one_cm":24456,"minecraft:inspect_dispenser":1,"minecraft:horse_one_cm":2888},"minecraft:killed_by":{"iceandfire:cyclops":1,"minecraft:enderman":1,"iceandfire:sea_serpent":3},"minecraft:dropped":{"minecraft:gold_ore":4,"minecraft:bread":17,"minecraft:dark_oak_stairs":3,"minecraft:wheat_seeds":335,"minecraft:oak_log":36,"chisel:marble/raw":4,"minecraft:glass_bottle":1,"minecraft:diamond":13,"minecraft:oak_fence":6,"minecraft:cobblestone":95,"artifacts:universal_attractor":2,"minecraft:acacia_log":60,"minecraft:coal":36,"minecraft:gray_wool":3,"iceandfire:pixie_jar_empty":1,"minecraft:torch":2,"tombstone:grave_dust":5,"minecraft:iron_leggings":1,"minecraft:gold_nugget":3,"minecraft:iron_pickaxe":2,"minecraft:chipped_anvil":1,"minecraft:string":9,"minecraft:white_wool":2,"minecraft:dandelion":1,"minecraft:bone":2,"minecraft:furnace":1,"alexsmobs:acacia_blossom":4,"minecraft:stone_sword":2,"minecraft:rotten_flesh":19,"minecraft:iron_boots":1,"minecraft:oak_planks":24,"iceandfire:silver_ore":1,"evilcraft:poison_sac":3,"evilcraft:flesh_humanoid":1,"iceandfire:copper_ore":5,"minecraft:salmon":1,"minecraft:flint_and_steel":1,"minecraft:cobblestone_slab":2,"minecraft:stone":960,"minecraft:iron_chestplate":1,"minecraft:diamond_pickaxe":1,"evilcraft:ender_tear":1,"minecraft:acacia_sapling":32,"minecraft:oak_sapling":355,"minecraft:spruce_log":57,"minecraft:iron_ore":4,"minecraft:wooden_pickaxe":1,"iceandfire:manuscript":2},"minecraft:used":{"alexsmobs:emu_egg":1,"minecraft:acacia_log":67,"minecraft:stone_sword":53,"minecraft:flint_and_steel":24,"minecraft:chest":7,"minecraft:torch":27,"minecraft:dirt":4,"minecraft:mutton":1,"minecraft:anvil":1,"minecraft:carrot":78,"iceandfire:myrmex_desert_resin_glass":1,"minecraft:wooden_axe":38,"minecraft:iron_axe":666,"evilcraft:box_of_eternal_closure":2,"minecraft:slime_spawn_egg":1,"minecraft:bow":5,"minecraft:furnace":1,"tombstone:gift":3,"minecraft:potato":102,"minecraft:acacia_planks":4,"minecraft:enchanted_golden_apple":1,"minecraft:spider_spawn_egg":1,"minecraft:wheat_seeds":25,"minecraft:acacia_boat":2,"minecraft:wooden_pickaxe":5,"minecraft:white_wool":1,"minecraft:crafting_table":3,"minecraft:purple_terracotta":2,"iceandfire:silver_axe":130,"minecraft:spruce_log":401,"minecraft:oak_log":1141,"minecraft:diamond_pickaxe":334,"minecraft:bread":19,"minecraft:iron_pickaxe":247,"minecraft:spruce_sapling":121,"minecraft:diamond_sword":82,"minecraft:cobblestone":35,"minecraft:potion":1,"minecraft:bone_meal":23},"minecraft:broken":{"minecraft:iron_axe":6,"minecraft:iron_pickaxe":1,"minecraft:wooden_axe":1,"iceandfire:silver_axe":1},"minecraft:killed":{"minecraft:cave_spider":2,"minecraft:spider":1,"minecraft:slime":4,"minecraft:skeleton":8,"minecraft:drowned":1,"alexsmobs:centipede_head":1,"artifacts:mimic":1,"minecraft:creeper":2,"minecraft:pillager":3,"minecraft:zombie":15,"alexsmobs:gazelle":2,"minecraft:enderman":1,"minecraft:cow":1},"minecraft:picked_up":{"minecraft:crafting_table":1,"minecraft:iron_chestplate":1,"minecraft:wheat":22,"iceandfire:copper_ore":4,"minecraft:string":9,"evilcraft:ender_tear":1,"minecraft:flint_and_steel":1,"evilcraft:poison_sac":3,"minecraft:iron_leggings":1,"iceandfire:bestiary":1,"minecraft:gold_nugget":210,"minecraft:beef":1,"minecraft:cobblestone_slab":2,"minecraft:iron_pickaxe":3,"minecraft:chest":1,"minecraft:furnace":1,"minecraft:iron_boots":1,"minecraft:stick":220,"artifacts:universal_attractor":3,"minecraft:oak_fence":6,"minecraft:torch":6,"minecraft:acacia_log":74,"iceandfire:silver_ore":1,"tombstone:grave_dust":6,"minecraft:diorite":10,"minecraft:carrot":296,"minecraft:redstone":41,"minecraft:purple_terracotta":1,"minecraft:dark_oak_planks":1,"minecraft:stone_sword":1,"minecraft:arrow":8,"minecraft:rotten_flesh":22,"minecraft:hay_block":27,"alexsmobs:emu_egg":1,"minecraft:mutton":1,"minecraft:cod":1,"minecraft:white_wool":3,"minecraft:cobblestone":602,"minecraft:andesite":23,"minecraft:salmon":1,"alexsmobs:acacia_blossom":4,"iceandfire:myrmex_desert_resin_glass":1,"minecraft:potato":369,"minecraft:flint":1,"minecraft:oak_log":1529,"minecraft:acacia_boat":1,"minecraft:lapis_lazuli":22,"minecraft:dirt":4,"minecraft:bone":5,"minecraft:chipped_anvil":1,"minecraft:acacia_planks":17,"minecraft:apple":26,"iceandfire:pixie_jar_empty":1,"minecraft:bow":1,"minecraft:wheat_seeds":424,"minecraft:iron_ore":31,"minecraft:acacia_sapling":32,"minecraft:dark_oak_stairs":3,"iceandfire:copper_nugget":8,"chisel:marble/raw":4,"minecraft:dandelion":1,"minecraft:poisonous_potato":1,"minecraft:gravel":5,"minecraft:spruce_sapling":121,"minecraft:spruce_log":393,"minecraft:gold_ore":9,"minecraft:spider_eye":1,"travelersbackpack:fox":2,"minecraft:slime_ball":2,"minecraft:diamond":39,"minecraft:granite":2,"minecraft:gray_wool":3,"minecraft:oak_sapling":419,"minecraft:coal":87},"minecraft:mined":{"minecraft:dark_oak_planks":2,"minecraft:diamond_ore":39,"minecraft:oak_sapling":36,"iceandfire:silver_ore":1,"iceandfire:copper_pile":1,"travelersbackpack:fox":1,"minecraft:granite":13,"minecraft:acacia_log":74,"minecraft:grass_block":1,"minecraft:spruce_leaves":41,"minecraft:spawner":2,"minecraft:hay_block":28,"minecraft:redstone_ore":9,"minecraft:spruce_sapling":21,"minecraft:furnace":1,"minecraft:carrots":93,"iceandfire:copper_ore":3,"minecraft:iron_ore":30,"minecraft:fire":4,"minecraft:andesite":21,"chisel:marble/raw":4,"minecraft:dark_oak_stairs":1,"minecraft:potatoes":102,"iceandfire:gold_pile":18,"minecraft:cobblestone_slab":1,"minecraft:stone":363,"minecraft:white_wool":3,"iceandfire:pixie_jar_empty":1,"minecraft:smoker":1,"minecraft:oak_fence":1,"iceandfire:myrmex_desert_resin_glass":1,"minecraft:crafting_table":1,"minecraft:torch":5,"minecraft:chest":1,"minecraft:tall_grass":5,"minecraft:cobblestone":4,"minecraft:lapis_ore":3,"minecraft:diorite":9,"minecraft:wall_torch":1,"minecraft:wheat":24,"minecraft:spruce_log":402,"minecraft:tnt":1,"minecraft:grass":46,"minecraft:oak_log":1620,"minecraft:coal_ore":60,"minecraft:gravel":6,"minecraft:dirt":2,"minecraft:acacia_planks":4,"minecraft:gold_ore":9,"minecraft:chipped_anvil":1,"minecraft:oak_leaves":125},"minecraft:crafted":{"minecraft:furnace":1,"minecraft:stone":960,"minecraft:iron_boots":1,"minecraft:chest":2,"iceandfire:silver_axe":1,"minecraft:air":514,"minecraft:diamond_pickaxe":2,"minecraft:stick":4,"minecraft:iron_ingot":21,"minecraft:stone_sword":1,"minecraft:iron_leggings":1,"minecraft:gold_ingot":23}},"DataVersion":2586}