{"stats":{"minecraft:used":{"minecraft:wooden_axe":1,"minecraft:dirt":14,"minecraft:crafting_table":1,"alexsmobs:animal_dictionary":1},"minecraft:picked_up":{"minecraft:crafting_table":1,"minecraft:oak_log":10,"minecraft:dirt":14,"alexsmobs:animal_dictionary":1},"minecraft:crafted":{"minecraft:wooden_sword":1,"minecraft:oak_planks":40,"minecraft:crafting_table":1,"minecraft:stick":8,"minecraft:wooden_pickaxe":1,"minecraft:oak_stairs":4,"minecraft:wooden_axe":1},"minecraft:mined":{"minecraft:grass":1,"minecraft:oak_log":9,"minecraft:dirt":3,"minecraft:tall_grass":2,"minecraft:birch_leaves":1,"minecraft:oak_leaves":1,"minecraft:crafting_table":1},"minecraft:custom":{"minecraft:time_since_rest":3089,"minecraft:damage_taken":510,"minecraft:play_one_minute":24792,"minecraft:crouch_one_cm":2181,"minecraft:sprint_one_cm":16195,"minecraft:walk_one_cm":9064,"minecraft:deaths":2,"minecraft:sneak_time":886,"minecraft:walk_under_water_one_cm":960,"minecraft:mob_kills":1,"minecraft:drop":2,"minecraft:jump":154,"minecraft:damage_dealt":253,"minecraft:leave_game":1,"minecraft:time_since_death":3053,"minecraft:walk_on_water_one_cm":771,"minecraft:swim_one_cm":6254,"minecraft:interact_with_crafting_table":3,"minecraft:fly_one_cm":30658,"minecraft:fall_one_cm":4454},"minecraft:killed_by":{"minecraft:skeleton":1,"minecraft:creeper":1},"minecraft:dropped":{"minecraft:oak_stairs":4,"alexsmobs:animal_dictionary":1},"minecraft:killed":{"minecraft:spider":1}},"DataVersion":2586}