{"stats":{"minecraft:killed_by":{"minecraft:zombie":1},"minecraft:custom":{"minecraft:jump":12,"minecraft:time_since_rest":806,"minecraft:leave_game":1,"minecraft:play_one_minute":1808,"minecraft:deaths":1,"minecraft:damage_taken":250,"minecraft:sprint_one_cm":1533,"minecraft:walk_on_water_one_cm":255,"minecraft:time_since_death":775,"minecraft:walk_one_cm":879,"minecraft:walk_under_water_one_cm":2659,"minecraft:swim_one_cm":751,"minecraft:fall_one_cm":685,"minecraft:fly_one_cm":6894}},"DataVersion":2586}