{"stats":{"minecraft:used":{"minecraft:stone_sword":8,"minecraft:stone_pickaxe":2,"minecraft:wooden_pickaxe":22,"minecraft:stone_axe":34,"minecraft:dirt":2,"minecraft:mutton":5,"minecraft:crafting_table":1},"minecraft:picked_up":{"minecraft:birch_log":19,"minecraft:stick":7,"minecraft:crafting_table":2,"minecraft:wooden_pickaxe":1,"minecraft:birch_planks":28,"minecraft:oak_log":30,"alexsmobs:animal_dictionary":1,"minecraft:dirt":60,"minecraft:stone_sword":1,"minecraft:bone":3,"minecraft:arrow":8,"minecraft:rotten_flesh":6,"minecraft:stone_axe":1,"minecraft:stone_pickaxe":1,"minecraft:gray_wool":2,"minecraft:mutton":9,"minecraft:oak_planks":19,"minecraft:white_wool":6,"minecraft:cobblestone":17},"minecraft:mined":{"minecraft:birch_log":13,"minecraft:birch_leaves":1,"minecraft:crafting_table":1,"minecraft:grass":2,"minecraft:grass_block":4,"minecraft:oak_log":19,"minecraft:dirt":6,"minecraft:stone":16,"minecraft:oak_leaves":3},"minecraft:crafted":{"minecraft:oak_planks":32,"minecraft:crafting_table":1,"minecraft:stick":12,"minecraft:wooden_pickaxe":1,"minecraft:stone_pickaxe":2,"minecraft:stone_sword":1,"minecraft:birch_planks":28,"minecraft:stone_axe":2},"minecraft:custom":{"minecraft:time_since_rest":958,"minecraft:sprint_one_cm":30696,"minecraft:damage_taken":750,"minecraft:walk_one_cm":71412,"minecraft:mob_kills":9,"minecraft:drop":3,"minecraft:damage_dealt":1009,"minecraft:interact_with_crafting_table":3,"minecraft:fly_one_cm":30500,"minecraft:crouch_one_cm":1423,"minecraft:play_one_minute":15221,"minecraft:deaths":1,"minecraft:sneak_time":325,"minecraft:jump":256,"minecraft:leave_game":2,"minecraft:walk_on_water_one_cm":1880,"minecraft:time_since_death":925,"minecraft:fall_one_cm":4286},"minecraft:killed_by":{"minecraft:creeper":1},"minecraft:dropped":{"minecraft:stone_axe":1,"minecraft:cobblestone":1,"minecraft:stone_pickaxe":1},"minecraft:killed":{"minecraft:skeleton":2,"minecraft:sheep":3,"minecraft:zombie":2}},"DataVersion":2586}