{"stats":{"minecraft:used":{"minecraft:mutton":3},"minecraft:picked_up":{"minecraft:bone":1,"minecraft:arrow":2,"minecraft:oak_log":8,"minecraft:mutton":3,"minecraft:white_wool":2,"minecraft:dirt":14},"minecraft:crafted":{"minecraft:oak_planks":8},"minecraft:mined":{"minecraft:grass":2,"minecraft:oak_log":8,"minecraft:oak_leaves":1},"minecraft:custom":{"minecraft:time_since_rest":5209,"minecraft:play_one_minute":5209,"minecraft:crouch_one_cm":524,"minecraft:sprint_one_cm":16616,"minecraft:damage_taken":190,"minecraft:walk_one_cm":20820,"minecraft:sneak_time":214,"minecraft:mob_kills":3,"minecraft:jump":61,"minecraft:damage_dealt":283,"minecraft:leave_game":1,"minecraft:time_since_death":5209,"minecraft:walk_on_water_one_cm":165,"minecraft:fall_one_cm":1463,"minecraft:fly_one_cm":14261},"minecraft:killed":{"minecraft:sheep":1}},"DataVersion":2586}